fecha,abstracciones_Mm3_dia,abstracciones_L_s,evaluable
1981-01-01,,,no
1981-01-02,0.075562,874.6,si
1981-01-03,0.073641,852.3,si
1981-01-04,0.047214,546.5,si
1981-01-05,0.022558,261.1,si
1981-01-06,0.039456,456.7,si
1981-01-07,0.056990,659.6,si
1981-01-08,0.099480,1151.4,si
1981-01-09,0.071903,832.2,si
1981-01-10,0.105012,1215.4,si
1981-01-11,0.158477,1834.2,si
1981-01-12,0.119802,1386.6,si
1981-01-13,0.085170,985.8,si
1981-01-14,0.046295,535.8,si
1981-01-15,0.053425,618.3,si
1981-01-16,0.088581,1025.2,si
1981-01-17,0.084862,982.2,si
1981-01-18,0.112154,1298.1,si
1981-01-19,0.053478,619.0,si
1981-01-20,0.132882,1538.0,si
1981-01-21,0.140760,1629.2,si
1981-01-22,0.041129,476.0,si
1981-01-23,0.027524,318.6,si
1981-01-24,0.055657,644.2,si
1981-01-25,0.082406,953.8,si
1981-01-26,0.100825,1167.0,si
1981-01-27,0.023864,276.2,si
1981-01-28,0.047256,546.9,si
1981-01-29,0.051439,595.4,si
1981-01-30,0.067999,787.0,si
1981-01-31,0.100756,1166.2,si
1981-02-01,0.131210,1518.6,si
1981-02-02,0.079589,921.2,si
1981-02-03,0.050690,586.7,si
1981-02-04,0.059714,691.1,si
1981-02-05,0.103319,1195.8,si
1981-02-06,0.114241,1322.2,si
1981-02-07,0.068436,792.1,si
1981-02-08,0.123806,1432.9,si
1981-02-09,0.056329,652.0,si
1981-02-10,0.103413,1196.9,si
1981-02-11,0.020013,231.6,si
1981-02-12,-0.017410,-201.5,si
1981-02-13,0.047858,553.9,si
1981-02-14,0.109934,1272.4,si
1981-02-15,0.114445,1324.6,si
1981-02-16,0.287445,3326.9,si
1981-02-17,0.055000,636.6,si
1981-02-18,0.031924,369.5,si
1981-02-19,0.019602,226.9,si
1981-02-20,0.037132,429.8,si
1981-02-21,0.180034,2083.7,si
1981-02-22,0.083132,962.2,si
1981-02-23,0.013007,150.5,si
1981-02-24,1.172084,13565.8,si
1981-02-25,0.158548,1835.0,si
1981-02-26,0.126681,1466.2,si
1981-02-27,0.286407,3314.9,si
1981-02-28,0.084668,980.0,si
1981-03-01,0.207333,2399.7,si
1981-03-02,0.085284,987.1,si
1981-03-03,-0.117815,-1363.6,si
1981-03-04,-0.047732,-552.5,si
1981-03-05,0.093211,1078.8,si
1981-03-06,0.293493,3396.9,si
1981-03-07,-0.000533,-6.2,si
1981-03-08,0.041455,479.8,si
1981-03-09,-0.075553,-874.5,si
1981-03-10,-0.030485,-352.8,si
1981-03-11,-0.045865,-530.8,si
1981-03-12,0.063078,730.1,si
1981-03-13,-0.015888,-183.9,si
1981-03-14,0.388780,4499.8,si
1981-03-15,-0.001468,-17.0,si
1981-03-16,-0.133465,-1544.7,si
1981-03-17,-0.052720,-610.2,si
1981-03-18,-0.047480,-549.5,si
1981-03-19,-0.066949,-774.9,si
1981-03-20,-0.135805,-1571.8,si
1981-03-21,-0.119985,-1388.7,si
1981-03-22,-0.132884,-1538.0,si
1981-03-23,-0.083074,-961.5,si
1981-03-24,-0.096048,-1111.7,si
1981-03-25,-0.151397,-1752.3,si
1981-03-26,-0.024816,-287.2,si
1981-03-27,-0.107089,-1239.5,si
1981-03-28,-0.126462,-1463.7,si
1981-03-29,-0.121313,-1404.1,si
1981-03-30,-0.014727,-170.5,si
1981-03-31,-0.021207,-245.5,si
1981-04-01,-0.090140,-1043.3,si
1981-04-02,-0.724489,-8385.3,si
1981-04-03,-0.643449,-7447.3,si
1981-04-04,-0.493802,-5715.3,si
1981-04-05,-0.356725,-4128.8,si
1981-04-06,-0.610113,-7061.5,si
1981-04-07,-0.132811,-1537.2,si
1981-04-08,0.568226,6576.7,si
1981-04-09,-0.500003,-5787.1,si
1981-04-10,-0.645600,-7472.2,si
1981-04-11,-0.543906,-6295.2,si
1981-04-12,-0.328333,-3800.2,si
1981-04-13,-0.563772,-6525.1,si
1981-04-14,0.605520,7008.3,si
1981-04-15,-0.280882,-3250.9,si
1981-04-16,1.847482,21382.9,si
1981-04-17,1.253489,14508.0,si
1981-04-18,1.468805,17000.1,si
1981-04-19,1.023367,11844.5,si
1981-04-20,0.238600,2761.6,si
1981-04-21,-0.092263,-1067.9,si
1981-04-22,0.666473,7713.8,si
1981-04-23,-0.003522,-40.8,si
1981-04-24,-0.243063,-2813.2,si
1981-04-25,0.148523,1719.0,si
1981-04-26,-0.264526,-3061.6,si
1981-04-27,-0.136987,-1585.5,si
1981-04-28,-0.328597,-3803.2,si
1981-04-29,-0.257552,-2980.9,si
1981-04-30,-0.073390,-849.4,si
1981-05-01,-0.000250,-2.9,si
1981-05-02,0.345109,3994.3,si
1981-05-03,0.154360,1786.6,si
1981-05-04,-0.188154,-2177.7,si
1981-05-05,2.232207,25835.7,si
1981-05-06,0.467693,5413.1,si
1981-05-07,0.452484,5237.1,si
1981-05-08,0.203565,2356.1,si
1981-05-09,0.607663,7033.1,si
1981-05-10,0.484294,5605.2,si
1981-05-11,0.043740,506.3,si
1981-05-12,0.502692,5818.2,si
1981-05-13,-0.050233,-581.4,si
1981-05-14,-0.121526,-1406.6,si
1981-05-15,0.147804,1710.7,si
1981-05-16,-0.168755,-1953.2,si
1981-05-17,-0.159481,-1845.8,si
1981-05-18,0.224739,2601.1,si
1981-05-19,-0.219763,-2543.6,si
1981-05-20,-0.196871,-2278.6,si
1981-05-21,-0.319188,-3694.3,si
1981-05-22,0.019729,228.3,si
1981-05-23,-0.332105,-3843.8,si
1981-05-24,-0.338924,-3922.7,si
1981-05-25,-0.233975,-2708.0,si
1981-05-26,-0.295383,-3418.8,si
1981-05-27,-0.289673,-3352.7,si
1981-05-28,-0.285025,-3298.9,si
1981-05-29,-0.390628,-4521.2,si
1981-05-30,0.449733,5205.2,si
1981-05-31,0.668243,7734.3,si
1981-06-01,1.035090,11980.2,si
1981-06-02,0.805169,9319.1,si
1981-06-03,0.215732,2496.9,si
1981-06-04,0.115208,1333.4,si
1981-06-05,-0.015233,-176.3,si
1981-06-06,-0.041990,-486.0,si
1981-06-07,-0.005641,-65.3,si
1981-06-08,0.259274,3000.9,si
1981-06-09,-0.092742,-1073.4,si
1981-06-10,0.164133,1899.7,si
1981-06-11,0.107156,1240.2,si
1981-06-12,-0.013901,-160.9,si
1981-06-13,0.443224,5129.9,si
1981-06-14,-0.065499,-758.1,si
1981-06-15,0.062281,720.9,si
1981-06-16,0.353688,4093.6,si
1981-06-17,0.061192,708.2,si
1981-06-18,0.020949,242.5,si
1981-06-19,-0.091944,-1064.2,si
1981-06-20,-0.052989,-613.3,si
1981-06-21,-0.190854,-2209.0,si
1981-06-22,0.191859,2220.6,si
1981-06-23,0.077643,898.6,si
1981-06-24,-0.176717,-2045.3,si
1981-06-25,-0.153380,-1775.2,si
1981-06-26,0.264235,3058.3,si
1981-06-27,0.301799,3493.0,si
1981-06-28,0.262114,3033.7,si
1981-06-29,-0.039076,-452.3,si
1981-06-30,0.719792,8330.9,si
1981-07-01,-0.000770,-8.9,si
1981-07-02,0.189750,2196.2,si
1981-07-03,0.305452,3535.3,si
1981-07-04,0.244275,2827.3,si
1981-07-05,0.938503,10862.3,si
1981-07-06,0.629283,7283.4,si
1981-07-07,0.352402,4078.7,si
1981-07-08,0.592776,6860.8,si
1981-07-09,0.377421,4368.3,si
1981-07-10,0.343752,3978.6,si
1981-07-11,0.331768,3839.9,si
1981-07-12,0.115492,1336.7,si
1981-07-13,0.479079,5544.9,si
1981-07-14,0.431064,4989.2,si
1981-07-15,0.132483,1533.4,si
1981-07-16,0.312613,3618.2,si
1981-07-17,0.590206,6831.1,si
1981-07-18,0.370330,4286.2,si
1981-07-19,1.673674,19371.2,si
1981-07-20,1.162343,13453.0,si
1981-07-21,0.569419,6590.5,si
1981-07-22,0.294381,3407.2,si
1981-07-23,0.237433,2748.1,si
1981-07-24,0.142169,1645.5,si
1981-07-25,0.104443,1208.8,si
1981-07-26,0.206198,2386.6,si
1981-07-27,0.031888,369.1,si
1981-07-28,0.157493,1822.8,si
1981-07-29,0.138711,1605.4,si
1981-07-30,0.059302,686.4,si
1981-07-31,0.350685,4058.9,si
1981-08-01,0.209591,2425.8,si
1981-08-02,0.046745,541.0,si
1981-08-03,-0.002462,-28.5,si
1981-08-04,-0.095035,-1099.9,si
1981-08-05,0.187161,2166.2,si
1981-08-06,0.006867,79.5,si
1981-08-07,-0.050226,-581.3,si
1981-08-08,-0.039588,-458.2,si
1981-08-09,-0.016296,-188.6,si
1981-08-10,0.010850,125.6,si
1981-08-11,-0.018819,-217.8,si
1981-08-12,0.260776,3018.2,si
1981-08-13,0.263853,3053.9,si
1981-08-14,0.040363,467.2,si
1981-08-15,-0.050164,-580.6,si
1981-08-16,0.536130,6205.2,si
1981-08-17,-0.057456,-665.0,si
1981-08-18,0.218937,2534.0,si
1981-08-19,0.044123,510.7,si
1981-08-20,-0.013560,-156.9,si
1981-08-21,0.060035,694.9,si
1981-08-22,0.129674,1500.9,si
1981-08-23,1.232475,14264.8,si
1981-08-24,0.764549,8849.0,si
1981-08-25,0.497893,5762.7,si
1981-08-26,0.496570,5747.3,si
1981-08-27,0.149669,1732.3,si
1981-08-28,0.070894,820.5,si
1981-08-29,0.257653,2982.1,si
1981-08-30,0.039939,462.3,si
1981-08-31,0.373441,4322.2,si
1981-09-01,0.213517,2471.3,si
1981-09-02,0.107905,1248.9,si
1981-09-03,0.001905,22.0,si
1981-09-04,0.150527,1742.2,si
1981-09-05,0.327549,3791.1,si
1981-09-06,0.694996,8043.9,si
1981-09-07,0.172137,1992.3,si
1981-09-08,0.047052,544.6,si
1981-09-09,0.412393,4773.1,si
1981-09-10,0.512386,5930.4,si
1981-09-11,0.231679,2681.5,si
1981-09-12,0.172428,1995.7,si
1981-09-13,-0.000350,-4.1,si
1981-09-14,0.077469,896.6,si
1981-09-15,0.579226,6704.0,si
1981-09-16,0.418946,4848.9,si
1981-09-17,0.220451,2551.5,si
1981-09-18,0.721657,8352.5,si
1981-09-19,0.282848,3273.7,si
1981-09-20,0.235084,2720.9,si
1981-09-21,0.094356,1092.1,si
1981-09-22,0.060380,698.8,si
1981-09-23,1.142760,13226.4,si
1981-09-24,0.447108,5174.9,si
1981-09-25,0.217887,2521.8,si
1981-09-26,0.156848,1815.4,si
1981-09-27,0.055054,637.2,si
1981-09-28,0.085119,985.2,si
1981-09-29,-0.010301,-119.2,si
1981-09-30,0.321457,3720.6,si
1981-10-01,-0.027564,-319.0,si
1981-10-02,0.016746,193.8,si
1981-10-03,0.105831,1224.9,si
1981-10-04,0.223325,2584.8,si
1981-10-05,0.017133,198.3,si
1981-10-06,0.001803,20.9,si
1981-10-07,0.059799,692.1,si
1981-10-08,0.014942,172.9,si
1981-10-09,0.756229,8752.7,si
1981-10-10,0.132098,1528.9,si
1981-10-11,0.595947,6897.5,si
1981-10-12,0.457264,5292.4,si
1981-10-13,0.243323,2816.2,si
1981-10-14,2.345619,27148.4,si
1981-10-15,0.836864,9685.9,si
1981-10-16,1.178076,13635.1,si
1981-10-17,0.595361,6890.7,si
1981-10-18,0.427282,4945.4,si
1981-10-19,0.235136,2721.5,si
1981-10-20,0.182159,2108.3,si
1981-10-21,0.420214,4863.6,si
1981-10-22,0.199432,2308.2,si
1981-10-23,0.127392,1474.4,si
1981-10-24,0.068703,795.2,si
1981-10-25,0.069902,809.0,si
1981-10-26,0.072789,842.5,si
1981-10-27,0.120072,1389.7,si
1981-10-28,0.012970,150.1,si
1981-10-29,0.063813,738.6,si
1981-10-30,-0.021974,-254.3,si
1981-10-31,0.940150,10881.4,si
1981-11-01,0.217349,2515.6,si
1981-11-02,0.606663,7021.6,si
1981-11-03,0.336782,3897.9,si
1981-11-04,0.448320,5188.9,si
1981-11-05,0.268497,3107.6,si
1981-11-06,0.235144,2721.6,si
1981-11-07,0.293927,3401.9,si
1981-11-08,0.247001,2858.8,si
1981-11-09,0.166950,1932.3,si
1981-11-10,0.248390,2874.9,si
1981-11-11,0.765161,8856.0,si
1981-11-12,0.418186,4840.1,si
1981-11-13,0.332381,3847.0,si
1981-11-14,0.222829,2579.0,si
1981-11-15,0.171582,1985.9,si
1981-11-16,0.168257,1947.4,si
1981-11-17,0.145531,1684.4,si
1981-11-18,0.235677,2727.7,si
1981-11-19,0.340488,3940.8,si
1981-11-20,0.166097,1922.4,si
1981-11-21,0.216329,2503.8,si
1981-11-22,0.268423,3106.7,si
1981-11-23,0.192809,2231.6,si
1981-11-24,0.187620,2171.5,si
1981-11-25,0.123183,1425.7,si
1981-11-26,0.211229,2444.8,si
1981-11-27,0.140185,1622.5,si
1981-11-28,0.171319,1982.9,si
1981-11-29,0.209475,2424.5,si
1981-11-30,0.112485,1301.9,si
1981-12-01,0.124940,1446.1,si
1981-12-02,0.057578,666.4,si
1981-12-03,-0.017624,-204.0,si
1981-12-04,0.028680,332.0,si
1981-12-05,0.002805,32.5,si
1981-12-06,-0.006175,-71.5,si
1981-12-07,0.028472,329.5,si
1981-12-08,0.027041,313.0,si
1981-12-09,0.003256,37.7,si
1981-12-10,0.013106,151.7,si
1981-12-11,0.032185,372.5,si
1981-12-12,0.093287,1079.7,si
1981-12-13,0.055302,640.1,si
1981-12-14,0.052584,608.6,si
1981-12-15,0.028980,335.4,si
1981-12-16,-0.004148,-48.0,si
1981-12-17,-0.002826,-32.7,si
1981-12-18,0.050706,586.9,si
1981-12-19,-0.035776,-414.1,si
1981-12-20,-0.062907,-728.1,si
1981-12-21,-0.015112,-174.9,si
1981-12-22,-0.014669,-169.8,si
1981-12-23,-0.032123,-371.8,si
1981-12-24,-0.047178,-546.0,si
1981-12-25,-0.056806,-657.5,si
1981-12-26,0.011295,130.7,si
1981-12-27,0.044319,512.9,si
1981-12-28,0.012989,150.3,si
1981-12-29,0.091207,1055.6,si
1981-12-30,0.142809,1652.9,si
1981-12-31,0.510412,5907.5,si
1982-01-01,0.134994,1562.4,si
1982-01-02,0.185867,2151.2,si
1982-01-03,0.049845,576.9,si
1982-01-04,0.684947,7927.6,si
1982-01-05,0.248415,2875.2,si
1982-01-06,0.800442,9264.4,si
1982-01-07,0.363741,4210.0,si
1982-01-08,0.200711,2323.0,si
1982-01-09,0.150627,1743.4,si
1982-01-10,0.163974,1897.9,si
1982-01-11,0.131605,1523.2,si
1982-01-12,0.101594,1175.9,si
1982-01-13,0.086959,1006.5,si
1982-01-14,0.066585,770.7,si
1982-01-15,0.066621,771.1,si
1982-01-16,0.094285,1091.3,si
1982-01-17,0.084715,980.5,si
1982-01-18,0.107831,1248.0,si
1982-01-19,0.044242,512.1,si
1982-01-20,0.120191,1391.1,si
1982-01-21,0.126008,1458.4,si
1982-01-22,0.023743,274.8,si
1982-01-23,0.007689,89.0,si
1982-01-24,0.034641,400.9,si
1982-01-25,0.056955,659.2,si
1982-01-26,0.080629,933.2,si
1982-01-27,-0.006369,-73.7,si
1982-01-28,0.016504,191.0,si
1982-01-29,0.018090,209.4,si
1982-01-30,0.033313,385.6,si
1982-01-31,0.063676,737.0,si
1982-02-01,0.091841,1063.0,si
1982-02-02,0.147150,1703.1,si
1982-02-03,0.077066,892.0,si
1982-02-04,0.089575,1036.7,si
1982-02-05,0.128892,1491.8,si
1982-02-06,0.142073,1644.4,si
1982-02-07,0.109604,1268.6,si
1982-02-08,0.148802,1722.2,si
1982-02-09,0.080724,934.3,si
1982-02-10,0.128087,1482.5,si
1982-02-11,0.051340,594.2,si
1982-02-12,0.015603,180.6,si
1982-02-13,0.113696,1315.9,si
1982-02-14,0.499111,5776.7,si
1982-02-15,0.610971,7071.4,si
1982-02-16,0.251007,2905.2,si
1982-02-17,0.405166,4689.4,si
1982-02-18,0.086489,1001.0,si
1982-02-19,0.208204,2409.8,si
1982-02-20,0.099082,1146.8,si
1982-02-21,0.128313,1485.1,si
1982-02-22,0.132350,1531.8,si
1982-02-23,0.047957,555.1,si
1982-02-24,0.121490,1406.1,si
1982-02-25,0.039939,462.3,si
1982-02-26,0.082361,953.3,si
1982-02-27,0.105184,1217.4,si
1982-02-28,0.062850,727.4,si
1982-03-01,0.087737,1015.5,si
1982-03-02,0.154567,1789.0,si
1982-03-03,-0.210741,-2439.1,si
1982-03-04,-0.115629,-1338.3,si
1982-03-05,-0.123315,-1427.3,si
1982-03-06,-0.121201,-1402.8,si
1982-03-07,-0.087097,-1008.1,si
1982-03-08,-0.088960,-1029.6,si
1982-03-09,-0.191468,-2216.1,si
1982-03-10,-0.106372,-1231.2,si
1982-03-11,-0.120552,-1395.3,si
1982-03-12,-0.010794,-124.9,si
1982-03-13,-0.088700,-1026.6,si
1982-03-14,0.040958,474.0,si
1982-03-15,0.098390,1138.8,si
1982-03-16,-0.089451,-1035.3,si
1982-03-17,-0.063150,-730.9,si
1982-03-18,0.162490,1880.7,si
1982-03-19,0.446127,5163.5,si
1982-03-20,0.546045,6320.0,si
1982-03-21,-0.079935,-925.2,si
1982-03-22,-0.110139,-1274.8,si
1982-03-23,0.275000,3182.9,si
1982-03-24,0.139981,1620.2,si
1982-03-25,0.373364,4321.3,si
1982-03-26,0.250979,2904.8,si
1982-03-27,0.017329,200.6,si
1982-03-28,-0.081330,-941.3,si
1982-03-29,-0.092616,-1071.9,si
1982-03-30,0.005868,67.9,si
1982-03-31,-0.006809,-78.8,si
1982-04-01,-0.050610,-585.8,si
1982-04-02,-0.270571,-3131.6,si
1982-04-03,0.509231,5893.9,si
1982-04-04,-0.207053,-2396.4,si
1982-04-05,-0.144826,-1676.2,si
1982-04-06,0.874718,10124.0,si
1982-04-07,0.380370,4402.4,si
1982-04-08,0.442548,5122.1,si
1982-04-09,-0.078388,-907.3,si
1982-04-10,-0.322335,-3730.7,si
1982-04-11,-0.262575,-3039.1,si
1982-04-12,0.118434,1370.8,si
1982-04-13,-0.017548,-203.1,si
1982-04-14,0.149834,1734.2,si
1982-04-15,-0.269738,-3122.0,si
1982-04-16,0.050668,586.4,si
1982-04-17,0.031200,361.1,si
1982-04-18,0.479658,5551.6,si
1982-04-19,-0.125714,-1455.0,si
1982-04-20,-0.204298,-2364.6,si
1982-04-21,-0.204347,-2365.1,si
1982-04-22,0.131487,1521.8,si
1982-04-23,0.202385,2342.4,si
1982-04-24,-0.267451,-3095.5,si
1982-04-25,-0.238333,-2758.5,si
1982-04-26,-0.128407,-1486.2,si
1982-04-27,-0.169026,-1956.3,si
1982-04-28,0.615661,7125.7,si
1982-04-29,0.338077,3912.9,si
1982-04-30,1.110213,12849.7,si
1982-05-01,1.843003,21331.1,si
1982-05-02,0.876619,10146.0,si
1982-05-03,0.309045,3576.9,si
1982-05-04,0.095640,1106.9,si
1982-05-05,0.026550,307.3,si
1982-05-06,-0.122273,-1415.2,si
1982-05-07,0.768506,8894.7,si
1982-05-08,0.424413,4912.2,si
1982-05-09,0.076755,888.4,si
1982-05-10,-0.057821,-669.2,si
1982-05-11,-0.153050,-1771.4,si
1982-05-12,-0.269797,-3122.7,si
1982-05-13,-0.265966,-3078.3,si
1982-05-14,0.126543,1464.6,si
1982-05-15,-0.290158,-3358.3,si
1982-05-16,-0.202573,-2344.6,si
1982-05-17,-0.236231,-2734.2,si
1982-05-18,-0.249655,-2889.5,si
1982-05-19,-0.139342,-1612.8,si
1982-05-20,0.057162,661.6,si
1982-05-21,-0.270054,-3125.6,si
1982-05-22,-0.374115,-4330.0,si
1982-05-23,-0.342445,-3963.5,si
1982-05-24,0.513505,5943.3,si
1982-05-25,-0.107520,-1244.4,si
1982-05-26,-0.125220,-1449.3,si
1982-05-27,1.216377,14078.4,si
1982-05-28,0.673797,7798.6,si
1982-05-29,0.461242,5338.5,si
1982-05-30,0.164649,1905.7,si
1982-05-31,0.589896,6827.5,si
1982-06-01,0.322159,3728.7,si
1982-06-02,0.156129,1807.1,si
1982-06-03,-0.067038,-775.9,si
1982-06-04,-0.057400,-664.4,si
1982-06-05,-0.129691,-1501.1,si
1982-06-06,-0.137068,-1586.4,si
1982-06-07,-0.215012,-2488.6,si
1982-06-08,-0.195016,-2257.1,si
1982-06-09,-0.170725,-1976.0,si
1982-06-10,-0.213787,-2474.4,si
1982-06-11,-0.190691,-2207.1,si
1982-06-12,-0.151063,-1748.4,si
1982-06-13,-0.241594,-2796.2,si
1982-06-14,-0.296823,-3435.5,si
1982-06-15,-0.200150,-2316.6,si
1982-06-16,0.504411,5838.1,si
1982-06-17,0.342797,3967.6,si
1982-06-18,0.319976,3703.4,si
1982-06-19,-0.120989,-1400.3,si
1982-06-20,-0.095068,-1100.3,si
1982-06-21,0.070480,815.7,si
1982-06-22,-0.067805,-784.8,si
1982-06-23,-0.189750,-2196.2,si
1982-06-24,-0.254600,-2946.8,si
1982-06-25,-0.237725,-2751.5,si
1982-06-26,0.020183,233.6,si
1982-06-27,-0.166200,-1923.6,si
1982-06-28,-0.317272,-3672.1,si
1982-06-29,0.222653,2577.0,si
1982-06-30,0.999068,11563.3,si
1982-07-01,0.973629,11268.9,si
1982-07-02,0.988390,11439.7,si
1982-07-03,0.418986,4849.4,si
1982-07-04,0.229964,2661.6,si
1982-07-05,0.109763,1270.4,si
1982-07-06,-0.015145,-175.3,si
1982-07-07,-0.044143,-510.9,si
1982-07-08,-0.190333,-2202.9,si
1982-07-09,-0.170818,-1977.1,si
1982-07-10,0.113679,1315.7,si
1982-07-11,-0.080212,-928.4,si
1982-07-12,0.142913,1654.1,si
1982-07-13,-0.066499,-769.7,si
1982-07-14,-0.130382,-1509.1,si
1982-07-15,-0.236502,-2737.3,si
1982-07-16,0.103453,1197.4,si
1982-07-17,-0.205874,-2382.8,si
1982-07-18,0.228521,2644.9,si
1982-07-19,0.037720,436.6,si
1982-07-20,-0.161464,-1868.8,si
1982-07-21,-0.075442,-873.2,si
1982-07-22,0.446013,5162.2,si
1982-07-23,-0.061305,-709.5,si
1982-07-24,-0.194026,-2245.7,si
1982-07-25,0.242996,2812.5,si
1982-07-26,0.311286,3602.8,si
1982-07-27,-0.049770,-576.0,si
1982-07-28,-0.111384,-1289.2,si
1982-07-29,0.485503,5619.2,si
1982-07-30,0.292253,3382.6,si
1982-07-31,-0.083068,-961.4,si
1982-08-01,-0.002775,-32.1,si
1982-08-02,0.223531,2587.2,si
1982-08-03,-0.054158,-626.8,si
1982-08-04,-0.126521,-1464.4,si
1982-08-05,-0.035307,-408.6,si
1982-08-06,0.061254,709.0,si
1982-08-07,0.024032,278.1,si
1982-08-08,-0.170514,-1973.5,si
1982-08-09,0.069124,800.0,si
1982-08-10,-0.069771,-807.5,si
1982-08-11,-0.042154,-487.9,si
1982-08-12,0.384720,4452.8,si
1982-08-13,0.522422,6046.5,si
1982-08-14,0.517784,5992.9,si
1982-08-15,1.662390,19240.6,si
1982-08-16,1.298500,15028.9,si
1982-08-17,0.427382,4946.6,si
1982-08-18,0.318534,3686.7,si
1982-08-19,0.228803,2648.2,si
1982-08-20,0.149891,1734.9,si
1982-08-21,0.081062,938.2,si
1982-08-22,0.498785,5773.0,si
1982-08-23,-0.003911,-45.3,si
1982-08-24,0.055629,643.9,si
1982-08-25,-0.003717,-43.0,si
1982-08-26,-0.059807,-692.2,si
1982-08-27,0.041158,476.4,si
1982-08-28,0.073491,850.6,si
1982-08-29,-0.047065,-544.7,si
1982-08-30,-0.076093,-880.7,si
1982-08-31,0.081163,939.4,si
1982-09-01,-0.109328,-1265.4,si
1982-09-02,-0.034905,-404.0,si
1982-09-03,0.144493,1672.4,si
1982-09-04,0.296823,3435.4,si
1982-09-05,0.271208,3139.0,si
1982-09-06,0.045526,526.9,si
1982-09-07,-0.024742,-286.4,si
1982-09-08,-0.075798,-877.3,si
1982-09-09,-0.058662,-679.0,si
1982-09-10,1.030854,11931.2,si
1982-09-11,0.396034,4583.7,si
1982-09-12,0.185343,2145.2,si
1982-09-13,0.049442,572.2,si
1982-09-14,0.352144,4075.7,si
1982-09-15,0.109030,1261.9,si
1982-09-16,0.100420,1162.3,si
1982-09-17,0.087583,1013.7,si
1982-09-18,0.001851,21.4,si
1982-09-19,0.011765,136.2,si
1982-09-20,0.000883,10.2,si
1982-09-21,0.015981,185.0,si
1982-09-22,0.010422,120.6,si
1982-09-23,0.121321,1404.2,si
1982-09-24,0.081879,947.7,si
1982-09-25,0.202506,2343.8,si
1982-09-26,0.503362,5826.0,si
1982-09-27,0.190445,2204.2,si
1982-09-28,0.286609,3317.2,si
1982-09-29,0.161312,1867.0,si
1982-09-30,0.202213,2340.4,si
1982-10-01,-0.016663,-192.9,si
1982-10-02,0.017199,199.1,si
1982-10-03,-0.040887,-473.2,si
1982-10-04,-0.046618,-539.6,si
1982-10-05,0.054894,635.3,si
1982-10-06,-0.018192,-210.6,si
1982-10-07,-0.056696,-656.2,si
1982-10-08,0.010479,121.3,si
1982-10-09,0.575005,6655.2,si
1982-10-10,0.903652,10458.9,si
1982-10-11,0.289237,3347.6,si
1982-10-12,0.153402,1775.5,si
1982-10-13,0.302145,3497.0,si
1982-10-14,0.204392,2365.7,si
1982-10-15,0.010035,116.1,si
1982-10-16,0.106368,1231.1,si
1982-10-17,0.043124,499.1,si
1982-10-18,0.244080,2825.0,si
1982-10-19,0.068602,794.0,si
1982-10-20,0.048430,560.5,si
1982-10-21,0.158708,1836.9,si
1982-10-22,-0.061979,-717.4,si
1982-10-23,0.848096,9815.9,si
1982-10-24,0.299818,3470.1,si
1982-10-25,0.072451,838.6,si
1982-10-26,0.110839,1282.9,si
1982-10-27,0.341747,3955.4,si
1982-10-28,0.085986,995.2,si
1982-10-29,0.152337,1763.2,si
1982-10-30,0.042479,491.7,si
1982-10-31,0.043024,498.0,si
1982-11-01,0.275871,3193.0,si
1982-11-02,0.581310,6728.1,si
1982-11-03,0.431937,4999.3,si
1982-11-04,0.312949,3622.1,si
1982-11-05,0.165859,1919.7,si
1982-11-06,0.201521,2332.4,si
1982-11-07,0.091708,1061.4,si
1982-11-08,0.086491,1001.1,si
1982-11-09,0.047148,545.7,si
1982-11-10,0.034435,398.5,si
1982-11-11,0.039932,462.2,si
1982-11-12,0.017737,205.3,si
1982-11-13,0.026956,312.0,si
1982-11-14,0.031465,364.2,si
1982-11-15,-0.010435,-120.8,si
1982-11-16,-0.003401,-39.4,si
1982-11-17,-0.021358,-247.2,si
1982-11-18,0.105918,1225.9,si
1982-11-19,0.051388,594.8,si
1982-11-20,0.317212,3671.4,si
1982-11-21,0.965841,11178.7,si
1982-11-22,0.489520,5665.7,si
1982-11-23,0.290905,3367.0,si
1982-11-24,0.190685,2207.0,si
1982-11-25,0.105054,1215.9,si
1982-11-26,0.217589,2518.4,si
1982-11-27,0.657441,7609.3,si
1982-11-28,0.760762,8805.1,si
1982-11-29,0.305943,3541.0,si
1982-11-30,0.183740,2126.6,si
1982-12-01,0.149682,1732.4,si
1982-12-02,0.240588,2784.6,si
1982-12-03,0.148242,1715.8,si
1982-12-04,0.377100,4364.6,si
1982-12-05,0.221078,2558.8,si
1982-12-06,0.135079,1563.4,si
1982-12-07,0.138858,1607.2,si
1982-12-08,0.107108,1239.7,si
1982-12-09,0.121897,1410.9,si
1982-12-10,0.328047,3796.8,si
1982-12-11,0.288964,3344.5,si
1982-12-12,0.287779,3330.8,si
1982-12-13,0.149954,1735.6,si
1982-12-14,0.154930,1793.2,si
1982-12-15,0.127798,1479.1,si
1982-12-16,0.091615,1060.4,si
1982-12-17,0.089057,1030.8,si
1982-12-18,0.173731,2010.8,si
1982-12-19,0.073747,853.6,si
1982-12-20,0.019822,229.4,si
1982-12-21,0.046721,540.8,si
1982-12-22,0.064859,750.7,si
1982-12-23,0.053411,618.2,si
1982-12-24,0.028093,325.1,si
1982-12-25,0.014948,173.0,si
1982-12-26,0.028823,333.6,si
1982-12-27,0.407012,4710.8,si
1982-12-28,0.244473,2829.6,si
1982-12-29,0.309492,3582.1,si
1982-12-30,0.060766,703.3,si
1982-12-31,0.112859,1306.2,si
1983-01-01,0.066764,772.7,si
1983-01-02,0.015913,184.2,si
1983-01-03,0.015366,177.8,si
1983-01-04,-0.010106,-117.0,si
1983-01-05,-0.033905,-392.4,si
1983-01-06,-0.015128,-175.1,si
1983-01-07,0.001353,15.7,si
1983-01-08,0.046678,540.2,si
1983-01-09,0.024099,278.9,si
1983-01-10,0.053253,616.4,si
1983-01-11,0.034910,404.1,si
1983-01-12,0.015678,181.5,si
1983-01-13,0.009023,104.4,si
1983-01-14,0.005267,61.0,si
1983-01-15,0.003211,37.2,si
1983-01-16,0.038941,450.7,si
1983-01-17,0.034517,399.5,si
1983-01-18,0.062108,718.8,si
1983-01-19,0.002568,29.7,si
1983-01-20,0.083165,962.6,si
1983-01-21,0.090039,1042.1,si
1983-01-22,-0.009297,-107.6,si
1983-01-23,-0.021652,-250.6,si
1983-01-24,0.006615,76.6,si
1983-01-25,0.031110,360.1,si
1983-01-26,0.050698,586.8,si
1983-01-27,0.201505,2332.2,si
1983-01-28,0.002110,24.4,si
1983-01-29,0.027477,318.0,si
1983-01-30,0.019981,231.3,si
1983-01-31,0.051518,596.3,si
1983-02-01,0.080772,934.9,si
1983-02-02,0.053448,618.6,si
1983-02-03,0.023407,270.9,si
1983-02-04,0.294874,3412.9,si
1983-02-05,0.133575,1546.0,si
1983-02-06,0.094065,1088.7,si
1983-02-07,0.051789,599.4,si
1983-02-08,0.106836,1236.5,si
1983-02-09,0.034726,401.9,si
1983-02-10,0.087081,1007.9,si
1983-02-11,0.003922,45.4,si
1983-02-12,-0.033692,-390.0,si
1983-02-13,-0.007409,-85.7,si
1983-02-14,0.090208,1044.1,si
1983-02-15,0.091897,1063.6,si
1983-02-16,0.054735,633.5,si
1983-02-17,0.028203,326.4,si
1983-02-18,-0.005076,-58.7,si
1983-02-19,-0.007869,-91.1,si
1983-02-20,0.335701,3885.4,si
1983-02-21,0.328174,3798.3,si
1983-02-22,0.078545,909.1,si
1983-02-23,-0.009022,-104.4,si
1983-02-24,0.160887,1862.1,si
1983-02-25,0.136936,1584.9,si
1983-02-26,0.301014,3484.0,si
1983-02-27,0.331357,3835.2,si
1983-02-28,1.229647,14232.0,si
1983-03-01,0.196742,2277.1,si
1983-03-02,0.026060,301.6,si
1983-03-03,-0.072671,-841.1,si
1983-03-04,0.025421,294.2,si
1983-03-05,0.005498,63.6,si
1983-03-06,0.110880,1283.3,si
1983-03-07,0.190632,2206.4,si
1983-03-08,0.027348,316.5,si
1983-03-09,0.129568,1499.6,si
1983-03-10,0.215035,2488.8,si
1983-03-11,-0.005694,-65.9,si
1983-03-12,0.105928,1226.0,si
1983-03-13,1.155304,13371.6,si
1983-03-14,0.961503,11128.5,si
1983-03-15,0.203258,2352.5,si
1983-03-16,0.090690,1049.7,si
1983-03-17,0.105028,1215.6,si
1983-03-18,0.087717,1015.2,si
1983-03-19,0.055089,637.6,si
1983-03-20,-0.027967,-323.7,si
1983-03-21,-0.022360,-258.8,si
1983-03-22,0.025948,300.3,si
1983-03-23,-0.002543,-29.4,si
1983-03-24,-0.022149,-256.4,si
1983-03-25,-0.080211,-928.4,si
1983-03-26,0.126184,1460.5,si
1983-03-27,0.082147,950.8,si
1983-03-28,-0.071636,-829.1,si
1983-03-29,-0.070737,-818.7,si
1983-03-30,0.033472,387.4,si
1983-03-31,0.024285,281.1,si
1983-04-01,-0.047862,-554.0,si
1983-04-02,-0.314724,-3642.6,si
1983-04-03,-0.199729,-2311.7,si
1983-04-04,-0.143653,-1662.7,si
1983-04-05,0.087891,1017.3,si
1983-04-06,-0.230743,-2670.6,si
1983-04-07,0.192198,2224.5,si
1983-04-08,0.419841,4859.3,si
1983-04-09,0.081003,937.5,si
1983-04-10,0.414234,4794.4,si
1983-04-11,0.031069,359.6,si
1983-04-12,0.241792,2798.5,si
1983-04-13,0.741164,8578.3,si
1983-04-14,0.079684,922.3,si
1983-04-15,0.331162,3832.9,si
1983-04-16,0.075200,870.4,si
1983-04-17,0.008347,96.6,si
1983-04-18,-0.015482,-179.2,si
1983-04-19,-0.092273,-1068.0,si
1983-04-20,-0.093355,-1080.5,si
1983-04-21,0.390794,4523.1,si
1983-04-22,-0.018585,-215.1,si
1983-04-23,0.155335,1797.9,si
1983-04-24,-0.144493,-1672.4,si
1983-04-25,0.525810,6085.8,si
1983-04-26,0.597480,6915.3,si
1983-04-27,0.096509,1117.0,si
1983-04-28,0.907265,10500.8,si
1983-04-29,1.007491,11660.8,si
1983-04-30,0.232217,2687.7,si
1983-05-01,0.180474,2088.8,si
1983-05-02,0.008484,98.2,si
1983-05-03,-0.099983,-1157.2,si
1983-05-04,0.179911,2082.3,si
1983-05-05,-0.008813,-102.0,si
1983-05-06,-0.112901,-1306.7,si
1983-05-07,0.188990,2187.4,si
1983-05-08,-0.159922,-1850.9,si
1983-05-09,0.100426,1162.3,si
1983-05-10,0.216846,2509.8,si
1983-05-11,0.388154,4492.5,si
1983-05-12,-0.123344,-1427.6,si
1983-05-13,-0.144714,-1674.9,si
1983-05-14,-0.141856,-1641.8,si
1983-05-15,0.233373,2701.1,si
1983-05-16,-0.082191,-951.3,si
1983-05-17,-0.071597,-828.7,si
1983-05-18,0.111393,1289.3,si
1983-05-19,0.173684,2010.2,si
1983-05-20,0.457173,5291.4,si
1983-05-21,1.051517,12170.3,si
1983-05-22,0.971071,11239.2,si
1983-05-23,0.262134,3034.0,si
1983-05-24,0.112261,1299.3,si
1983-05-25,0.389334,4506.2,si
1983-05-26,0.168270,1947.6,si
1983-05-27,0.107427,1243.4,si
1983-05-28,0.190237,2201.8,si
1983-05-29,0.070356,814.3,si
1983-05-30,-0.088144,-1020.2,si
1983-05-31,-0.166615,-1928.4,si
1983-06-01,0.009593,111.0,si
1983-06-02,-0.001341,-15.5,si
1983-06-03,0.005611,64.9,si
1983-06-04,0.776096,8982.6,si
1983-06-05,0.102808,1189.9,si
1983-06-06,0.331674,3838.8,si
1983-06-07,0.125247,1449.6,si
1983-06-08,0.045746,529.5,si
1983-06-09,0.018636,215.7,si
1983-06-10,0.041156,476.3,si
1983-06-11,0.172435,1995.8,si
1983-06-12,-0.021518,-249.1,si
1983-06-13,-0.065220,-754.9,si
1983-06-14,0.007657,88.6,si
1983-06-15,0.022304,258.1,si
1983-06-16,-0.040440,-468.0,si
1983-06-17,-0.058457,-676.6,si
1983-06-18,-0.047601,-550.9,si
1983-06-19,-0.120214,-1391.4,si
1983-06-20,0.209588,2425.8,si
1983-06-21,0.069192,800.8,si
1983-06-22,-0.076802,-888.9,si
1983-06-23,-0.076679,-887.5,si
1983-06-24,-0.107427,-1243.4,si
1983-06-25,0.320402,3708.4,si
1983-06-26,0.009960,115.3,si
1983-06-27,-0.078633,-910.1,si
1983-06-28,-0.099087,-1146.8,si
1983-06-29,0.170727,1976.0,si
1983-06-30,0.130075,1505.5,si
1983-07-01,-0.077517,-897.2,si
1983-07-02,-0.424514,-4913.4,si
1983-07-03,-0.427593,-4949.0,si
1983-07-04,-0.314878,-3644.4,si
1983-07-05,-0.457458,-5294.7,si
1983-07-06,-0.433145,-5013.2,si
1983-07-07,-0.416423,-4819.7,si
1983-07-08,-0.167608,-1939.9,si
1983-07-09,-0.350550,-4057.3,si
1983-07-10,-0.477471,-5526.3,si
1983-07-11,-0.456160,-5279.6,si
1983-07-12,-0.016790,-194.3,si
1983-07-13,-0.313079,-3623.6,si
1983-07-14,0.333778,3863.2,si
1983-07-15,-0.337120,-3901.8,si
1983-07-16,0.364197,4215.2,si
1983-07-17,-0.040243,-465.8,si
1983-07-18,-0.186916,-2163.4,si
1983-07-19,0.066394,768.5,si
1983-07-20,-0.066943,-774.8,si
1983-07-21,-0.195613,-2264.0,si
1983-07-22,0.175403,2030.1,si
1983-07-23,0.325420,3766.4,si
1983-07-24,-0.234545,-2714.6,si
1983-07-25,-0.250994,-2905.0,si
1983-07-26,-0.249900,-2892.4,si
1983-07-27,-0.282905,-3274.4,si
1983-07-28,0.080323,929.7,si
1983-07-29,0.593177,6865.5,si
1983-07-30,-0.069129,-800.1,si
1983-07-31,0.975653,11292.3,si
1983-08-01,0.695260,8047.0,si
1983-08-02,0.400573,4636.3,si
1983-08-03,0.225925,2614.9,si
1983-08-04,0.075860,878.0,si
1983-08-05,0.162880,1885.2,si
1983-08-06,0.147640,1708.8,si
1983-08-07,-0.099870,-1155.9,si
1983-08-08,0.267014,3090.4,si
1983-08-09,0.550482,6371.3,si
1983-08-10,0.137662,1593.3,si
1983-08-11,-0.046530,-538.5,si
1983-08-12,0.853874,9882.8,si
1983-08-13,0.116328,1346.4,si
1983-08-14,0.045794,530.0,si
1983-08-15,0.829454,9600.2,si
1983-08-16,0.284758,3295.8,si
1983-08-17,0.172161,1992.6,si
1983-08-18,0.006171,71.4,si
1983-08-19,-0.051003,-590.3,si
1983-08-20,-0.063821,-738.7,si
1983-08-21,1.720293,19910.8,si
1983-08-22,0.670716,7762.9,si
1983-08-23,0.150874,1746.2,si
1983-08-24,0.139275,1612.0,si
1983-08-25,0.043955,508.7,si
1983-08-26,-0.080070,-926.7,si
1983-08-27,-0.033561,-388.4,si
1983-08-28,-0.116407,-1347.3,si
1983-08-29,0.360550,4173.0,si
1983-08-30,-0.112557,-1302.7,si
1983-08-31,-0.158865,-1838.7,si
1983-09-01,-0.097433,-1127.7,si
1983-09-02,0.008965,103.8,si
1983-09-03,-0.068853,-796.9,si
1983-09-04,-0.087081,-1007.9,si
1983-09-05,-0.071260,-824.8,si
1983-09-06,-0.045086,-521.8,si
1983-09-07,-0.049086,-568.1,si
1983-09-08,0.089358,1034.2,si
1983-09-09,-0.131428,-1521.2,si
1983-09-10,-0.163752,-1895.3,si
1983-09-11,-0.116638,-1350.0,si
1983-09-12,0.073911,855.5,si
1983-09-13,-0.164851,-1908.0,si
1983-09-14,-0.148762,-1721.8,si
1983-09-15,0.053909,623.9,si
1983-09-16,0.177890,2058.9,si
1983-09-17,0.084206,974.6,si
1983-09-18,0.096584,1117.9,si
1983-09-19,0.310393,3592.5,si
1983-09-20,0.079230,917.0,si
1983-09-21,0.534566,6187.1,si
1983-09-22,0.181147,2096.6,si
1983-09-23,0.006949,80.4,si
1983-09-24,0.074923,867.2,si
1983-09-25,-0.052767,-610.7,si
1983-09-26,-0.083081,-961.6,si
1983-09-27,-0.120789,-1398.0,si
1983-09-28,-0.107867,-1248.5,si
1983-09-29,0.063805,738.5,si
1983-09-30,-0.018291,-211.7,si
1983-10-01,0.291168,3370.0,si
1983-10-02,0.026831,310.5,si
1983-10-03,-0.032636,-377.7,si
1983-10-04,0.103277,1195.3,si
1983-10-05,0.062958,728.7,si
1983-10-06,-0.049444,-572.3,si
1983-10-07,-0.070840,-819.9,si
1983-10-08,0.017973,208.0,si
1983-10-09,-0.049577,-573.8,si
1983-10-10,-0.086482,-1000.9,si
1983-10-11,0.331520,3837.0,si
1983-10-12,-0.022203,-257.0,si
1983-10-13,0.210346,2434.6,si
1983-10-14,-0.037111,-429.5,si
1983-10-15,-0.111919,-1295.4,si
1983-10-16,0.404840,4685.7,si
1983-10-17,0.008471,98.0,si
1983-10-18,0.069890,808.9,si
1983-10-19,0.664302,7688.7,si
1983-10-20,0.325215,3764.1,si
1983-10-21,0.079086,915.3,si
1983-10-22,-0.055438,-641.6,si
1983-10-23,-0.007134,-82.6,si
1983-10-24,0.145913,1688.8,si
1983-10-25,-0.075177,-870.1,si
1983-10-26,0.005470,63.3,si
1983-10-27,-0.003656,-42.3,si
1983-10-28,0.015433,178.6,si
1983-10-29,0.258801,2995.4,si
1983-10-30,0.181869,2105.0,si
1983-10-31,0.087479,1012.5,si
1983-11-01,0.161528,1869.5,si
1983-11-02,0.150443,1741.2,si
1983-11-03,0.181741,2103.5,si
1983-11-04,0.096800,1120.4,si
1983-11-05,0.056812,657.5,si
1983-11-06,0.110916,1283.8,si
1983-11-07,0.078669,910.5,si
1983-11-08,0.080758,934.7,si
1983-11-09,0.184363,2133.8,si
1983-11-10,0.139093,1609.9,si
1983-11-11,0.046884,542.6,si
1983-11-12,0.031974,370.1,si
1983-11-13,0.046181,534.5,si
1983-11-14,0.352246,4076.9,si
1983-11-15,0.038778,448.8,si
1983-11-16,0.040338,466.9,si
1983-11-17,0.024112,279.1,si
1983-11-18,0.083449,965.8,si
1983-11-19,-0.014076,-162.9,si
1983-11-20,0.036459,422.0,si
1983-11-21,0.068734,795.5,si
1983-11-22,0.039310,455.0,si
1983-11-23,0.311335,3603.4,si
1983-11-24,0.635674,7357.3,si
1983-11-25,0.107167,1240.4,si
1983-11-26,0.143255,1658.0,si
1983-11-27,0.082876,959.2,si
1983-11-28,0.123543,1429.9,si
1983-11-29,0.134589,1557.7,si
1983-11-30,0.062301,721.1,si
1983-12-01,0.070395,814.8,si
1983-12-02,0.113050,1308.5,si
1983-12-03,0.035880,415.3,si
1983-12-04,0.082718,957.4,si
1983-12-05,0.335620,3884.5,si
1983-12-06,0.137952,1596.7,si
1983-12-07,0.297671,3445.3,si
1983-12-08,0.063165,731.1,si
1983-12-09,0.089570,1036.7,si
1983-12-10,0.122167,1414.0,si
1983-12-11,0.337762,3909.3,si
1983-12-12,0.196442,2273.6,si
1983-12-13,0.147524,1707.5,si
1983-12-14,0.155953,1805.0,si
1983-12-15,0.132682,1535.7,si
1983-12-16,0.068591,793.9,si
1983-12-17,0.067182,777.6,si
1983-12-18,0.277513,3212.0,si
1983-12-19,0.097378,1127.1,si
1983-12-20,0.000822,9.5,si
1983-12-21,0.029335,339.5,si
1983-12-22,0.046932,543.2,si
1983-12-23,0.026213,303.4,si
1983-12-24,0.011393,131.9,si
1983-12-25,-0.001276,-14.8,si
1983-12-26,0.017071,197.6,si
1983-12-27,0.095770,1108.4,si
1983-12-28,0.067689,783.4,si
1983-12-29,0.067616,782.6,si
1983-12-30,0.019238,222.7,si
1983-12-31,0.080642,933.4,si
1984-01-01,0.044543,515.5,si
1984-01-02,0.046987,543.8,si
1984-01-03,0.131839,1525.9,si
1984-01-04,0.023210,268.6,si
1984-01-05,0.001518,17.6,si
1984-01-06,0.021723,251.4,si
1984-01-07,0.095268,1102.6,si
1984-01-08,0.082303,952.6,si
1984-01-09,0.056101,649.3,si
1984-01-10,0.092411,1069.6,si
1984-01-11,0.090703,1049.8,si
1984-01-12,0.055041,637.0,si
1984-01-13,0.049996,578.7,si
1984-01-14,0.037988,439.7,si
1984-01-15,0.071228,824.4,si
1984-01-16,0.103028,1192.5,si
1984-01-17,0.141945,1642.9,si
1984-01-18,0.169519,1962.0,si
1984-01-19,0.073010,845.0,si
1984-01-20,0.138432,1602.2,si
1984-01-21,0.289932,3355.7,si
1984-01-22,0.034138,395.1,si
1984-01-23,0.022036,255.0,si
1984-01-24,0.050620,585.9,si
1984-01-25,0.076353,883.7,si
1984-01-26,0.097020,1122.9,si
1984-01-27,0.018290,211.7,si
1984-01-28,0.042052,486.7,si
1984-01-29,0.046364,536.6,si
1984-01-30,0.064158,742.6,si
1984-01-31,0.096068,1111.9,si
1984-02-01,0.169466,1961.4,si
1984-02-02,0.148264,1716.0,si
1984-02-03,0.108461,1255.3,si
1984-02-04,0.187092,2165.4,si
1984-02-05,0.244397,2828.7,si
1984-02-06,0.172502,1996.5,si
1984-02-07,0.127878,1480.1,si
1984-02-08,0.182303,2110.0,si
1984-02-09,0.116016,1342.8,si
1984-02-10,0.164835,1907.8,si
1984-02-11,0.082946,960.0,si
1984-02-12,0.045027,521.1,si
1984-02-13,0.700402,8106.5,si
1984-02-14,0.358283,4146.8,si
1984-02-15,0.394747,4568.8,si
1984-02-16,0.238452,2759.9,si
1984-02-17,0.134333,1554.8,si
1984-02-18,0.097699,1130.8,si
1984-02-19,0.094930,1098.7,si
1984-02-20,0.105996,1226.8,si
1984-02-21,0.152419,1764.1,si
1984-02-22,0.159351,1844.3,si
1984-02-23,0.144844,1676.4,si
1984-02-24,0.122964,1423.2,si
1984-02-25,0.269733,3121.9,si
1984-02-26,0.118562,1372.2,si
1984-02-27,0.141056,1632.6,si
1984-02-28,0.101829,1178.6,si
1984-02-29,0.126915,1468.9,si
1984-03-01,0.133641,1546.8,si
1984-03-02,-0.014083,-163.0,si
1984-03-03,0.086177,997.4,si
1984-03-04,0.081216,940.0,si
1984-03-05,0.084668,980.0,si
1984-03-06,0.119119,1378.7,si
1984-03-07,0.119015,1377.5,si
1984-03-08,0.016119,186.6,si
1984-03-09,0.102084,1181.5,si
1984-03-10,0.088872,1028.6,si
1984-03-11,0.198543,2298.0,si
1984-03-12,0.122167,1414.0,si
1984-03-13,0.113594,1314.7,si
1984-03-14,0.079272,917.5,si
1984-03-15,-0.009967,-115.4,si
1984-03-16,0.074181,858.6,si
1984-03-17,0.174633,2021.2,si
1984-03-18,0.064139,742.4,si
1984-03-19,0.022839,264.3,si
1984-03-20,0.193650,2241.3,si
1984-03-21,0.119529,1383.4,si
1984-03-22,0.054565,631.5,si
1984-03-23,0.043489,503.3,si
1984-03-24,0.239484,2771.8,si
1984-03-25,0.121422,1405.3,si
1984-03-26,0.038649,447.3,si
1984-03-27,0.019241,222.7,si
1984-03-28,0.024514,283.7,si
1984-03-29,0.188520,2181.9,si
1984-03-30,0.207606,2402.8,si
1984-03-31,0.057763,668.6,si
1984-04-01,-0.030652,-354.8,si
1984-04-02,-0.024083,-278.7,si
1984-04-03,0.076930,890.4,si
1984-04-04,0.023909,276.7,si
1984-04-05,-0.020052,-232.1,si
1984-04-06,0.022386,259.1,si
1984-04-07,0.054679,632.9,si
1984-04-08,0.208631,2414.7,si
1984-04-09,-0.069244,-801.4,si
1984-04-10,-0.040635,-470.3,si
1984-04-11,0.572912,6630.9,si
1984-04-12,-0.018337,-212.2,si
1984-04-13,-0.034431,-398.5,si
1984-04-14,0.040374,467.3,si
1984-04-15,0.046826,542.0,si
1984-04-16,0.109914,1272.2,si
1984-04-17,0.064129,742.2,si
1984-04-18,0.020266,234.6,si
1984-04-19,0.038136,441.4,si
1984-04-20,0.038976,451.1,si
1984-04-21,0.124119,1436.6,si
1984-04-22,0.215503,2494.2,si
1984-04-23,0.511354,5918.5,si
1984-04-24,0.164645,1905.6,si
1984-04-25,0.208768,2416.3,si
1984-04-26,0.096489,1116.8,si
1984-04-27,0.018294,211.7,si
1984-04-28,1.145432,13257.3,si
1984-04-29,0.638466,7389.7,si
1984-04-30,0.328646,3803.8,si
1984-05-01,0.166570,1927.9,si
1984-05-02,0.074145,858.2,si
1984-05-03,-0.022332,-258.5,si
1984-05-04,0.052192,604.1,si
1984-05-05,-0.018638,-215.7,si
1984-05-06,-0.032009,-370.5,si
1984-05-07,-0.083984,-972.0,si
1984-05-08,-0.008194,-94.8,si
1984-05-09,0.069039,799.1,si
1984-05-10,0.009874,114.3,si
1984-05-11,0.102746,1189.2,si
1984-05-12,0.000873,10.1,si
1984-05-13,0.126522,1464.4,si
1984-05-14,0.426271,4933.7,si
1984-05-15,0.140783,1629.4,si
1984-05-16,0.013669,158.2,si
1984-05-17,0.013867,160.5,si
1984-05-18,0.354097,4098.3,si
1984-05-19,0.318326,3684.3,si
1984-05-20,0.006112,70.7,si
1984-05-21,-0.087476,-1012.4,si
1984-05-22,-0.067275,-778.6,si
1984-05-23,0.233501,2702.6,si
1984-05-24,0.047759,552.8,si
1984-05-25,0.005711,66.1,si
1984-05-26,0.184368,2133.9,si
1984-05-27,0.023515,272.2,si
1984-05-28,0.023201,268.5,si
1984-05-29,-0.010039,-116.2,si
1984-05-30,-0.069568,-805.2,si
1984-05-31,0.022403,259.3,si
1984-06-01,0.122894,1422.4,si
1984-06-02,-0.147437,-1706.4,si
1984-06-03,-0.026828,-310.5,si
1984-06-04,-0.030166,-349.1,si
1984-06-05,0.462028,5347.5,si
1984-06-06,-0.049049,-567.7,si
1984-06-07,0.691769,8006.6,si
1984-06-08,0.224026,2592.9,si
1984-06-09,-0.076110,-880.9,si
1984-06-10,0.028027,324.4,si
1984-06-11,-0.085901,-994.2,si
1984-06-12,-0.109886,-1271.8,si
1984-06-13,0.045891,531.2,si
1984-06-14,-0.061019,-706.2,si
1984-06-15,0.295894,3424.7,si
1984-06-16,0.040204,465.3,si
1984-06-17,0.115110,1332.3,si
1984-06-18,-0.123648,-1431.1,si
1984-06-19,0.080767,934.8,si
1984-06-20,-0.088832,-1028.1,si
1984-06-21,-0.042819,-495.6,si
1984-06-22,0.022624,261.8,si
1984-06-23,0.543513,6290.7,si
1984-06-24,0.046455,537.7,si
1984-06-25,0.055218,639.1,si
1984-06-26,-0.115627,-1338.3,si
1984-06-27,-0.018713,-216.6,si
1984-06-28,0.333664,3861.9,si
1984-06-29,0.013776,159.4,si
1984-06-30,0.114758,1328.2,si
1984-07-01,-0.082835,-958.7,si
1984-07-02,-0.485025,-5613.7,si
1984-07-03,-0.456116,-5279.1,si
1984-07-04,0.864522,10006.0,si
1984-07-05,-0.017740,-205.3,si
1984-07-06,-0.369371,-4275.1,si
1984-07-07,-0.271350,-3140.6,si
1984-07-08,-0.356158,-4122.2,si
1984-07-09,-0.379396,-4391.2,si
1984-07-10,-0.463081,-5359.7,si
1984-07-11,-0.473475,-5480.0,si
1984-07-12,-0.418700,-4846.1,si
1984-07-13,-0.254948,-2950.8,si
1984-07-14,-0.314129,-3635.7,si
1984-07-15,-0.271950,-3147.6,si
1984-07-16,-0.082797,-958.3,si
1984-07-17,-0.204430,-2366.1,si
1984-07-18,-0.353560,-4092.1,si
1984-07-19,0.639635,7403.2,si
1984-07-20,0.319769,3701.0,si
1984-07-21,-0.327473,-3790.2,si
1984-07-22,-0.350068,-4051.7,si
1984-07-23,0.486849,5634.8,si
1984-07-24,0.105459,1220.6,si
1984-07-25,0.487631,5643.9,si
1984-07-26,0.508699,5887.7,si
1984-07-27,0.039015,451.6,si
1984-07-28,-0.065016,-752.5,si
1984-07-29,-0.147114,-1702.7,si
1984-07-30,-0.305662,-3537.8,si
1984-07-31,-0.371660,-4301.6,si
1984-08-01,0.939764,10876.9,si
1984-08-02,-0.056496,-653.9,si
1984-08-03,-0.105212,-1217.7,si
1984-08-04,1.090161,12617.6,si
1984-08-05,0.487260,5639.6,si
1984-08-06,-0.041229,-477.2,si
1984-08-07,-0.089189,-1032.3,si
1984-08-08,-0.022858,-264.6,si
1984-08-09,-0.102167,-1182.5,si
1984-08-10,-0.084968,-983.4,si
1984-08-11,-0.215282,-2491.7,si
1984-08-12,1.015859,11757.6,si
1984-08-13,0.079725,922.7,si
1984-08-14,-0.195579,-2263.6,si
1984-08-15,-0.245192,-2837.9,si
1984-08-16,-0.416317,-4818.5,si
1984-08-17,0.060120,695.8,si
1984-08-18,-0.295226,-3417.0,si
1984-08-19,0.568858,6584.0,si
1984-08-20,-0.110725,-1281.5,si
1984-08-21,0.000631,7.3,si
1984-08-22,-0.249780,-2891.0,si
1984-08-23,-0.306970,-3552.9,si
1984-08-24,-0.293903,-3401.7,si
1984-08-25,0.901660,10435.9,si
1984-08-26,0.019564,226.4,si
1984-08-27,0.048181,557.6,si
1984-08-28,0.184944,2140.6,si
1984-08-29,-0.208143,-2409.1,si
1984-08-30,-0.239824,-2775.7,si
1984-08-31,-0.279762,-3238.0,si
1984-09-01,-0.045771,-529.8,si
1984-09-02,0.808253,9354.8,si
1984-09-03,0.144533,1672.8,si
1984-09-04,0.099621,1153.0,si
1984-09-05,0.366705,4244.3,si
1984-09-06,0.742472,8593.4,si
1984-09-07,0.109460,1266.9,si
1984-09-08,0.042724,494.5,si
1984-09-09,0.061119,707.4,si
1984-09-10,0.304915,3529.1,si
1984-09-11,0.123185,1425.7,si
1984-09-12,0.021776,252.0,si
1984-09-13,-0.089924,-1040.8,si
1984-09-14,0.362685,4197.7,si
1984-09-15,0.101908,1179.5,si
1984-09-16,-0.018966,-219.5,si
1984-09-17,-0.036669,-424.4,si
1984-09-18,0.624406,7226.9,si
1984-09-19,0.462128,5348.7,si
1984-09-20,0.645096,7466.4,si
1984-09-21,0.183531,2124.2,si
1984-09-22,1.012877,11723.1,si
1984-09-23,0.510280,5906.0,si
1984-09-24,0.177139,2050.2,si
1984-09-25,0.137782,1594.7,si
1984-09-26,0.056959,659.3,si
1984-09-27,0.009069,105.0,si
1984-09-28,0.541895,6271.9,si
1984-09-29,0.130761,1513.4,si
1984-09-30,-0.014384,-166.5,si
1984-10-01,-0.039745,-460.0,si
1984-10-02,-0.110532,-1279.3,si
1984-10-03,-0.116446,-1347.8,si
1984-10-04,-0.088959,-1029.6,si
1984-10-05,0.366716,4244.4,si
1984-10-06,-0.014975,-173.3,si
1984-10-07,-0.036184,-418.8,si
1984-10-08,-0.071041,-822.2,si
1984-10-09,-0.028836,-333.8,si
1984-10-10,-0.063720,-737.5,si
1984-10-11,-0.130005,-1504.7,si
1984-10-12,-0.114800,-1328.7,si
1984-10-13,-0.133141,-1541.0,si
1984-10-14,-0.151670,-1755.4,si
1984-10-15,-0.152110,-1760.5,si
1984-10-16,-0.146044,-1690.3,si
1984-10-17,-0.171080,-1980.1,si
1984-10-18,-0.145953,-1689.3,si
1984-10-19,-0.152780,-1768.3,si
1984-10-20,-0.181330,-2098.7,si
1984-10-21,-0.245379,-2840.0,si
1984-10-22,-0.189750,-2196.2,si
1984-10-23,0.597617,6916.9,si
1984-10-24,-0.123264,-1426.7,si
1984-10-25,-0.063790,-738.3,si
1984-10-26,-0.077838,-900.9,si
1984-10-27,-0.053216,-615.9,si
1984-10-28,0.138667,1604.9,si
1984-10-29,0.335885,3887.6,si
1984-10-30,0.500175,5789.1,si
1984-10-31,0.634318,7341.6,si
1984-11-01,0.796978,9224.3,si
1984-11-02,0.430323,4980.6,si
1984-11-03,0.265502,3072.9,si
1984-11-04,0.260059,3009.9,si
1984-11-05,0.683518,7911.1,si
1984-11-06,1.555874,18007.8,si
1984-11-07,0.946888,10959.4,si
1984-11-08,1.064932,12325.6,si
1984-11-09,0.464033,5370.7,si
1984-11-10,0.378568,4381.6,si
1984-11-11,0.281783,3261.4,si
1984-11-12,0.805827,9326.7,si
1984-11-13,0.309079,3577.3,si
1984-11-14,0.242841,2810.7,si
1984-11-15,0.370473,4287.9,si
1984-11-16,0.257267,2977.6,si
1984-11-17,0.160346,1855.9,si
1984-11-18,0.041788,483.7,si
1984-11-19,0.126310,1461.9,si
1984-11-20,0.125813,1456.2,si
1984-11-21,0.057145,661.4,si
1984-11-22,0.093021,1076.6,si
1984-11-23,0.084272,975.4,si
1984-11-24,0.013802,159.7,si
1984-11-25,0.072554,839.7,si
1984-11-26,0.229252,2653.4,si
1984-11-27,0.411568,4763.5,si
1984-11-28,0.936543,10839.6,si
1984-11-29,0.201337,2330.3,si
1984-11-30,0.151896,1758.1,si
1984-12-01,0.133558,1545.8,si
1984-12-02,0.133911,1549.9,si
1984-12-03,0.165525,1915.8,si
1984-12-04,0.127727,1478.3,si
1984-12-05,0.108854,1259.9,si
1984-12-06,0.071671,829.5,si
1984-12-07,0.081692,945.5,si
1984-12-08,0.096887,1121.4,si
1984-12-09,0.101500,1174.8,si
1984-12-10,0.116997,1354.1,si
1984-12-11,0.267843,3100.0,si
1984-12-12,0.120059,1389.6,si
1984-12-13,0.125837,1456.5,si
1984-12-14,0.098492,1140.0,si
1984-12-15,0.063936,740.0,si
1984-12-16,0.061915,716.6,si
1984-12-17,0.112188,1298.5,si
1984-12-18,0.275353,3187.0,si
1984-12-19,0.011636,134.7,si
1984-12-20,0.035490,410.8,si
1984-12-21,0.052372,606.2,si
1984-12-22,0.069687,806.6,si
1984-12-23,0.391930,4536.2,si
1984-12-24,0.118688,1373.7,si
1984-12-25,0.101277,1172.2,si
1984-12-26,0.116885,1352.8,si
1984-12-27,0.087266,1010.0,si
1984-12-28,0.083880,970.8,si
1984-12-29,0.033564,388.5,si
1984-12-30,0.091807,1062.6,si
1984-12-31,0.088884,1028.8,si
1985-01-01,0.042030,486.5,si
1985-01-02,0.126351,1462.4,si
1985-01-03,0.125506,1452.6,si
1985-01-04,0.100076,1158.3,si
1985-01-05,0.120890,1399.2,si
1985-01-06,0.253895,2938.6,si
1985-01-07,0.541713,6269.8,si
1985-01-08,0.249633,2889.3,si
1985-01-09,0.156968,1816.8,si
1985-01-10,0.187078,2165.3,si
1985-01-11,0.167636,1940.2,si
1985-01-12,0.146934,1700.6,si
1985-01-13,0.191987,2222.1,si
1985-01-14,0.218905,2533.6,si
1985-01-15,0.130473,1510.1,si
1985-01-16,0.162092,1876.1,si
1985-01-17,0.158341,1832.6,si
1985-01-18,0.182855,2116.4,si
1985-01-19,0.122630,1419.3,si
1985-01-20,0.205017,2372.9,si
1985-01-21,0.211191,2444.3,si
1985-01-22,0.111458,1290.0,si
1985-01-23,0.095254,1102.5,si
1985-01-24,0.122916,1422.6,si
1985-01-25,0.146853,1699.7,si
1985-01-26,0.212367,2458.0,si
1985-01-27,0.086266,998.4,si
1985-01-28,0.110774,1282.1,si
1985-01-29,0.113521,1313.9,si
1985-01-30,0.129780,1502.1,si
1985-01-31,0.162463,1880.4,si
1985-02-01,0.194060,2246.1,si
1985-02-02,0.133426,1544.3,si
1985-02-03,0.103317,1195.8,si
1985-02-04,0.112124,1297.7,si
1985-02-05,0.155996,1805.5,si
1985-02-06,0.166183,1923.4,si
1985-02-07,0.131376,1520.6,si
1985-02-08,0.174870,2024.0,si
1985-02-09,0.108056,1250.6,si
1985-02-10,0.154820,1791.9,si
1985-02-11,0.073759,853.7,si
1985-02-12,0.036378,421.0,si
1985-02-13,0.063943,740.1,si
1985-02-14,0.161257,1866.4,si
1985-02-15,0.163369,1890.8,si
1985-02-16,0.124404,1439.9,si
1985-02-17,0.097614,1129.8,si
1985-02-18,0.112829,1305.9,si
1985-02-19,0.059550,689.2,si
1985-02-20,0.072116,834.7,si
1985-02-21,0.119245,1380.2,si
1985-02-22,0.186756,2161.5,si
1985-02-23,0.102347,1184.6,si
1985-02-24,0.523159,6055.1,si
1985-02-25,0.270628,3132.3,si
1985-02-26,0.184323,2133.4,si
1985-02-27,0.124199,1437.5,si
1985-02-28,0.082747,957.7,si
1985-03-01,0.107857,1248.3,si
1985-03-02,0.000286,3.3,si
1985-03-03,-0.083695,-968.7,si
1985-03-04,0.016037,185.6,si
1985-03-05,0.021285,246.4,si
1985-03-06,0.013601,157.4,si
1985-03-07,0.047810,553.4,si
1985-03-08,0.046951,543.4,si
1985-03-09,-0.055733,-645.1,si
1985-03-10,0.134860,1560.9,si
1985-03-11,0.178455,2065.5,si
1985-03-12,0.375046,4340.8,si
1985-03-13,0.401879,4651.4,si
1985-03-14,0.112720,1304.6,si
1985-03-15,0.045962,532.0,si
1985-03-16,-0.070694,-818.2,si
1985-03-17,0.133402,1544.0,si
1985-03-18,0.041744,483.1,si
1985-03-19,0.200094,2315.9,si
1985-03-20,-0.035781,-414.1,si
1985-03-21,0.177065,2049.4,si
1985-03-22,-0.055958,-647.7,si
1985-03-23,-0.008080,-93.5,si
1985-03-24,-0.020274,-234.7,si
1985-03-25,-0.073141,-846.5,si
1985-03-26,0.071365,826.0,si
1985-03-27,-0.029719,-344.0,si
1985-03-28,-0.014779,-171.1,si
1985-03-29,-0.005017,-58.1,si
1985-03-30,0.086648,1002.9,si
1985-03-31,0.656482,7598.2,si
1985-04-01,0.428773,4962.7,si
1985-04-02,0.502582,5816.9,si
1985-04-03,0.574494,6649.2,si
1985-04-04,0.031525,364.9,si
1985-04-05,-0.080743,-934.5,si
1985-04-06,-0.141963,-1643.1,si
1985-04-07,-0.112183,-1298.4,si
1985-04-08,-0.069844,-808.4,si
1985-04-09,-0.168476,-1950.0,si
1985-04-10,-0.284635,-3294.4,si
1985-04-11,-0.259628,-3005.0,si
1985-04-12,-0.232577,-2691.9,si
1985-04-13,-0.261524,-3026.9,si
1985-04-14,-0.254706,-2948.0,si
1985-04-15,-0.240519,-2783.8,si
1985-04-16,-0.214041,-2477.3,si
1985-04-17,-0.157378,-1821.5,si
1985-04-18,-0.156668,-1813.3,si
1985-04-19,-0.147304,-1704.9,si
1985-04-20,-0.009627,-111.4,si
1985-04-21,0.144418,1671.5,si
1985-04-22,-0.039685,-459.3,si
1985-04-23,0.134049,1551.5,si
1985-04-24,0.221573,2564.5,si
1985-04-25,0.058669,679.0,si
1985-04-26,0.222831,2579.1,si
1985-04-27,-0.021977,-254.4,si
1985-04-28,0.358961,4154.6,si
1985-04-29,0.343279,3973.1,si
1985-04-30,0.179334,2075.6,si
1985-05-01,-0.007648,-88.5,si
1985-05-02,0.506704,5864.6,si
1985-05-03,-0.121299,-1403.9,si
1985-05-04,-0.173403,-2007.0,si
1985-05-05,-0.114824,-1329.0,si
1985-05-06,-0.221701,-2566.0,si
1985-05-07,0.201777,2335.4,si
1985-05-08,0.742178,8590.0,si
1985-05-09,0.516540,5978.5,si
1985-05-10,0.361455,4183.5,si
1985-05-11,0.870776,10078.4,si
1985-05-12,0.512906,5936.4,si
1985-05-13,0.292387,3384.1,si
1985-05-14,0.192023,2222.5,si
1985-05-15,0.492759,5703.2,si
1985-05-16,0.474803,5495.4,si
1985-05-17,0.258598,2993.0,si
1985-05-18,0.001328,15.4,si
1985-05-19,-0.073113,-846.2,si
1985-05-20,-0.132440,-1532.9,si
1985-05-21,-0.248107,-2871.6,si
1985-05-22,-0.265044,-3067.6,si
1985-05-23,-0.245957,-2846.7,si
1985-05-24,-0.201045,-2326.9,si
1985-05-25,-0.165830,-1919.3,si
1985-05-26,-0.223708,-2589.2,si
1985-05-27,-0.184164,-2131.5,si
1985-05-28,-0.162563,-1881.5,si
1985-05-29,-0.171943,-1990.1,si
1985-05-30,-0.105713,-1223.5,si
1985-05-31,-0.163295,-1890.0,si
1985-06-01,-0.305110,-3531.4,si
1985-06-02,-0.380776,-4407.1,si
1985-06-03,-0.152398,-1763.9,si
1985-06-04,-0.324616,-3757.1,si
1985-06-05,-0.286809,-3319.5,si
1985-06-06,-0.260164,-3011.2,si
1985-06-07,0.225638,2611.6,si
1985-06-08,0.656870,7602.7,si
1985-06-09,0.710664,8225.3,si
1985-06-10,0.508911,5890.2,si
1985-06-11,0.298285,3452.4,si
1985-06-12,-0.054904,-635.5,si
1985-06-13,-0.029913,-346.2,si
1985-06-14,0.040556,469.4,si
1985-06-15,-0.090806,-1051.0,si
1985-06-16,-0.253127,-2929.7,si
1985-06-17,-0.224394,-2597.1,si
1985-06-18,-0.204268,-2364.2,si
1985-06-19,-0.272813,-3157.6,si
1985-06-20,-0.293939,-3402.1,si
1985-06-21,-0.247505,-2864.6,si
1985-06-22,-0.203273,-2352.7,si
1985-06-23,-0.288218,-3335.9,si
1985-06-24,-0.059962,-694.0,si
1985-06-25,-0.322045,-3727.4,si
1985-06-26,0.425751,4927.7,si
1985-06-27,-0.048342,-559.5,si
1985-06-28,-0.089242,-1032.9,si
1985-06-29,-0.200662,-2322.5,si
1985-06-30,-0.175622,-2032.7,si
1985-07-01,-0.314489,-3639.9,si
1985-07-02,-0.117489,-1359.8,si
1985-07-03,-0.196994,-2280.0,si
1985-07-04,-0.156050,-1806.1,si
1985-07-05,-0.230009,-2662.1,si
1985-07-06,-0.293395,-3395.8,si
1985-07-07,-0.313228,-3625.3,si
1985-07-08,-0.309517,-3582.4,si
1985-07-09,-0.022481,-260.2,si
1985-07-10,-0.200717,-2323.1,si
1985-07-11,-0.233105,-2698.0,si
1985-07-12,-0.226186,-2617.9,si
1985-07-13,-0.070465,-815.6,si
1985-07-14,0.032654,377.9,si
1985-07-15,0.315301,3649.3,si
1985-07-16,-0.052957,-612.9,si
1985-07-17,-0.071451,-827.0,si
1985-07-18,-0.008039,-93.0,si
1985-07-19,-0.173730,-2010.8,si
1985-07-20,0.091675,1061.1,si
1985-07-21,-0.129832,-1502.7,si
1985-07-22,-0.274810,-3180.7,si
1985-07-23,-0.267365,-3094.5,si
1985-07-24,-0.204427,-2366.0,si
1985-07-25,0.021277,246.3,si
1985-07-26,0.089719,1038.4,si
1985-07-27,-0.266023,-3079.0,si
1985-07-28,-0.242699,-2809.0,si
1985-07-29,-0.144293,-1670.1,si
1985-07-30,0.186927,2163.5,si
1985-07-31,-0.251596,-2912.0,si
1985-08-01,-0.251105,-2906.3,si
1985-08-02,-0.171993,-1990.7,si
1985-08-03,-0.137628,-1592.9,si
1985-08-04,-0.061338,-709.9,si
1985-08-05,0.298338,3453.0,si
1985-08-06,0.104308,1207.3,si
1985-08-07,0.026576,307.6,si
1985-08-08,-0.098458,-1139.6,si
1985-08-09,0.154855,1792.3,si
1985-08-10,0.253222,2930.8,si
1985-08-11,0.108405,1254.7,si
1985-08-12,-0.108317,-1253.7,si
1985-08-13,-0.108528,-1256.1,si
1985-08-14,0.062704,725.7,si
1985-08-15,0.095245,1102.4,si
1985-08-16,-0.039245,-454.2,si
1985-08-17,-0.230357,-2666.2,si
1985-08-18,0.038652,447.4,si
1985-08-19,-0.183388,-2122.5,si
1985-08-20,-0.126504,-1464.2,si
1985-08-21,0.230074,2662.9,si
1985-08-22,-0.018390,-212.8,si
1985-08-23,-0.182300,-2110.0,si
1985-08-24,-0.011428,-132.3,si
1985-08-25,0.034408,398.2,si
1985-08-26,0.095580,1106.3,si
1985-08-27,-0.194630,-2252.7,si
1985-08-28,-0.167938,-1943.7,si
1985-08-29,-0.141206,-1634.3,si
1985-08-30,0.083272,963.8,si
1985-08-31,-0.149322,-1728.3,si
1985-09-01,-0.131934,-1527.0,si
1985-09-02,0.214764,2485.7,si
1985-09-03,0.435538,5040.9,si
1985-09-04,0.271162,3138.5,si
1985-09-05,0.008491,98.3,si
1985-09-06,0.053126,614.9,si
1985-09-07,0.068484,792.6,si
1985-09-08,0.000312,3.6,si
1985-09-09,-0.085142,-985.4,si
1985-09-10,-0.061989,-717.5,si
1985-09-11,0.353503,4091.5,si
1985-09-12,0.270617,3132.1,si
1985-09-13,0.267907,3100.8,si
1985-09-14,0.022805,263.9,si
1985-09-15,-0.046864,-542.4,si
1985-09-16,-0.052595,-608.7,si
1985-09-17,-0.060900,-704.9,si
1985-09-18,-0.142258,-1646.5,si
1985-09-19,-0.050472,-584.2,si
1985-09-20,-0.131595,-1523.1,si
1985-09-21,0.113025,1308.2,si
1985-09-22,-0.083406,-965.3,si
1985-09-23,0.023292,269.6,si
1985-09-24,-0.085748,-992.5,si
1985-09-25,0.081744,946.1,si
1985-09-26,0.150681,1744.0,si
1985-09-27,-0.075493,-873.8,si
1985-09-28,0.216415,2504.8,si
1985-09-29,0.006789,78.6,si
1985-09-30,0.092396,1069.4,si
1985-10-01,-0.151691,-1755.7,si
1985-10-02,-0.001491,-17.3,si
1985-10-03,-0.194388,-2249.9,si
1985-10-04,-0.217244,-2514.4,si
1985-10-05,-0.223213,-2583.5,si
1985-10-06,-0.214389,-2481.4,si
1985-10-07,-0.162003,-1875.0,si
1985-10-08,-0.061196,-708.3,si
1985-10-09,0.278593,3224.5,si
1985-10-10,-0.086632,-1002.7,si
1985-10-11,-0.017796,-206.0,si
1985-10-12,-0.217382,-2516.0,si
1985-10-13,-0.201846,-2336.2,si
1985-10-14,-0.218631,-2530.4,si
1985-10-15,-0.292344,-3383.6,si
1985-10-16,-0.241985,-2800.8,si
1985-10-17,-0.227922,-2638.0,si
1985-10-18,-0.084074,-973.1,si
1985-10-19,-0.182145,-2108.2,si
1985-10-20,0.276502,3200.3,si
1985-10-21,-0.090378,-1046.0,si
1985-10-22,0.038516,445.8,si
1985-10-23,0.085563,990.3,si
1985-10-24,-0.087353,-1011.0,si
1985-10-25,0.178068,2061.0,si
1985-10-26,0.558523,6464.4,si
1985-10-27,0.015088,174.6,si
1985-10-28,0.117884,1364.4,si
1985-10-29,0.671473,7771.7,si
1985-10-30,0.103742,1200.7,si
1985-10-31,0.040697,471.0,si
1985-11-01,-0.107894,-1248.8,si
1985-11-02,0.018593,215.2,si
1985-11-03,-0.011772,-136.3,si
1985-11-04,0.055746,645.2,si
1985-11-05,0.360695,4174.7,si
1985-11-06,0.061220,708.6,si
1985-11-07,0.308647,3572.3,si
1985-11-08,0.014795,171.2,si
1985-11-09,-0.069718,-806.9,si
1985-11-10,-0.048697,-563.6,si
1985-11-11,-0.063749,-737.8,si
1985-11-12,-0.072389,-837.8,si
1985-11-13,0.352043,4074.6,si
1985-11-14,0.404152,4677.7,si
1985-11-15,0.056091,649.2,si
1985-11-16,0.110315,1276.8,si
1985-11-17,0.081315,941.2,si
1985-11-18,-0.005450,-63.1,si
1985-11-19,0.220232,2549.0,si
1985-11-20,0.015401,178.3,si
1985-11-21,0.241543,2795.6,si
1985-11-22,0.227665,2635.0,si
1985-11-23,0.129459,1498.4,si
1985-11-24,0.418919,4848.6,si
1985-11-25,0.014124,163.5,si
1985-11-26,-0.000583,-6.7,si
1985-11-27,0.128759,1490.3,si
1985-11-28,-0.023712,-274.4,si
1985-11-29,-0.023319,-269.9,si
1985-11-30,-0.062210,-720.0,si
1985-12-01,-0.066793,-773.1,si
1985-12-02,0.244051,2824.7,si
1985-12-03,0.397509,4600.8,si
1985-12-04,0.463953,5369.8,si
1985-12-05,0.450437,5213.4,si
1985-12-06,0.335458,3882.6,si
1985-12-07,0.214250,2479.8,si
1985-12-08,0.351058,4063.2,si
1985-12-09,0.162179,1877.1,si
1985-12-10,0.160715,1860.1,si
1985-12-11,0.169982,1967.4,si
1985-12-12,0.222864,2579.4,si
1985-12-13,0.167951,1943.9,si
1985-12-14,0.175584,2032.2,si
1985-12-15,0.146829,1699.4,si
1985-12-16,0.110101,1274.3,si
1985-12-17,0.108187,1252.2,si
1985-12-18,0.157630,1824.4,si
1985-12-19,0.068503,792.9,si
1985-12-20,0.039093,452.5,si
1985-12-21,0.066691,771.9,si
1985-12-22,0.085658,991.4,si
1985-12-23,0.064162,742.6,si
1985-12-24,0.041898,484.9,si
1985-12-25,0.028584,330.8,si
1985-12-26,0.050797,587.9,si
1985-12-27,0.127848,1479.7,si
1985-12-28,0.098184,1136.4,si
1985-12-29,0.097658,1130.3,si
1985-12-30,0.051026,590.6,si
1985-12-31,0.109882,1271.8,si
1986-01-01,0.062986,729.0,si
1986-01-02,0.043356,501.8,si
1986-01-03,0.042537,492.3,si
1986-01-04,0.018952,219.4,si
1986-01-05,-0.004072,-47.1,si
1986-01-06,0.013175,152.5,si
1986-01-07,0.031331,362.6,si
1986-01-08,0.074933,867.3,si
1986-01-09,0.050571,585.3,si
1986-01-10,0.085631,991.1,si
1986-01-11,0.066657,771.5,si
1986-01-12,0.048889,565.8,si
1986-01-13,0.042658,493.7,si
1986-01-14,0.030487,352.9,si
1986-01-15,0.036494,422.4,si
1986-01-16,0.073273,848.1,si
1986-01-17,0.114330,1323.3,si
1986-01-18,0.126842,1468.1,si
1986-01-19,0.059383,687.3,si
1986-01-20,0.117361,1358.3,si
1986-01-21,0.124496,1440.9,si
1986-01-22,0.026425,305.8,si
1986-01-23,0.013264,153.5,si
1986-01-24,0.043571,504.3,si
1986-01-25,0.068262,790.1,si
1986-01-26,0.086999,1006.9,si
1986-01-27,0.009077,105.1,si
1986-01-28,0.032744,379.0,si
1986-01-29,0.036956,427.7,si
1986-01-30,0.053775,622.4,si
1986-01-31,0.085603,990.8,si
1986-02-01,0.201590,2333.2,si
1986-02-02,-0.111762,-1293.5,si
1986-02-03,-0.192357,-2226.4,si
1986-02-04,-0.183118,-2119.4,si
1986-02-05,-0.138546,-1603.5,si
1986-02-06,-0.128541,-1487.7,si
1986-02-07,-0.171642,-1986.6,si
1986-02-08,-0.117296,-1357.6,si
1986-02-09,-0.183663,-2125.7,si
1986-02-10,-0.136505,-1579.9,si
1986-02-11,-0.218443,-2528.3,si
1986-02-12,-0.254841,-2949.6,si
1986-02-13,-0.164281,-1901.4,si
1986-02-14,-0.064776,-749.7,si
1986-02-15,0.015332,177.5,si
1986-02-16,-0.155223,-1796.6,si
1986-02-17,0.303148,3508.7,si
1986-02-18,0.044526,515.4,si
1986-02-19,-0.126581,-1465.1,si
1986-02-20,-0.014544,-168.3,si
1986-02-21,-0.071295,-825.2,si
1986-02-22,0.638564,7390.8,si
1986-02-23,0.143066,1655.9,si
1986-02-24,0.220300,2549.8,si
1986-02-25,0.833475,9646.7,si
1986-02-26,0.185534,2147.4,si
1986-02-27,0.189401,2192.1,si
1986-02-28,0.132561,1534.3,si
1986-03-01,0.545533,6314.0,si
1986-03-02,0.494340,5721.5,si
1986-03-03,0.146913,1700.4,si
1986-03-04,0.134740,1559.5,si
1986-03-05,0.109502,1267.4,si
1986-03-06,0.096101,1112.3,si
1986-03-07,0.117736,1362.7,si
1986-03-08,0.100662,1165.1,si
1986-03-09,-0.011727,-135.7,si
1986-03-10,0.092208,1067.2,si
1986-03-11,0.801232,9273.5,si
1986-03-12,0.281881,3262.5,si
1986-03-13,0.137949,1596.6,si
1986-03-14,0.168134,1946.0,si
1986-03-15,0.677015,7835.8,si
1986-03-16,0.040679,470.8,si
1986-03-17,0.122407,1416.7,si
1986-03-18,0.085916,994.4,si
1986-03-19,0.107706,1246.6,si
1986-03-20,-0.020633,-238.8,si
1986-03-21,-0.011841,-137.0,si
1986-03-22,-0.030730,-355.7,si
1986-03-23,0.014526,168.1,si
1986-03-24,-0.002939,-34.0,si
1986-03-25,-0.063058,-729.8,si
1986-03-26,0.060695,702.5,si
1986-03-27,-0.015788,-182.7,si
1986-03-28,-0.003207,-37.1,si
1986-03-29,-0.044232,-511.9,si
1986-03-30,0.060050,695.0,si
1986-03-31,0.108590,1256.8,si
1986-04-01,-0.019914,-230.5,si
1986-04-02,-0.153329,-1774.6,si
1986-04-03,0.270451,3130.2,si
1986-04-04,0.014709,170.2,si
1986-04-05,0.568722,6582.4,si
1986-04-06,0.159547,1846.6,si
1986-04-07,0.496566,5747.3,si
1986-04-08,0.104296,1207.1,si
1986-04-09,-0.040020,-463.2,si
1986-04-10,-0.109742,-1270.2,si
1986-04-11,-0.137098,-1586.8,si
1986-04-12,0.035465,410.5,si
1986-04-13,-0.137150,-1587.4,si
1986-04-14,0.557568,6453.3,si
1986-04-15,0.007327,84.8,si
1986-04-16,0.118266,1368.8,si
1986-04-17,0.178217,2062.7,si
1986-04-18,0.018130,209.8,si
1986-04-19,0.062261,720.6,si
1986-04-20,-0.038974,-451.1,si
1986-04-21,0.065399,756.9,si
1986-04-22,0.067863,785.5,si
1986-04-23,0.992311,11485.1,si
1986-04-24,0.056339,652.1,si
1986-04-25,0.143505,1660.9,si
1986-04-26,0.095699,1107.6,si
1986-04-27,0.014584,168.8,si
1986-04-28,-0.032269,-373.5,si
1986-04-29,0.998891,11561.2,si
1986-04-30,0.781973,9050.6,si
1986-05-01,0.162755,1883.7,si
1986-05-02,-0.053618,-620.6,si
1986-05-03,-0.089767,-1039.0,si
1986-05-04,-0.083135,-962.2,si
1986-05-05,-0.024070,-278.6,si
1986-05-06,0.159304,1843.8,si
1986-05-07,-0.160379,-1856.2,si
1986-05-08,-0.228337,-2642.8,si
1986-05-09,-0.153364,-1775.0,si
1986-05-10,-0.098232,-1136.9,si
1986-05-11,-0.069584,-805.4,si
1986-05-12,-0.218530,-2529.3,si
1986-05-13,-0.256957,-2974.0,si
1986-05-14,0.039947,462.3,si
1986-05-15,-0.236148,-2733.2,si
1986-05-16,-0.207881,-2406.0,si
1986-05-17,-0.144154,-1668.5,si
1986-05-18,-0.198763,-2300.5,si
1986-05-19,0.175637,2032.8,si
1986-05-20,-0.225727,-2612.6,si
1986-05-21,-0.285345,-3302.6,si
1986-05-22,-0.216119,-2501.4,si
1986-05-23,-0.190200,-2201.4,si
1986-05-24,-0.170519,-1973.6,si
1986-05-25,-0.184404,-2134.3,si
1986-05-26,0.126867,1468.4,si
1986-05-27,-0.061283,-709.3,si
1986-05-28,1.388310,16068.4,si
1986-05-29,0.087701,1015.1,si
1986-05-30,-0.019537,-226.1,si
1986-05-31,0.579690,6709.4,si
1986-06-01,1.257244,14551.4,si
1986-06-02,0.208720,2415.7,si
1986-06-03,0.490581,5678.0,si
1986-06-04,0.037523,434.3,si
1986-06-05,-0.076922,-890.3,si
1986-06-06,0.059134,684.4,si
1986-06-07,-0.222707,-2577.6,si
1986-06-08,-0.163975,-1897.9,si
1986-06-09,-0.322330,-3730.7,si
1986-06-10,-0.268513,-3107.8,si
1986-06-11,-0.323832,-3748.1,si
1986-06-12,-0.414268,-4794.8,si
1986-06-13,-0.404001,-4675.9,si
1986-06-14,0.178895,2070.5,si
1986-06-15,0.032487,376.0,si
1986-06-16,-0.328536,-3802.5,si
1986-06-17,-0.355519,-4114.8,si
1986-06-18,-0.259758,-3006.5,si
1986-06-19,0.080631,933.2,si
1986-06-20,-0.042855,-496.0,si
1986-06-21,-0.211971,-2453.4,si
1986-06-22,-0.184844,-2139.4,si
1986-06-23,-0.081476,-943.0,si
1986-06-24,-0.281482,-3257.9,si
1986-06-25,-0.027149,-314.2,si
1986-06-26,-0.075436,-873.1,si
1986-06-27,0.203060,2350.2,si
1986-06-28,-0.268783,-3110.9,si
1986-06-29,-0.071452,-827.0,si
1986-06-30,-0.299164,-3462.5,si
1986-07-01,-0.402628,-4660.0,si
1986-07-02,0.877387,10154.9,si
1986-07-03,0.050867,588.7,si
1986-07-04,0.011564,133.8,si
1986-07-05,0.895399,10363.4,si
1986-07-06,0.525314,6080.0,si
1986-07-07,0.277094,3207.1,si
1986-07-08,0.042948,497.1,si
1986-07-09,0.246893,2857.6,si
1986-07-10,0.479333,5547.8,si
1986-07-11,0.032333,374.2,si
1986-07-12,-0.124780,-1444.2,si
1986-07-13,-0.008030,-92.9,si
1986-07-14,-0.201903,-2336.8,si
1986-07-15,-0.188619,-2183.1,si
1986-07-16,-0.000382,-4.4,si
1986-07-17,0.133431,1544.3,si
1986-07-18,-0.088107,-1019.8,si
1986-07-19,-0.247377,-2863.2,si
1986-07-20,-0.248215,-2872.9,si
1986-07-21,0.623045,7211.2,si
1986-07-22,1.533959,17754.2,si
1986-07-23,0.864549,10006.4,si
1986-07-24,0.203682,2357.4,si
1986-07-25,0.193205,2236.2,si
1986-07-26,0.371142,4295.6,si
1986-07-27,-0.010785,-124.8,si
1986-07-28,-0.115788,-1340.1,si
1986-07-29,-0.221349,-2561.9,si
1986-07-30,-0.225164,-2606.1,si
1986-07-31,0.194158,2247.2,si
1986-08-01,0.235726,2728.3,si
1986-08-02,0.328206,3798.7,si
1986-08-03,0.129958,1504.1,si
1986-08-04,0.084395,976.8,si
1986-08-05,0.267151,3092.0,si
1986-08-06,0.392707,4545.2,si
1986-08-07,0.434463,5028.5,si
1986-08-08,0.467566,5411.6,si
1986-08-09,0.135602,1569.5,si
1986-08-10,0.131574,1522.8,si
1986-08-11,0.137116,1587.0,si
1986-08-12,0.140981,1631.7,si
1986-08-13,0.014333,165.9,si
1986-08-14,0.006129,70.9,si
1986-08-15,-0.059546,-689.2,si
1986-08-16,0.040650,470.5,si
1986-08-17,0.025151,291.1,si
1986-08-18,-0.126333,-1462.2,si
1986-08-19,-0.076981,-891.0,si
1986-08-20,0.184592,2136.5,si
1986-08-21,0.084025,972.5,si
1986-08-22,-0.013063,-151.2,si
1986-08-23,-0.141191,-1634.2,si
1986-08-24,-0.018542,-214.6,si
1986-08-25,-0.050396,-583.3,si
1986-08-26,-0.082120,-950.5,si
1986-08-27,-0.039172,-453.4,si
1986-08-28,-0.148907,-1723.5,si
1986-08-29,0.238206,2757.0,si
1986-08-30,-0.063989,-740.6,si
1986-08-31,-0.097481,-1128.3,si
1986-09-01,-0.112961,-1307.4,si
1986-09-02,-0.432172,-5002.0,si
1986-09-03,-0.366662,-4243.8,si
1986-09-04,-0.360305,-4170.2,si
1986-09-05,-0.447030,-5174.0,si
1986-09-06,-0.364607,-4220.0,si
1986-09-07,-0.376830,-4361.5,si
1986-09-08,-0.465464,-5387.3,si
1986-09-09,1.252108,14492.0,si
1986-09-10,-0.080607,-932.9,si
1986-09-11,-0.145735,-1686.7,si
1986-09-12,-0.213245,-2468.1,si
1986-09-13,-0.288478,-3338.9,si
1986-09-14,-0.283243,-3278.3,si
1986-09-15,-0.299655,-3468.2,si
1986-09-16,-0.290249,-3359.4,si
1986-09-17,-0.290569,-3363.1,si
1986-09-18,-0.335762,-3886.1,si
1986-09-19,-0.303098,-3508.1,si
1986-09-20,-0.356143,-4122.0,si
1986-09-21,-0.332327,-3846.4,si
1986-09-22,-0.359803,-4164.4,si
1986-09-23,1.364039,15787.5,si
1986-09-24,0.198700,2299.8,si
1986-09-25,-0.070894,-820.5,si
1986-09-26,-0.173142,-2004.0,si
1986-09-27,0.371969,4305.2,si
1986-09-28,0.137875,1595.8,si
1986-09-29,-0.182942,-2117.4,si
1986-09-30,-0.198704,-2299.8,si
1986-10-01,0.179353,2075.8,si
1986-10-02,0.099239,1148.6,si
1986-10-03,0.041671,482.3,si
1986-10-04,-0.058717,-679.6,si
1986-10-05,0.576446,6671.8,si
1986-10-06,1.865499,21591.4,si
1986-10-07,0.540058,6250.7,si
1986-10-08,0.277313,3209.6,si
1986-10-09,0.048745,564.2,si
1986-10-10,0.607165,7027.4,si
1986-10-11,1.438794,16652.7,si
1986-10-12,1.368486,15839.0,si
1986-10-13,0.801231,9273.5,si
1986-10-14,0.555320,6427.3,si
1986-10-15,0.239003,2766.2,si
1986-10-16,0.412455,4773.8,si
1986-10-17,0.400497,4635.4,si
1986-10-18,0.492515,5700.4,si
1986-10-19,0.776218,8984.0,si
1986-10-20,0.881387,10201.2,si
1986-10-21,0.211287,2445.5,si
1986-10-22,0.137337,1589.5,si
1986-10-23,0.109742,1270.2,si
1986-10-24,0.006403,74.1,si
1986-10-25,-0.159843,-1850.0,si
1986-10-26,0.119023,1377.6,si
1986-10-27,-0.125197,-1449.0,si
1986-10-28,0.495808,5738.5,si
1986-10-29,0.039095,452.5,si
1986-10-30,-0.088624,-1025.7,si
1986-10-31,-0.068560,-793.5,si
1986-11-01,-0.198626,-2298.9,si
1986-11-02,0.391857,4535.4,si
1986-11-03,0.274814,3180.7,si
1986-11-04,0.246645,2854.7,si
1986-11-05,0.647881,7498.6,si
1986-11-06,0.301380,3488.2,si
1986-11-07,0.199284,2306.5,si
1986-11-08,0.178209,2062.6,si
1986-11-09,0.898350,10397.6,si
1986-11-10,0.966726,11189.0,si
1986-11-11,0.414160,4793.5,si
1986-11-12,0.347614,4023.3,si
1986-11-13,0.260724,3017.6,si
1986-11-14,0.235645,2727.4,si
1986-11-15,0.171052,1979.8,si
1986-11-16,0.146244,1692.6,si
1986-11-17,0.114006,1319.5,si
1986-11-18,0.164818,1907.6,si
1986-11-19,0.307720,3561.6,si
1986-11-20,0.127040,1470.4,si
1986-11-21,0.145207,1680.6,si
1986-11-22,0.145776,1687.2,si
1986-11-23,0.179243,2074.6,si
1986-11-24,0.379643,4394.0,si
1986-11-25,0.598541,6927.6,si
1986-11-26,0.889289,10292.7,si
1986-11-27,0.923209,10685.3,si
1986-11-28,0.438744,5078.1,si
1986-11-29,0.367452,4252.9,si
1986-11-30,0.245944,2846.6,si
1986-12-01,0.210678,2438.4,si
1986-12-02,0.280530,3246.9,si
1986-12-03,0.206675,2392.1,si
1986-12-04,0.377237,4366.2,si
1986-12-05,0.320608,3710.7,si
1986-12-06,0.228472,2644.4,si
1986-12-07,0.221343,2561.8,si
1986-12-08,0.133527,1545.4,si
1986-12-09,0.149126,1726.0,si
1986-12-10,0.153358,1775.0,si
1986-12-11,0.166632,1928.6,si
1986-12-12,0.219745,2543.3,si
1986-12-13,0.166188,1923.5,si
1986-12-14,0.176768,2045.9,si
1986-12-15,0.192204,2224.6,si
1986-12-16,0.113323,1311.6,si
1986-12-17,0.111910,1295.3,si
1986-12-18,0.162183,1877.1,si
1986-12-19,0.075395,872.6,si
1986-12-20,0.047354,548.1,si
1986-12-21,0.075462,873.4,si
1986-12-22,0.141782,1641.0,si
1986-12-23,0.073486,850.5,si
1986-12-24,0.054861,635.0,si
1986-12-25,0.041799,483.8,si
1986-12-26,0.051889,600.6,si
1986-12-27,0.138076,1598.1,si
1986-12-28,0.109631,1268.9,si
1986-12-29,0.107248,1241.3,si
1986-12-30,0.058495,677.0,si
1986-12-31,0.117547,1360.5,si
1987-01-01,0.072628,840.6,si
1987-01-02,0.000226,2.6,si
1987-01-03,0.001335,15.5,si
1987-01-04,-0.023304,-269.7,si
1987-01-05,-0.045359,-525.0,si
1987-01-06,-0.027030,-312.8,si
1987-01-07,-0.009897,-114.5,si
1987-01-08,0.034777,402.5,si
1987-01-09,0.075056,868.7,si
1987-01-10,0.042398,490.7,si
1987-01-11,0.024435,282.8,si
1987-01-12,0.007975,92.3,si
1987-01-13,0.001696,19.6,si
1987-01-14,-0.010537,-122.0,si
1987-01-15,-0.005778,-66.9,si
1987-01-16,0.028069,324.9,si
1987-01-17,0.051210,592.7,si
1987-01-18,0.053201,615.8,si
1987-01-19,-0.006158,-71.3,si
1987-01-20,0.072474,838.8,si
1987-01-21,0.085359,987.9,si
1987-01-22,-0.013857,-160.4,si
1987-01-23,-0.025973,-300.6,si
1987-01-24,0.002461,28.5,si
1987-01-25,0.028236,326.8,si
1987-01-26,0.046919,543.0,si
1987-01-27,-0.032104,-371.6,si
1987-01-28,-0.008483,-98.2,si
1987-01-29,-0.006370,-73.7,si
1987-01-30,0.010392,120.3,si
1987-01-31,0.042189,488.3,si
1987-02-01,0.072808,842.7,si
1987-02-02,0.111468,1290.1,si
1987-02-03,0.138356,1601.3,si
1987-02-04,0.089102,1031.3,si
1987-02-05,0.131717,1524.5,si
1987-02-06,0.141658,1639.6,si
1987-02-07,0.098217,1136.8,si
1987-02-08,0.157014,1817.3,si
1987-02-09,0.154671,1790.2,si
1987-02-10,0.137861,1595.6,si
1987-02-11,0.066479,769.4,si
1987-02-12,0.156405,1810.2,si
1987-02-13,0.081738,946.0,si
1987-02-14,0.404564,4682.5,si
1987-02-15,0.158804,1838.0,si
1987-02-16,0.219772,2543.7,si
1987-02-17,0.093789,1085.5,si
1987-02-18,0.055446,641.7,si
1987-02-19,0.052706,610.0,si
1987-02-20,0.064134,742.3,si
1987-02-21,0.111154,1286.5,si
1987-02-22,0.118841,1375.5,si
1987-02-23,0.036911,427.2,si
1987-02-24,0.103631,1199.4,si
1987-02-25,0.030719,355.5,si
1987-02-26,0.078605,909.8,si
1987-02-27,0.102314,1184.2,si
1987-02-28,0.062535,723.8,si
1987-03-01,0.088080,1019.4,si
1987-03-02,0.013604,157.5,si
1987-03-03,-0.068467,-792.4,si
1987-03-04,0.252946,2927.6,si
1987-03-05,0.055762,645.4,si
1987-03-06,0.104353,1207.8,si
1987-03-07,0.136445,1579.2,si
1987-03-08,0.068795,796.2,si
1987-03-09,-0.034150,-395.3,si
1987-03-10,0.053960,624.5,si
1987-03-11,0.040886,473.2,si
1987-03-12,0.374899,4339.1,si
1987-03-13,0.129566,1499.6,si
1987-03-14,0.077764,900.0,si
1987-03-15,0.484866,5611.9,si
1987-03-16,1.002552,11603.6,si
1987-03-17,0.155202,1796.3,si
1987-03-18,0.123986,1435.0,si
1987-03-19,0.097573,1129.3,si
1987-03-20,0.024510,283.7,si
1987-03-21,0.037419,433.1,si
1987-03-22,0.022825,264.2,si
1987-03-23,0.069470,804.0,si
1987-03-24,0.055326,640.3,si
1987-03-25,-0.003540,-41.0,si
1987-03-26,0.121411,1405.2,si
1987-03-27,0.038531,446.0,si
1987-03-28,0.116004,1342.6,si
1987-03-29,0.545227,6310.5,si
1987-03-30,0.169578,1962.7,si
1987-03-31,0.213430,2470.3,si
1987-04-01,0.087905,1017.4,si
1987-04-02,-0.140825,-1629.9,si
1987-04-03,0.365115,4225.9,si
1987-04-04,0.045308,524.4,si
1987-04-05,-0.083197,-962.9,si
1987-04-06,-0.154360,-1786.6,si
1987-04-07,0.020895,241.8,si
1987-04-08,0.048579,562.3,si
1987-04-09,-0.137394,-1590.2,si
1987-04-10,-0.172917,-2001.4,si
1987-04-11,-0.102261,-1183.6,si
1987-04-12,-0.214648,-2484.3,si
1987-04-13,-0.240958,-2788.9,si
1987-04-14,-0.230925,-2672.7,si
1987-04-15,-0.214539,-2483.1,si
1987-04-16,-0.183705,-2126.2,si
1987-04-17,-0.124946,-1446.1,si
1987-04-18,-0.113915,-1318.5,si
1987-04-19,0.141554,1638.4,si
1987-04-20,-0.082200,-951.4,si
1987-04-21,-0.138770,-1606.1,si
1987-04-22,-0.048558,-562.0,si
1987-04-23,-0.100448,-1162.6,si
1987-04-24,-0.154495,-1788.1,si
1987-04-25,-0.012121,-140.3,si
1987-04-26,0.431852,4998.3,si
1987-04-27,0.162453,1880.2,si
1987-04-28,-0.140662,-1628.0,si
1987-04-29,-0.047558,-550.4,si
1987-04-30,0.962363,11138.5,si
1987-05-01,1.580049,18287.6,si
1987-05-02,0.226811,2625.1,si
1987-05-03,0.054280,628.2,si
1987-05-04,0.045117,522.2,si
1987-05-05,0.769865,8910.5,si
1987-05-06,0.111587,1291.5,si
1987-05-07,0.574660,6651.2,si
1987-05-08,0.640829,7417.0,si
1987-05-09,1.269375,14691.8,si
1987-05-10,0.617231,7143.9,si
1987-05-11,0.234821,2717.8,si
1987-05-12,0.071263,824.8,si
1987-05-13,0.331021,3831.3,si
1987-05-14,0.499456,5780.7,si
1987-05-15,-0.001977,-22.9,si
1987-05-16,0.056065,648.9,si
1987-05-17,0.158709,1836.9,si
1987-05-18,-0.005532,-64.0,si
1987-05-19,0.079578,921.0,si
1987-05-20,-0.060207,-696.8,si
1987-05-21,-0.179616,-2078.9,si
1987-05-22,0.073918,855.5,si
1987-05-23,0.993125,11494.5,si
1987-05-24,0.538788,6236.0,si
1987-05-25,0.193564,2240.3,si
1987-05-26,0.403990,4675.8,si
1987-05-27,0.120239,1391.7,si
1987-05-28,0.034210,396.0,si
1987-05-29,-0.012225,-141.5,si
1987-05-30,-0.010398,-120.3,si
1987-05-31,0.592884,6862.1,si
1987-06-01,0.191953,2221.7,si
1987-06-02,-0.224438,-2597.7,si
1987-06-03,-0.228805,-2648.2,si
1987-06-04,-0.083686,-968.6,si
1987-06-05,-0.253838,-2937.9,si
1987-06-06,-0.284747,-3295.7,si
1987-06-07,-0.325054,-3762.2,si
1987-06-08,0.726360,8406.9,si
1987-06-09,-0.106988,-1238.3,si
1987-06-10,-0.105786,-1224.4,si
1987-06-11,-0.182503,-2112.3,si
1987-06-12,-0.252832,-2926.3,si
1987-06-13,-0.306030,-3542.0,si
1987-06-14,-0.317177,-3671.0,si
1987-06-15,-0.231643,-2681.1,si
1987-06-16,-0.341775,-3955.7,si
1987-06-17,0.088181,1020.6,si
1987-06-18,-0.246943,-2858.1,si
1987-06-19,0.005528,64.0,si
1987-06-20,-0.194486,-2251.0,si
1987-06-21,-0.226287,-2619.1,si
1987-06-22,-0.156273,-1808.7,si
1987-06-23,0.817322,9459.7,si
1987-06-24,0.922447,10676.5,si
1987-06-25,0.585614,6777.9,si
1987-06-26,0.648818,7509.5,si
1987-06-27,0.171241,1982.0,si
1987-06-28,-0.111901,-1295.2,si
1987-06-29,-0.157567,-1823.7,si
1987-06-30,-0.120997,-1400.4,si
1987-07-01,-0.263828,-3053.6,si
1987-07-02,-0.213233,-2468.0,si
1987-07-03,-0.098865,-1144.3,si
1987-07-04,0.483103,5591.5,si
1987-07-05,0.039016,451.6,si
1987-07-06,-0.175471,-2030.9,si
1987-07-07,-0.241668,-2797.1,si
1987-07-08,-0.122334,-1415.9,si
1987-07-09,0.042905,496.6,si
1987-07-10,0.130346,1508.6,si
1987-07-11,0.262016,3032.6,si
1987-07-12,-0.106035,-1227.3,si
1987-07-13,0.563376,6520.6,si
1987-07-14,0.324959,3761.1,si
1987-07-15,0.033126,383.4,si
1987-07-16,1.260067,14584.1,si
1987-07-17,0.415109,4804.5,si
1987-07-18,0.123376,1428.0,si
1987-07-19,0.434343,5027.1,si
1987-07-20,0.089483,1035.7,si
1987-07-21,0.269853,3123.3,si
1987-07-22,-0.152860,-1769.2,si
1987-07-23,-0.163222,-1889.1,si
1987-07-24,-0.222672,-2577.2,si
1987-07-25,-0.017128,-198.2,si
1987-07-26,-0.173652,-2009.9,si
1987-07-27,-0.226767,-2624.6,si
1987-07-28,-0.259417,-3002.5,si
1987-07-29,-0.244094,-2825.2,si
1987-07-30,0.138130,1598.7,si
1987-07-31,0.337308,3904.0,si
1987-08-01,-0.087461,-1012.3,si
1987-08-02,0.165284,1913.0,si
1987-08-03,0.196052,2269.1,si
1987-08-04,-0.112942,-1307.2,si
1987-08-05,-0.141696,-1640.0,si
1987-08-06,0.218207,2525.5,si
1987-08-07,-0.111994,-1296.2,si
1987-08-08,-0.014946,-173.0,si
1987-08-09,0.592074,6852.7,si
1987-08-10,0.121594,1407.3,si
1987-08-11,0.232565,2691.7,si
1987-08-12,0.548694,6350.6,si
1987-08-13,0.445303,5154.0,si
1987-08-14,0.094455,1093.2,si
1987-08-15,0.047884,554.2,si
1987-08-16,-0.065786,-761.4,si
1987-08-17,0.133118,1540.7,si
1987-08-18,-0.050252,-581.6,si
1987-08-19,-0.109998,-1273.1,si
1987-08-20,-0.076845,-889.4,si
1987-08-21,-0.003264,-37.8,si
1987-08-22,-0.030807,-356.6,si
1987-08-23,-0.106449,-1232.0,si
1987-08-24,-0.103212,-1194.6,si
1987-08-25,-0.004538,-52.5,si
1987-08-26,0.855131,9897.3,si
1987-08-27,0.046312,536.0,si
1987-08-28,-0.063608,-736.2,si
1987-08-29,0.175509,2031.4,si
1987-08-30,-0.060244,-697.3,si
1987-08-31,-0.004637,-53.7,si
1987-09-01,-0.139899,-1619.2,si
1987-09-02,-0.084152,-974.0,si
1987-09-03,0.095880,1109.7,si
1987-09-04,0.324697,3758.1,si
1987-09-05,0.411911,4767.5,si
1987-09-06,0.312831,3620.7,si
1987-09-07,-0.019404,-224.6,si
1987-09-08,-0.081684,-945.4,si
1987-09-09,-0.071942,-832.7,si
1987-09-10,-0.141306,-1635.5,si
1987-09-11,-0.002762,-32.0,si
1987-09-12,-0.024097,-278.9,si
1987-09-13,-0.098906,-1144.7,si
1987-09-14,-0.075338,-872.0,si
1987-09-15,0.382231,4424.0,si
1987-09-16,0.804337,9309.5,si
1987-09-17,0.160658,1859.5,si
1987-09-18,0.001410,16.3,si
1987-09-19,0.030823,356.7,si
1987-09-20,0.021566,249.6,si
1987-09-21,0.046373,536.7,si
1987-09-22,0.069400,803.2,si
1987-09-23,0.791807,9164.4,si
1987-09-24,0.337395,3905.0,si
1987-09-25,0.045387,525.3,si
1987-09-26,0.217543,2517.9,si
1987-09-27,-0.032753,-379.1,si
1987-09-28,0.016874,195.3,si
1987-09-29,-0.064477,-746.3,si
1987-09-30,0.172989,2002.2,si
1987-10-01,0.411395,4761.5,si
1987-10-02,0.352437,4079.1,si
1987-10-03,0.706074,8172.2,si
1987-10-04,0.552001,6388.9,si
1987-10-05,0.236365,2735.7,si
1987-10-06,0.061324,709.8,si
1987-10-07,-0.037898,-438.6,si
1987-10-08,0.012052,139.5,si
1987-10-09,-0.010022,-116.0,si
1987-10-10,-0.057727,-668.1,si
1987-10-11,-0.070243,-813.0,si
1987-10-12,-0.143011,-1655.2,si
1987-10-13,0.086670,1003.1,si
1987-10-14,0.147934,1712.2,si
1987-10-15,-0.183509,-2124.0,si
1987-10-16,-0.146646,-1697.3,si
1987-10-17,0.540599,6256.9,si
1987-10-18,0.418198,4840.3,si
1987-10-19,0.457181,5291.4,si
1987-10-20,0.054493,630.7,si
1987-10-21,0.035328,408.9,si
1987-10-22,-0.086775,-1004.3,si
1987-10-23,0.059373,687.2,si
1987-10-24,-0.102695,-1188.6,si
1987-10-25,-0.116061,-1343.3,si
1987-10-26,0.036416,421.5,si
1987-10-27,0.083321,964.4,si
1987-10-28,-0.105792,-1224.4,si
1987-10-29,-0.007670,-88.8,si
1987-10-30,0.677055,7836.3,si
1987-10-31,0.152044,1759.8,si
1987-11-01,0.246635,2854.6,si
1987-11-02,0.825726,9557.0,si
1987-11-03,1.006617,11650.7,si
1987-11-04,0.421855,4882.6,si
1987-11-05,0.192095,2223.3,si
1987-11-06,0.157251,1820.0,si
1987-11-07,0.109963,1272.7,si
1987-11-08,0.102995,1192.1,si
1987-11-09,0.024180,279.9,si
1987-11-10,0.008960,103.7,si
1987-11-11,-0.005271,-61.0,si
1987-11-12,-0.031365,-363.0,si
1987-11-13,-0.028215,-326.6,si
1987-11-14,-0.028574,-330.7,si
1987-11-15,-0.074543,-862.8,si
1987-11-16,-0.072568,-839.9,si
1987-11-17,-0.092509,-1070.7,si
1987-11-18,-0.034817,-403.0,si
1987-11-19,-0.060309,-698.0,si
1987-11-20,0.346841,4014.4,si
1987-11-21,0.003812,44.1,si
1987-11-22,0.261490,3026.5,si
1987-11-23,0.031714,367.1,si
1987-11-24,0.284319,3290.7,si
1987-11-25,0.196256,2271.5,si
1987-11-26,0.115498,1336.8,si
1987-11-27,0.375185,4342.4,si
1987-11-28,0.358253,4146.4,si
1987-11-29,0.223155,2582.8,si
1987-11-30,0.621520,7193.5,si
1987-12-01,0.789357,9136.1,si
1987-12-02,0.456809,5287.1,si
1987-12-03,0.307478,3558.8,si
1987-12-04,0.562625,6511.9,si
1987-12-05,1.405017,16261.8,si
1987-12-06,0.985490,11406.1,si
1987-12-07,0.550255,6368.7,si
1987-12-08,0.392115,4538.4,si
1987-12-09,0.347597,4023.1,si
1987-12-10,0.313362,3626.9,si
1987-12-11,0.336936,3899.7,si
1987-12-12,0.401047,4641.7,si
1987-12-13,0.565490,6545.0,si
1987-12-14,0.294730,3411.2,si
1987-12-15,0.246375,2851.6,si
1987-12-16,0.196764,2277.4,si
1987-12-17,0.185107,2142.4,si
1987-12-18,0.227746,2635.9,si
1987-12-19,0.129811,1502.4,si
1987-12-20,0.098007,1134.3,si
1987-12-21,0.121013,1400.6,si
1987-12-22,0.137300,1589.1,si
1987-12-23,0.112369,1300.6,si
1987-12-24,0.090467,1047.1,si
1987-12-25,0.075733,876.5,si
1987-12-26,0.082376,953.4,si
1987-12-27,0.167444,1938.0,si
1987-12-28,0.137029,1586.0,si
1987-12-29,0.133771,1548.3,si
1987-12-30,0.114270,1322.6,si
1987-12-31,0.139870,1618.9,si
1988-01-01,0.093985,1087.8,si
1988-01-02,0.143435,1660.1,si
1988-01-03,0.141606,1639.0,si
1988-01-04,0.121829,1410.1,si
1988-01-05,0.097935,1133.5,si
1988-01-06,0.116581,1349.3,si
1988-01-07,0.132967,1539.0,si
1988-01-08,0.175912,2036.0,si
1988-01-09,0.148842,1722.7,si
1988-01-10,0.183438,2123.1,si
1988-01-11,0.163893,1896.9,si
1988-01-12,0.146793,1699.0,si
1988-01-13,0.140066,1621.1,si
1988-01-14,0.128512,1487.4,si
1988-01-15,0.134082,1551.9,si
1988-01-16,0.200566,2321.4,si
1988-01-17,0.166245,1924.1,si
1988-01-18,0.202627,2345.2,si
1988-01-19,0.130961,1515.8,si
1988-01-20,0.210433,2435.6,si
1988-01-21,0.217249,2514.5,si
1988-01-22,0.118913,1376.3,si
1988-01-23,0.105444,1220.4,si
1988-01-24,0.133655,1546.9,si
1988-01-25,0.160171,1853.8,si
1988-01-26,0.178661,2067.8,si
1988-01-27,0.100546,1163.7,si
1988-01-28,0.123989,1435.1,si
1988-01-29,0.128093,1482.6,si
1988-01-30,0.145701,1686.4,si
1988-01-31,0.178979,2071.5,si
1988-02-01,0.209926,2429.7,si
1988-02-02,0.164239,1900.9,si
1988-02-03,0.135841,1572.2,si
1988-02-04,0.146405,1694.5,si
1988-02-05,0.191446,2215.8,si
1988-02-06,0.201273,2329.6,si
1988-02-07,0.180551,2089.7,si
1988-02-08,0.208905,2417.9,si
1988-02-09,0.144156,1668.5,si
1988-02-10,0.228045,2639.4,si
1988-02-11,0.162964,1886.2,si
1988-02-12,0.095367,1103.8,si
1988-02-13,0.097270,1125.8,si
1988-02-14,0.195891,2267.3,si
1988-02-15,0.197789,2289.2,si
1988-02-16,0.159925,1851.0,si
1988-02-17,0.133597,1546.3,si
1988-02-18,0.098625,1141.5,si
1988-02-19,0.096002,1111.1,si
1988-02-20,0.107525,1244.5,si
1988-02-21,0.155410,1798.7,si
1988-02-22,0.162194,1877.2,si
1988-02-23,0.081867,947.5,si
1988-02-24,0.126722,1466.7,si
1988-02-25,0.640333,7411.3,si
1988-02-26,0.165862,1919.7,si
1988-02-27,0.280932,3251.5,si
1988-02-28,0.131341,1520.1,si
1988-02-29,0.155961,1805.1,si
1988-03-01,0.161600,1870.4,si
1988-03-02,0.020629,238.8,si
1988-03-03,0.121262,1403.5,si
1988-03-04,0.115303,1334.5,si
1988-03-05,0.119094,1378.4,si
1988-03-06,0.153229,1773.5,si
1988-03-07,0.153531,1777.0,si
1988-03-08,0.059871,693.0,si
1988-03-09,0.148848,1722.8,si
1988-03-10,0.124967,1446.4,si
1988-03-11,0.234369,2712.6,si
1988-03-12,0.156605,1812.6,si
1988-03-13,0.333107,3855.4,si
1988-03-14,0.143162,1657.0,si
1988-03-15,0.023927,276.9,si
1988-03-16,0.184649,2137.1,si
1988-03-17,0.113324,1311.6,si
1988-03-18,0.095270,1102.7,si
1988-03-19,0.027468,317.9,si
1988-03-20,0.044909,519.8,si
1988-03-21,0.035288,408.4,si
1988-03-22,0.085504,989.6,si
1988-03-23,0.073878,855.1,si
1988-03-24,0.018463,213.7,si
1988-03-25,0.146949,1700.8,si
1988-03-26,0.067840,785.2,si
1988-03-27,0.125452,1452.0,si
1988-03-28,0.053887,623.7,si
1988-03-29,0.205652,2380.2,si
1988-03-30,0.331338,3834.9,si
1988-03-31,0.109835,1271.2,si
1988-04-01,0.014168,164.0,si
1988-04-02,0.022061,255.3,si
1988-04-03,0.216750,2508.7,si
1988-04-04,0.058985,682.7,si
1988-04-05,0.000450,5.2,si
1988-04-06,0.900750,10425.3,si
1988-04-07,0.150167,1738.0,si
1988-04-08,0.459659,5320.1,si
1988-04-09,0.292297,3383.1,si
1988-04-10,0.200258,2317.8,si
1988-04-11,0.166429,1926.3,si
1988-04-12,0.299158,3462.5,si
1988-04-13,0.025440,294.4,si
1988-04-14,0.319524,3698.2,si
1988-04-15,0.076529,885.8,si
1988-04-16,0.129397,1497.7,si
1988-04-17,0.129312,1496.7,si
1988-04-18,0.082427,954.0,si
1988-04-19,0.097686,1130.6,si
1988-04-20,0.096361,1115.3,si
1988-04-21,0.192464,2227.6,si
1988-04-22,0.042897,496.5,si
1988-04-23,0.022376,259.0,si
1988-04-24,0.072275,836.5,si
1988-04-25,0.072366,837.6,si
1988-04-26,0.088650,1026.0,si
1988-04-27,0.043876,507.8,si
1988-04-28,0.120004,1388.9,si
1988-04-29,0.395495,4577.5,si
1988-04-30,0.078305,906.3,si
1988-05-01,0.079576,921.0,si
1988-05-02,-0.069121,-800.0,si
1988-05-03,0.884868,10241.5,si
1988-05-04,0.077928,901.9,si
1988-05-05,-0.014381,-166.4,si
1988-05-06,0.224451,2597.8,si
1988-05-07,-0.069914,-809.2,si
1988-05-08,0.233765,2705.6,si
1988-05-09,0.043938,508.5,si
1988-05-10,0.009639,111.6,si
1988-05-11,-0.108482,-1255.6,si
1988-05-12,-0.079599,-921.3,si
1988-05-13,-0.020034,-231.9,si
1988-05-14,-0.120072,-1389.7,si
1988-05-15,0.155079,1794.9,si
1988-05-16,-0.019633,-227.2,si
1988-05-17,-0.019472,-225.4,si
1988-05-18,-0.046870,-542.5,si
1988-05-19,-0.069244,-801.4,si
1988-05-20,-0.128341,-1485.4,si
1988-05-21,-0.094146,-1089.7,si
1988-05-22,-0.121501,-1406.3,si
1988-05-23,0.163340,1890.5,si
1988-05-24,0.051599,597.2,si
1988-05-25,0.073435,849.9,si
1988-05-26,0.012248,141.8,si
1988-05-27,-0.038679,-447.7,si
1988-05-28,-0.056828,-657.7,si
1988-05-29,-0.050827,-588.3,si
1988-05-30,-0.080598,-932.8,si
1988-05-31,0.484647,5609.3,si
1988-06-01,0.601070,6956.8,si
1988-06-02,0.318435,3685.6,si
1988-06-03,0.579059,6702.1,si
1988-06-04,0.391488,4531.1,si
1988-06-05,0.180635,2090.7,si
1988-06-06,0.010990,127.2,si
1988-06-07,-0.006435,-74.5,si
1988-06-08,0.619069,7165.1,si
1988-06-09,0.487368,5640.8,si
1988-06-10,0.232531,2691.3,si
1988-06-11,0.164037,1898.6,si
1988-06-12,-0.028602,-331.0,si
1988-06-13,0.100705,1165.6,si
1988-06-14,0.012546,145.2,si
1988-06-15,-0.040949,-474.0,si
1988-06-16,-0.042861,-496.1,si
1988-06-17,0.234216,2710.8,si
1988-06-18,0.029240,338.4,si
1988-06-19,0.223829,2590.6,si
1988-06-20,0.080277,929.1,si
1988-06-21,-0.068912,-797.6,si
1988-06-22,-0.008407,-97.3,si
1988-06-23,0.171886,1989.4,si
1988-06-24,0.053336,617.3,si
1988-06-25,-0.022923,-265.3,si
1988-06-26,-0.093442,-1081.5,si
1988-06-27,-0.151484,-1753.3,si
1988-06-28,0.119691,1385.3,si
1988-06-29,0.248176,2872.4,si
1988-06-30,0.091439,1058.3,si
1988-07-01,0.094254,1090.9,si
1988-07-02,-0.005967,-69.1,si
1988-07-03,-0.005701,-66.0,si
1988-07-04,-0.075353,-872.1,si
1988-07-05,0.171248,1982.0,si
1988-07-06,-0.061221,-708.6,si
1988-07-07,-0.167771,-1941.8,si
1988-07-08,0.162865,1885.0,si
1988-07-09,0.374932,4339.5,si
1988-07-10,0.686315,7943.5,si
1988-07-11,0.405853,4697.4,si
1988-07-12,0.469679,5436.1,si
1988-07-13,0.145010,1678.4,si
1988-07-14,-0.000377,-4.4,si
1988-07-15,0.132477,1533.3,si
1988-07-16,0.065108,753.6,si
1988-07-17,0.168231,1947.1,si
1988-07-18,0.119260,1380.3,si
1988-07-19,0.281593,3259.2,si
1988-07-20,0.161214,1865.9,si
1988-07-21,-0.102540,-1186.8,si
1988-07-22,0.423339,4899.8,si
1988-07-23,0.362031,4190.2,si
1988-07-24,0.015085,174.6,si
1988-07-25,1.417291,16403.8,si
1988-07-26,0.286993,3321.7,si
1988-07-27,0.195011,2257.1,si
1988-07-28,0.109617,1268.7,si
1988-07-29,0.085585,990.6,si
1988-07-30,0.038589,446.6,si
1988-07-31,0.040222,465.5,si
1988-08-01,0.004214,48.8,si
1988-08-02,-0.055562,-643.1,si
1988-08-03,-0.107681,-1246.3,si
1988-08-04,-0.121392,-1405.0,si
1988-08-05,-0.127233,-1472.6,si
1988-08-06,-0.114855,-1329.3,si
1988-08-07,-0.138283,-1600.5,si
1988-08-08,-0.026472,-306.4,si
1988-08-09,0.188583,2182.7,si
1988-08-10,-0.136993,-1585.6,si
1988-08-11,-0.178201,-2062.5,si
1988-08-12,-0.185486,-2146.8,si
1988-08-13,-0.149617,-1731.7,si
1988-08-14,0.292173,3381.6,si
1988-08-15,-0.111123,-1286.1,si
1988-08-16,-0.293695,-3399.3,si
1988-08-17,-0.107554,-1244.8,si
1988-08-18,-0.206653,-2391.8,si
1988-08-19,0.089304,1033.6,si
1988-08-20,0.009193,106.4,si
1988-08-21,0.243323,2816.2,si
1988-08-22,-0.158019,-1828.9,si
1988-08-23,-0.153395,-1775.4,si
1988-08-24,-0.106252,-1229.8,si
1988-08-25,-0.103813,-1201.5,si
1988-08-26,-0.153939,-1781.7,si
1988-08-27,0.188468,2181.3,si
1988-08-28,-0.030399,-351.8,si
1988-08-29,-0.164079,-1899.1,si
1988-08-30,0.111582,1291.5,si
1988-08-31,0.107037,1238.9,si
1988-09-01,0.139524,1614.9,si
1988-09-02,-0.185099,-2142.4,si
1988-09-03,-0.251327,-2908.9,si
1988-09-04,-0.391860,-4535.4,si
1988-09-05,-0.358872,-4153.6,si
1988-09-06,-0.137509,-1591.5,si
1988-09-07,-0.439697,-5089.1,si
1988-09-08,-0.075175,-870.1,si
1988-09-09,0.180314,2087.0,si
1988-09-10,0.635515,7355.5,si
1988-09-11,0.754268,8730.0,si
1988-09-12,0.553143,6402.1,si
1988-09-13,-0.046654,-540.0,si
1988-09-14,-0.099007,-1145.9,si
1988-09-15,-0.141371,-1636.2,si
1988-09-16,-0.184603,-2136.6,si
1988-09-17,-0.229380,-2654.9,si
1988-09-18,1.085389,12562.4,si
1988-09-19,0.104372,1208.0,si
1988-09-20,0.425182,4921.1,si
1988-09-21,-0.060519,-700.5,si
1988-09-22,0.137621,1592.8,si
1988-09-23,-0.018992,-219.8,si
1988-09-24,-0.237085,-2744.0,si
1988-09-25,-0.047807,-553.3,si
1988-09-26,-0.297392,-3442.0,si
1988-09-27,1.445539,16730.8,si
1988-09-28,0.141497,1637.7,si
1988-09-29,-0.013954,-161.5,si
1988-09-30,0.553452,6405.7,si
1988-10-01,-0.003703,-42.9,si
1988-10-02,-0.202434,-2343.0,si
1988-10-03,-0.252976,-2928.0,si
1988-10-04,-0.235334,-2723.8,si
1988-10-05,-0.283273,-3278.6,si
1988-10-06,-0.340614,-3942.3,si
1988-10-07,-0.248730,-2878.8,si
1988-10-08,-0.313640,-3630.1,si
1988-10-09,-0.372464,-4310.9,si
1988-10-10,-0.321900,-3725.7,si
1988-10-11,-0.388838,-4500.4,si
1988-10-12,0.030253,350.2,si
1988-10-13,0.975666,11292.4,si
1988-10-14,1.142239,13220.4,si
1988-10-15,0.428090,4954.7,si
1988-10-16,1.084858,12556.2,si
1988-10-17,1.193597,13814.8,si
1988-10-18,0.480280,5558.8,si
1988-10-19,1.385426,16035.0,si
1988-10-20,1.120189,12965.2,si
1988-10-21,1.201926,13911.2,si
1988-10-22,0.365489,4230.2,si
1988-10-23,0.073472,850.4,si
1988-10-24,0.092298,1068.3,si
1988-10-25,-0.074410,-861.2,si
1988-10-26,0.190645,2206.5,si
1988-10-27,-0.140180,-1622.5,si
1988-10-28,-0.187425,-2169.3,si
1988-10-29,0.558797,6467.6,si
1988-10-30,0.128056,1482.1,si
1988-10-31,0.120726,1397.3,si
1988-11-01,-0.146043,-1690.3,si
1988-11-02,0.388165,4492.6,si
1988-11-03,0.271173,3138.6,si
1988-11-04,-0.018890,-218.6,si
1988-11-05,0.273865,3169.7,si
1988-11-06,0.384499,4450.2,si
1988-11-07,0.944683,10933.8,si
1988-11-08,0.917209,10615.8,si
1988-11-09,0.287664,3329.4,si
1988-11-10,0.175565,2032.0,si
1988-11-11,0.131546,1522.5,si
1988-11-12,0.014879,172.2,si
1988-11-13,-0.013183,-152.6,si
1988-11-14,1.147238,13278.2,si
1988-11-15,0.716852,8296.9,si
1988-11-16,0.500789,5796.2,si
1988-11-17,0.492248,5697.3,si
1988-11-18,0.489133,5661.3,si
1988-11-19,0.257512,2980.5,si
1988-11-20,0.112605,1303.3,si
1988-11-21,0.498340,5767.8,si
1988-11-22,0.685773,7937.2,si
1988-11-23,0.608901,7047.5,si
1988-11-24,0.345211,3995.5,si
1988-11-25,0.368717,4267.6,si
1988-11-26,0.068173,789.0,si
1988-11-27,0.051894,600.6,si
1988-11-28,0.056101,649.3,si
1988-11-29,-0.034320,-397.2,si
1988-11-30,-0.090459,-1047.0,si
1988-12-01,-0.088620,-1025.7,si
1988-12-02,0.307602,3560.2,si
1988-12-03,0.452410,5236.2,si
1988-12-04,0.258931,2996.9,si
1988-12-05,0.439992,5092.5,si
1988-12-06,0.216673,2507.8,si
1988-12-07,0.264092,3056.6,si
1988-12-08,0.298255,3452.0,si
1988-12-09,0.233713,2705.0,si
1988-12-10,0.253617,2935.4,si
1988-12-11,0.301825,3493.3,si
1988-12-12,0.251294,2908.5,si
1988-12-13,0.346661,4012.3,si
1988-12-14,0.261887,3031.1,si
1988-12-15,0.314947,3645.2,si
1988-12-16,0.190036,2199.5,si
1988-12-17,0.240244,2780.6,si
1988-12-18,0.799207,9250.1,si
1988-12-19,0.238331,2758.5,si
1988-12-20,0.235536,2726.1,si
1988-12-21,0.241539,2795.6,si
1988-12-22,0.314293,3637.7,si
1988-12-23,0.188108,2177.2,si
1988-12-24,0.172543,1997.0,si
1988-12-25,0.198501,2297.5,si
1988-12-26,0.263349,3048.0,si
1988-12-27,0.228850,2648.7,si
1988-12-28,0.224224,2595.2,si
1988-12-29,0.172807,2000.1,si
1988-12-30,0.280408,3245.5,si
1988-12-31,0.243620,2819.7,si
1989-01-01,0.182261,2109.5,si
1989-01-02,0.125055,1447.4,si
1989-01-03,0.122704,1420.2,si
1989-01-04,0.096701,1119.2,si
1989-01-05,0.072415,838.1,si
1989-01-06,0.090350,1045.7,si
1989-01-07,0.106335,1230.7,si
1989-01-08,0.148856,1722.9,si
1989-01-09,0.124793,1444.4,si
1989-01-10,0.157898,1827.5,si
1989-01-11,0.138118,1598.6,si
1989-01-12,0.120242,1391.7,si
1989-01-13,0.111631,1292.0,si
1989-01-14,0.098780,1143.3,si
1989-01-15,0.104903,1214.2,si
1989-01-16,0.139595,1615.7,si
1989-01-17,0.155603,1801.0,si
1989-01-18,0.160772,1860.8,si
1989-01-19,0.101127,1170.4,si
1989-01-20,0.180240,2086.1,si
1989-01-21,0.334196,3868.0,si
1989-01-22,0.089028,1030.4,si
1989-01-23,0.075453,873.3,si
1989-01-24,0.103459,1197.4,si
1989-01-25,0.128404,1486.2,si
1989-01-26,0.146720,1698.1,si
1989-01-27,0.068331,790.9,si
1989-01-28,0.356762,4129.2,si
1989-01-29,0.109319,1265.3,si
1989-01-30,0.121916,1411.1,si
1989-01-31,0.152402,1763.9,si
1989-02-01,0.182373,2110.8,si
1989-02-02,0.088261,1021.5,si
1989-02-03,0.075538,874.3,si
1989-02-04,0.132480,1533.3,si
1989-02-05,0.111301,1288.2,si
1989-02-06,0.120741,1397.5,si
1989-02-07,0.075309,871.6,si
1989-02-08,0.129042,1493.5,si
1989-02-09,0.069242,801.4,si
1989-02-10,0.137797,1594.9,si
1989-02-11,0.030343,351.2,si
1989-02-12,-0.011566,-133.9,si
1989-02-13,0.014145,163.7,si
1989-02-14,0.111402,1289.4,si
1989-02-15,0.113496,1313.6,si
1989-02-16,0.082634,956.4,si
1989-02-17,0.080203,928.3,si
1989-02-18,0.014712,170.3,si
1989-02-19,0.054642,632.4,si
1989-02-20,0.132252,1530.7,si
1989-02-21,0.096217,1113.6,si
1989-02-22,0.077046,891.7,si
1989-02-23,-0.005301,-61.4,si
1989-02-24,0.037700,436.3,si
1989-02-25,-0.017929,-207.5,si
1989-02-26,0.058814,680.7,si
1989-02-27,0.082427,954.0,si
1989-02-28,0.016121,186.6,si
1989-03-01,0.041465,479.9,si
1989-03-02,-0.012639,-146.3,si
1989-03-03,-0.095953,-1110.6,si
1989-03-04,0.131715,1524.5,si
1989-03-05,0.369439,4275.9,si
1989-03-06,0.575977,6666.4,si
1989-03-07,0.417259,4829.4,si
1989-03-08,0.182395,2111.1,si
1989-03-09,0.145702,1686.4,si
1989-03-10,0.184670,2137.4,si
1989-03-11,0.189279,2190.7,si
1989-03-12,0.442280,5119.0,si
1989-03-13,0.396784,4592.4,si
1989-03-14,0.265847,3076.9,si
1989-03-15,0.186831,2162.4,si
1989-03-16,0.392147,4538.7,si
1989-03-17,0.678312,7850.8,si
1989-03-18,0.144953,1677.7,si
1989-03-19,0.262474,3037.9,si
1989-03-20,0.474910,5496.6,si
1989-03-21,0.165258,1912.7,si
1989-03-22,0.063288,732.5,si
1989-03-23,0.294348,3406.8,si
1989-03-24,0.257526,2980.6,si
1989-03-25,0.028818,333.5,si
1989-03-26,0.545555,6314.3,si
1989-03-27,0.310230,3590.6,si
1989-03-28,0.230413,2666.8,si
1989-03-29,0.076675,887.4,si
1989-03-30,0.184220,2132.2,si
1989-03-31,0.142994,1655.0,si
1989-04-01,0.548108,6343.8,si
1989-04-02,0.429932,4976.1,si
1989-04-03,0.078809,912.1,si
1989-04-04,0.257737,2983.1,si
1989-04-05,0.135462,1567.8,si
1989-04-06,0.067111,776.7,si
1989-04-07,0.053143,615.1,si
1989-04-08,0.076703,887.8,si
1989-04-09,0.001278,14.8,si
1989-04-10,-0.113296,-1311.3,si
1989-04-11,-0.086843,-1005.1,si
1989-04-12,-0.058549,-677.7,si
1989-04-13,-0.086426,-1000.3,si
1989-04-14,-0.078353,-906.9,si
1989-04-15,-0.063523,-735.2,si
1989-04-16,-0.036394,-421.2,si
1989-04-17,0.020767,240.4,si
1989-04-18,0.021975,254.3,si
1989-04-19,-0.023829,-275.8,si
1989-04-20,0.007388,85.5,si
1989-04-21,0.116101,1343.8,si
1989-04-22,0.067997,787.0,si
1989-04-23,0.221591,2564.7,si
1989-04-24,0.060844,704.2,si
1989-04-25,-0.019066,-220.7,si
1989-04-26,-0.019957,-231.0,si
1989-04-27,0.860341,9957.6,si
1989-04-28,0.068589,793.9,si
1989-04-29,0.112065,1297.1,si
1989-04-30,0.044866,519.3,si
1989-05-01,0.028228,326.7,si
1989-05-02,-0.236809,-2740.8,si
1989-05-03,0.163467,1892.0,si
1989-05-04,-0.235147,-2721.6,si
1989-05-05,0.301202,3486.1,si
1989-05-06,0.161648,1870.9,si
1989-05-07,-0.188002,-2175.9,si
1989-05-08,1.074652,12438.1,si
1989-05-09,0.169691,1964.0,si
1989-05-10,-0.010645,-123.2,si
1989-05-11,-0.030433,-352.2,si
1989-05-12,0.032282,373.6,si
1989-05-13,0.308666,3572.5,si
1989-05-14,-0.035428,-410.1,si
1989-05-15,-0.227813,-2636.7,si
1989-05-16,-0.120074,-1389.7,si
1989-05-17,-0.036033,-417.1,si
1989-05-18,-0.113169,-1309.8,si
1989-05-19,-0.114223,-1322.0,si
1989-05-20,-0.075442,-873.2,si
1989-05-21,-0.118668,-1373.5,si
1989-05-22,-0.011908,-137.8,si
1989-05-23,-0.156638,-1812.9,si
1989-05-24,-0.170346,-1971.6,si
1989-05-25,0.671942,7777.1,si
1989-05-26,0.173690,2010.3,si
1989-05-27,0.394982,4571.6,si
1989-05-28,-0.023139,-267.8,si
1989-05-29,0.541891,6271.9,si
1989-05-30,-0.024942,-288.7,si
1989-05-31,-0.133110,-1540.6,si
1989-06-01,-0.149418,-1729.4,si
1989-06-02,0.004900,56.7,si
1989-06-03,0.029595,342.5,si
1989-06-04,2.184015,25278.0,si
1989-06-05,0.591885,6850.5,si
1989-06-06,0.291059,3368.7,si
1989-06-07,0.183905,2128.5,si
1989-06-08,0.071275,824.9,si
1989-06-09,-0.006574,-76.1,si
1989-06-10,0.052949,612.8,si
1989-06-11,0.105806,1224.6,si
1989-06-12,-0.041576,-481.2,si
1989-06-13,0.330766,3828.3,si
1989-06-14,-0.057385,-664.2,si
1989-06-15,-0.088695,-1026.6,si
1989-06-16,-0.133303,-1542.9,si
1989-06-17,-0.067552,-781.9,si
1989-06-18,0.129598,1500.0,si
1989-06-19,-0.071527,-827.9,si
1989-06-20,0.041622,481.7,si
1989-06-21,-0.068476,-792.5,si
1989-06-22,0.543511,6290.6,si
1989-06-23,0.182803,2115.8,si
1989-06-24,-0.102165,-1182.5,si
1989-06-25,0.082275,952.3,si
1989-06-26,-0.045868,-530.9,si
1989-06-27,-0.148698,-1721.0,si
1989-06-28,-0.202502,-2343.8,si
1989-06-29,-0.194452,-2250.6,si
1989-06-30,-0.047278,-547.2,si
1989-07-01,0.957689,11084.4,si
1989-07-02,0.381976,4421.0,si
1989-07-03,0.148963,1724.1,si
1989-07-04,0.110224,1275.7,si
1989-07-05,0.296180,3428.0,si
1989-07-06,0.269484,3119.0,si
1989-07-07,0.267235,3093.0,si
1989-07-08,0.015769,182.5,si
1989-07-09,0.030016,347.4,si
1989-07-10,0.188450,2181.1,si
1989-07-11,0.205899,2383.1,si
1989-07-12,0.127752,1478.6,si
1989-07-13,0.202841,2347.7,si
1989-07-14,0.373918,4327.8,si
1989-07-15,0.533348,6173.0,si
1989-07-16,0.494991,5729.1,si
1989-07-17,0.458326,5304.7,si
1989-07-18,0.218043,2523.6,si
1989-07-19,0.186749,2161.4,si
1989-07-20,0.095837,1109.2,si
1989-07-21,0.089037,1030.5,si
1989-07-22,0.533156,6170.8,si
1989-07-23,0.043864,507.7,si
1989-07-24,0.057925,670.4,si
1989-07-25,-0.022363,-258.8,si
1989-07-26,-0.007631,-88.3,si
1989-07-27,-0.075877,-878.2,si
1989-07-28,-0.047345,-548.0,si
1989-07-29,-0.112898,-1306.7,si
1989-07-30,-0.092432,-1069.8,si
1989-07-31,-0.013047,-151.0,si
1989-08-01,-0.053218,-616.0,si
1989-08-02,0.602687,6975.5,si
1989-08-03,0.081130,939.0,si
1989-08-04,0.163066,1887.3,si
1989-08-05,0.734315,8499.0,si
1989-08-06,0.257244,2977.4,si
1989-08-07,0.097293,1126.1,si
1989-08-08,0.061439,711.1,si
1989-08-09,0.151790,1756.8,si
1989-08-10,0.281333,3256.2,si
1989-08-11,0.090239,1044.4,si
1989-08-12,0.119858,1387.2,si
1989-08-13,0.043643,505.1,si
1989-08-14,0.217840,2521.3,si
1989-08-15,0.115256,1334.0,si
1989-08-16,0.072668,841.1,si
1989-08-17,-0.114417,-1324.3,si
1989-08-18,-0.030295,-350.6,si
1989-08-19,0.025779,298.4,si
1989-08-20,-0.034383,-398.0,si
1989-08-21,0.278161,3219.5,si
1989-08-22,0.148044,1713.5,si
1989-08-23,-0.037828,-437.8,si
1989-08-24,0.112231,1299.0,si
1989-08-25,0.058372,675.6,si
1989-08-26,-0.007340,-85.0,si
1989-08-27,-0.023663,-273.9,si
1989-08-28,0.023476,271.7,si
1989-08-29,0.032600,377.3,si
1989-08-30,0.172427,1995.7,si
1989-08-31,-0.033736,-390.5,si
1989-09-01,0.403919,4675.0,si
1989-09-02,-0.013186,-152.6,si
1989-09-03,0.252712,2924.9,si
1989-09-04,0.008821,102.1,si
1989-09-05,0.179475,2077.3,si
1989-09-06,0.726227,8405.4,si
1989-09-07,0.081151,939.3,si
1989-09-08,0.140166,1622.3,si
1989-09-09,0.049705,575.3,si
1989-09-10,0.042016,486.3,si
1989-09-11,0.067243,778.3,si
1989-09-12,0.021427,248.0,si
1989-09-13,-0.045438,-525.9,si
1989-09-14,0.558487,6464.0,si
1989-09-15,0.331389,3835.5,si
1989-09-16,0.325700,3769.7,si
1989-09-17,0.111361,1288.9,si
1989-09-18,0.029706,343.8,si
1989-09-19,0.405502,4693.3,si
1989-09-20,0.048229,558.2,si
1989-09-21,0.094291,1091.3,si
1989-09-22,0.318505,3686.4,si
1989-09-23,0.070583,816.9,si
1989-09-24,0.047770,552.9,si
1989-09-25,0.353730,4094.1,si
1989-09-26,0.091243,1056.1,si
1989-09-27,0.193563,2240.3,si
1989-09-28,0.304406,3523.2,si
1989-09-29,0.062822,727.1,si
1989-09-30,0.221250,2560.8,si
1989-10-01,0.057617,666.9,si
1989-10-02,0.617426,7146.1,si
1989-10-03,0.139454,1614.0,si
1989-10-04,0.489108,5661.0,si
1989-10-05,0.457829,5298.9,si
1989-10-06,0.180371,2087.6,si
1989-10-07,0.214621,2484.0,si
1989-10-08,0.234354,2712.4,si
1989-10-09,0.126020,1458.6,si
1989-10-10,0.081278,940.7,si
1989-10-11,0.144274,1669.8,si
1989-10-12,0.067691,783.5,si
1989-10-13,0.109079,1262.5,si
1989-10-14,0.067959,786.6,si
1989-10-15,-0.006894,-79.8,si
1989-10-16,0.048462,560.9,si
1989-10-17,0.057289,663.1,si
1989-10-18,1.021812,11826.5,si
1989-10-19,0.206913,2394.8,si
1989-10-20,0.203886,2359.8,si
1989-10-21,0.101119,1170.4,si
1989-10-22,0.035612,412.2,si
1989-10-23,0.385530,4462.2,si
1989-10-24,0.122448,1417.2,si
1989-10-25,0.041593,481.4,si
1989-10-26,0.130187,1506.8,si
1989-10-27,0.277972,3217.3,si
1989-10-28,0.091426,1058.2,si
1989-10-29,0.069580,805.3,si
1989-10-30,0.130098,1505.8,si
1989-10-31,0.070544,816.5,si
1989-11-01,0.019809,229.3,si
1989-11-02,0.151920,1758.3,si
1989-11-03,0.307338,3557.2,si
1989-11-04,0.285199,3300.9,si
1989-11-05,0.119825,1386.9,si
1989-11-06,0.171516,1985.1,si
1989-11-07,0.105535,1221.5,si
1989-11-08,0.181370,2099.2,si
1989-11-09,0.207501,2401.6,si
1989-11-10,0.393076,4549.5,si
1989-11-11,0.308606,3571.8,si
1989-11-12,0.249369,2886.2,si
1989-11-13,0.093300,1079.9,si
1989-11-14,0.097705,1130.8,si
1989-11-15,0.113536,1314.1,si
1989-11-16,0.255217,2953.9,si
1989-11-17,0.707036,8183.3,si
1989-11-18,0.218682,2531.0,si
1989-11-19,0.078400,907.4,si
1989-11-20,0.118833,1375.4,si
1989-11-21,0.177689,2056.6,si
1989-11-22,0.229150,2652.2,si
1989-11-23,0.199013,2303.4,si
1989-11-24,0.164215,1900.6,si
1989-11-25,0.110695,1281.2,si
1989-11-26,0.152795,1768.5,si
1989-11-27,0.155168,1795.9,si
1989-11-28,0.148278,1716.2,si
1989-11-29,0.142824,1653.1,si
1989-11-30,0.072783,842.4,si
1989-12-01,0.203190,2351.7,si
1989-12-02,0.542963,6284.3,si
1989-12-03,0.683273,7908.2,si
1989-12-04,0.229298,2653.9,si
1989-12-05,0.707121,8184.3,si
1989-12-06,0.234731,2716.8,si
1989-12-07,0.178402,2064.8,si
1989-12-08,0.181268,2098.0,si
1989-12-09,0.192350,2226.3,si
1989-12-10,0.193754,2242.5,si
1989-12-11,0.204533,2367.3,si
1989-12-12,0.256886,2973.2,si
1989-12-13,0.202566,2344.5,si
1989-12-14,0.206758,2393.0,si
1989-12-15,0.178289,2063.5,si
1989-12-16,0.142018,1643.7,si
1989-12-17,0.139189,1611.0,si
1989-12-18,0.188248,2178.8,si
1989-12-19,0.097994,1134.2,si
1989-12-20,0.068939,797.9,si
1989-12-21,0.096351,1115.2,si
1989-12-22,0.114135,1321.0,si
1989-12-23,0.092927,1075.5,si
1989-12-24,0.074441,861.6,si
1989-12-25,0.715820,8285.0,si
1989-12-26,0.446292,5165.4,si
1989-12-27,0.246171,2849.2,si
1989-12-28,0.189609,2194.6,si
1989-12-29,0.183997,2129.6,si
1989-12-30,0.129126,1494.5,si
1989-12-31,0.183020,2118.3,si
1990-01-01,0.134486,1556.6,si
1990-01-02,-0.034711,-401.7,si
1990-01-03,-0.012338,-142.8,si
1990-01-04,-0.065200,-754.6,si
1990-01-05,-0.089835,-1039.8,si
1990-01-06,-0.002148,-24.9,si
1990-01-07,-0.058680,-679.2,si
1990-01-08,-0.017512,-202.7,si
1990-01-09,-0.045029,-521.2,si
1990-01-10,-0.012959,-150.0,si
1990-01-11,-0.032906,-380.9,si
1990-01-12,-0.052319,-605.5,si
1990-01-13,-0.059530,-689.0,si
1990-01-14,-0.072492,-839.0,si
1990-01-15,-0.067392,-780.0,si
1990-01-16,-0.034464,-398.9,si
1990-01-17,-0.039709,-459.6,si
1990-01-18,-0.015189,-175.8,si
1990-01-19,-0.057252,-662.6,si
1990-01-20,0.003751,43.4,si
1990-01-21,0.009992,115.7,si
1990-01-22,-0.087841,-1016.7,si
1990-01-23,-0.101295,-1172.4,si
1990-01-24,-0.060711,-702.7,si
1990-01-25,-0.049889,-577.4,si
1990-01-26,0.090226,1044.3,si
1990-01-27,-0.109876,-1271.7,si
1990-01-28,-0.086990,-1006.8,si
1990-01-29,-0.083739,-969.2,si
1990-01-30,-0.067199,-777.8,si
1990-01-31,-0.036309,-420.2,si
1990-02-01,-0.007653,-88.6,si
1990-02-02,-0.008299,-96.0,si
1990-02-03,-0.033871,-392.0,si
1990-02-04,-0.016438,-190.3,si
1990-02-05,0.929435,10757.4,si
1990-02-06,0.141783,1641.0,si
1990-02-07,0.100492,1163.1,si
1990-02-08,0.540371,6254.3,si
1990-02-09,0.281136,3253.9,si
1990-02-10,0.090990,1053.1,si
1990-02-11,0.001721,19.9,si
1990-02-12,0.002270,26.3,si
1990-02-13,-0.018716,-216.6,si
1990-02-14,0.073528,851.0,si
1990-02-15,0.071906,832.3,si
1990-02-16,0.094763,1096.8,si
1990-02-17,0.002900,33.6,si
1990-02-18,0.040180,465.1,si
1990-02-19,0.506037,5856.9,si
1990-02-20,0.015513,179.5,si
1990-02-21,0.045701,528.9,si
1990-02-22,0.507985,5879.5,si
1990-02-23,0.000702,8.1,si
1990-02-24,0.028185,326.2,si
1990-02-25,-0.033278,-385.2,si
1990-02-26,0.011890,137.6,si
1990-02-27,0.030620,354.4,si
1990-02-28,-0.013194,-152.7,si
1990-03-01,0.019078,220.8,si
1990-03-02,-0.017727,-205.2,si
1990-03-03,-0.224763,-2601.4,si
1990-03-04,-0.065950,-763.3,si
1990-03-05,-0.127425,-1474.8,si
1990-03-06,-0.135195,-1564.8,si
1990-03-07,-0.103227,-1194.8,si
1990-03-08,-0.058803,-680.6,si
1990-03-09,0.250171,2895.5,si
1990-03-10,-0.080096,-927.0,si
1990-03-11,0.002518,29.1,si
1990-03-12,0.184372,2133.9,si
1990-03-13,-0.087263,-1010.0,si
1990-03-14,-0.100736,-1165.9,si
1990-03-15,1.108862,12834.1,si
1990-03-16,-0.079599,-921.3,si
1990-03-17,-0.042159,-488.0,si
1990-03-18,-0.004721,-54.6,si
1990-03-19,-0.066779,-772.9,si
1990-03-20,-0.156868,-1815.6,si
1990-03-21,-0.147455,-1706.7,si
1990-03-22,-0.089977,-1041.4,si
1990-03-23,0.755634,8745.8,si
1990-03-24,-0.029912,-346.2,si
1990-03-25,0.224554,2599.0,si
1990-03-26,0.240894,2788.1,si
1990-03-27,0.030298,350.7,si
1990-03-28,-0.109757,-1270.3,si
1990-03-29,-0.116185,-1344.7,si
1990-03-30,-0.003428,-39.7,si
1990-03-31,0.524515,6070.8,si
1990-04-01,-0.051626,-597.5,si
1990-04-02,0.707804,8192.2,si
1990-04-03,-0.084688,-980.2,si
1990-04-04,-0.046212,-534.9,si
1990-04-05,-0.006110,-70.7,si
1990-04-06,0.346639,4012.0,si
1990-04-07,-0.139631,-1616.1,si
1990-04-08,-0.140553,-1626.8,si
1990-04-09,-0.235710,-2728.1,si
1990-04-10,-0.359689,-4163.1,si
1990-04-11,-0.342412,-3963.1,si
1990-04-12,-0.321742,-3723.9,si
1990-04-13,-0.327179,-3786.8,si
1990-04-14,-0.327812,-3794.1,si
1990-04-15,-0.342133,-3959.9,si
1990-04-16,0.276431,3199.4,si
1990-04-17,0.859894,9952.5,si
1990-04-18,-0.044095,-510.4,si
1990-04-19,-0.117505,-1360.0,si
1990-04-20,-0.166129,-1922.8,si
1990-04-21,0.143353,1659.2,si
1990-04-22,-0.047438,-549.1,si
1990-04-23,0.675100,7813.7,si
1990-04-24,-0.107845,-1248.2,si
1990-04-25,2.013228,23301.2,si
1990-04-26,0.859346,9946.1,si
1990-04-27,0.485881,5623.6,si
1990-04-28,1.291989,14953.6,si
1990-04-29,0.714588,8270.7,si
1990-04-30,0.757093,8762.7,si
1990-05-01,0.606419,7018.7,si
1990-05-02,1.102738,12763.2,si
1990-05-03,0.439240,5083.8,si
1990-05-04,0.186423,2157.7,si
1990-05-05,0.134858,1560.9,si
1990-05-06,-0.114851,-1329.3,si
1990-05-07,-0.092749,-1073.5,si
1990-05-08,-0.015006,-173.7,si
1990-05-09,-0.182765,-2115.3,si
1990-05-10,-0.221602,-2564.8,si
1990-05-11,-0.253037,-2928.7,si
1990-05-12,-0.318204,-3682.9,si
1990-05-13,-0.318171,-3682.5,si
1990-05-14,0.439551,5087.4,si
1990-05-15,-0.252084,-2917.6,si
1990-05-16,-0.194248,-2248.2,si
1990-05-17,-0.060133,-696.0,si
1990-05-18,0.043768,506.6,si
1990-05-19,0.270879,3135.2,si
1990-05-20,-0.179275,-2074.9,si
1990-05-21,0.205952,2383.7,si
1990-05-22,0.495490,5734.8,si
1990-05-23,0.199568,2309.8,si
1990-05-24,-0.015927,-184.3,si
1990-05-25,0.438841,5079.2,si
1990-05-26,-0.058239,-674.1,si
1990-05-27,-0.004273,-49.5,si
1990-05-28,0.015278,176.8,si
1990-05-29,-0.181587,-2101.7,si
1990-05-30,-0.211872,-2452.2,si
1990-05-31,-0.281733,-3260.8,si
1990-06-01,-0.150978,-1747.4,si
1990-06-02,-0.131193,-1518.4,si
1990-06-03,-0.194329,-2249.2,si
1990-06-04,-0.142046,-1644.1,si
1990-06-05,0.444172,5140.9,si
1990-06-06,-0.054688,-633.0,si
1990-06-07,0.120696,1396.9,si
1990-06-08,-0.018936,-219.2,si
1990-06-09,-0.082701,-957.2,si
1990-06-10,-0.005974,-69.1,si
1990-06-11,0.434291,5026.5,si
1990-06-12,-0.008708,-100.8,si
1990-06-13,-0.087959,-1018.0,si
1990-06-14,0.038647,447.3,si
1990-06-15,0.595346,6890.6,si
1990-06-16,0.176406,2041.7,si
1990-06-17,0.226800,2625.0,si
1990-06-18,-0.001713,-19.8,si
1990-06-19,-0.038816,-449.3,si
1990-06-20,0.293740,3399.8,si
1990-06-21,0.054245,627.8,si
1990-06-22,-0.079470,-919.8,si
1990-06-23,-0.103878,-1202.3,si
1990-06-24,-0.111065,-1285.5,si
1990-06-25,-0.111926,-1295.4,si
1990-06-26,-0.059804,-692.2,si
1990-06-27,-0.061413,-710.8,si
1990-06-28,0.253421,2933.1,si
1990-06-29,-0.051703,-598.4,si
1990-06-30,-0.090449,-1046.9,si
1990-07-01,0.038761,448.6,si
1990-07-02,-0.187513,-2170.3,si
1990-07-03,-0.064831,-750.4,si
1990-07-04,0.648348,7504.0,si
1990-07-05,0.229066,2651.2,si
1990-07-06,0.101301,1172.5,si
1990-07-07,-0.124130,-1436.7,si
1990-07-08,-0.173691,-2010.3,si
1990-07-09,-0.144465,-1672.1,si
1990-07-10,-0.132349,-1531.8,si
1990-07-11,-0.127794,-1479.1,si
1990-07-12,0.070826,819.7,si
1990-07-13,-0.036893,-427.0,si
1990-07-14,0.010944,126.7,si
1990-07-15,0.701726,8121.8,si
1990-07-16,0.131565,1522.7,si
1990-07-17,-0.077433,-896.2,si
1990-07-18,0.003778,43.7,si
1990-07-19,-0.094408,-1092.7,si
1990-07-20,-0.131655,-1523.8,si
1990-07-21,0.198787,2300.8,si
1990-07-22,0.165882,1919.9,si
1990-07-23,0.056092,649.2,si
1990-07-24,-0.147979,-1712.7,si
1990-07-25,-0.162824,-1884.5,si
1990-07-26,-0.111297,-1288.2,si
1990-07-27,0.184507,2135.5,si
1990-07-28,1.055171,12212.6,si
1990-07-29,0.419587,4856.3,si
1990-07-30,0.826935,9571.0,si
1990-07-31,0.486343,5629.0,si
1990-08-01,0.175486,2031.1,si
1990-08-02,0.231103,2674.8,si
1990-08-03,0.244179,2826.1,si
1990-08-04,0.016367,189.4,si
1990-08-05,-0.063091,-730.2,si
1990-08-06,0.046278,535.6,si
1990-08-07,0.019965,231.1,si
1990-08-08,0.158664,1836.4,si
1990-08-09,1.179222,13648.4,si
1990-08-10,0.429313,4968.9,si
1990-08-11,0.429498,4971.0,si
1990-08-12,0.220100,2547.5,si
1990-08-13,0.197943,2291.0,si
1990-08-14,0.576631,6674.0,si
1990-08-15,0.171075,1980.0,si
1990-08-16,0.023367,270.4,si
1990-08-17,-0.037005,-428.3,si
1990-08-18,-0.067553,-781.9,si
1990-08-19,0.623538,7216.9,si
1990-08-20,0.364334,4216.8,si
1990-08-21,0.195574,2263.6,si
1990-08-22,0.903455,10456.7,si
1990-08-23,0.238281,2757.9,si
1990-08-24,0.177055,2049.2,si
1990-08-25,0.088475,1024.0,si
1990-08-26,0.011340,131.3,si
1990-08-27,0.179960,2082.9,si
1990-08-28,0.086098,996.5,si
1990-08-29,0.032074,371.2,si
1990-08-30,-0.022433,-259.6,si
1990-08-31,-0.059540,-689.1,si
1990-09-01,0.203919,2360.2,si
1990-09-02,0.042217,488.6,si
1990-09-03,0.193919,2244.4,si
1990-09-04,0.035084,406.1,si
1990-09-05,0.039318,455.1,si
1990-09-06,0.101643,1176.4,si
1990-09-07,0.149419,1729.4,si
1990-09-08,0.059998,694.4,si
1990-09-09,0.348057,4028.4,si
1990-09-10,-0.002238,-25.9,si
1990-09-11,0.032743,379.0,si
1990-09-12,0.242749,2809.6,si
1990-09-13,0.980848,11352.4,si
1990-09-14,0.409250,4736.7,si
1990-09-15,0.202291,2341.3,si
1990-09-16,0.180134,2084.9,si
1990-09-17,0.152325,1763.0,si
1990-09-18,0.749234,8671.7,si
1990-09-19,0.226871,2625.8,si
1990-09-20,0.133504,1545.2,si
1990-09-21,0.395849,4581.6,si
1990-09-22,0.203647,2357.0,si
1990-09-23,0.177058,2049.3,si
1990-09-24,0.081664,945.2,si
1990-09-25,0.069965,809.8,si
1990-09-26,0.045482,526.4,si
1990-09-27,0.039401,456.0,si
1990-09-28,0.051056,590.9,si
1990-09-29,-0.006463,-74.8,si
1990-09-30,0.025572,296.0,si
1990-10-01,0.061289,709.4,si
1990-10-02,0.346001,4004.6,si
1990-10-03,0.130462,1510.0,si
1990-10-04,0.021882,253.3,si
1990-10-05,-0.044882,-519.5,si
1990-10-06,-0.044281,-512.5,si
1990-10-07,-0.036110,-417.9,si
1990-10-08,-0.008963,-103.7,si
1990-10-09,-0.056992,-659.6,si
1990-10-10,-0.068593,-793.9,si
1990-10-11,0.730409,8453.8,si
1990-10-12,0.082539,955.3,si
1990-10-13,0.024102,279.0,si
1990-10-14,0.018460,213.7,si
1990-10-15,-0.088554,-1024.9,si
1990-10-16,-0.038949,-450.8,si
1990-10-17,-0.021833,-252.7,si
1990-10-18,-0.068649,-794.6,si
1990-10-19,0.024321,281.5,si
1990-10-20,-0.027096,-313.6,si
1990-10-21,-0.106653,-1234.4,si
1990-10-22,0.262442,3037.5,si
1990-10-23,0.193145,2235.5,si
1990-10-24,0.351553,4068.9,si
1990-10-25,0.321605,3722.3,si
1990-10-26,0.258629,2993.4,si
1990-10-27,0.076605,886.6,si
1990-10-28,0.014558,168.5,si
1990-10-29,0.339230,3926.3,si
1990-10-30,0.170406,1972.3,si
1990-10-31,0.948531,10978.4,si
1990-11-01,0.314109,3635.5,si
1990-11-02,0.135135,1564.1,si
1990-11-03,0.048849,565.4,si
1990-11-04,-0.005988,-69.3,si
1990-11-05,-0.063237,-731.9,si
1990-11-06,-0.047204,-546.3,si
1990-11-07,0.276666,3202.2,si
1990-11-08,-0.009211,-106.6,si
1990-11-09,0.398708,4614.7,si
1990-11-10,0.040945,473.9,si
1990-11-11,-0.040232,-465.6,si
1990-11-12,-0.018650,-215.9,si
1990-11-13,-0.030076,-348.1,si
1990-11-14,0.034517,399.5,si
1990-11-15,-0.124762,-1444.0,si
1990-11-16,-0.124086,-1436.2,si
1990-11-17,0.146369,1694.1,si
1990-11-18,0.739662,8560.9,si
1990-11-19,0.099069,1146.6,si
1990-11-20,0.117458,1359.5,si
1990-11-21,0.234739,2716.9,si
1990-11-22,0.530363,6138.5,si
1990-11-23,0.362018,4190.0,si
1990-11-24,1.175767,13608.4,si
1990-11-25,0.318616,3687.7,si
1990-11-26,0.738874,8551.8,si
1990-11-27,0.261523,3026.9,si
1990-11-28,0.225673,2612.0,si
1990-11-29,0.466277,5396.7,si
1990-11-30,0.073510,850.8,si
1990-12-01,0.064439,745.8,si
1990-12-02,0.954242,11044.5,si
1990-12-03,0.328480,3801.8,si
1990-12-04,0.434170,5025.1,si
1990-12-05,0.940629,10886.9,si
1990-12-06,0.759303,8788.2,si
1990-12-07,0.382160,4423.1,si
1990-12-08,0.297175,3439.5,si
1990-12-09,0.284749,3295.7,si
1990-12-10,0.245460,2841.0,si
1990-12-11,0.239263,2769.2,si
1990-12-12,0.278959,3228.7,si
1990-12-13,0.214111,2478.1,si
1990-12-14,0.210838,2440.3,si
1990-12-15,0.182240,2109.3,si
1990-12-16,0.134854,1560.8,si
1990-12-17,0.143819,1664.6,si
1990-12-18,0.172893,2001.1,si
1990-12-19,0.079258,917.3,si
1990-12-20,0.047208,546.4,si
1990-12-21,0.072320,837.0,si
1990-12-22,0.088604,1025.5,si
1990-12-23,0.065915,762.9,si
1990-12-24,0.045466,526.2,si
1990-12-25,0.030773,356.2,si
1990-12-26,0.038926,450.5,si
1990-12-27,0.123292,1427.0,si
1990-12-28,0.094297,1091.4,si
1990-12-29,0.091739,1061.8,si
1990-12-30,0.243973,2823.8,si
1990-12-31,0.137319,1589.3,si
1991-01-01,0.210906,2441.0,si
1991-01-02,0.337978,3911.8,si
1991-01-03,0.297863,3447.5,si
1991-01-04,0.272503,3154.0,si
1991-01-05,0.248805,2879.7,si
1991-01-06,0.266766,3087.6,si
1991-01-07,0.283138,3277.1,si
1991-01-08,0.325933,3772.4,si
1991-01-09,0.314282,3637.5,si
1991-01-10,0.339420,3928.5,si
1991-01-11,0.481302,5570.6,si
1991-01-12,0.295704,3422.5,si
1991-01-13,0.289015,3345.1,si
1991-01-14,0.333956,3865.2,si
1991-01-15,0.282314,3267.5,si
1991-01-16,0.315600,3652.8,si
1991-01-17,0.311464,3604.9,si
1991-01-18,0.336699,3897.0,si
1991-01-19,0.277422,3210.9,si
1991-01-20,0.356738,4128.9,si
1991-01-21,0.363516,4207.4,si
1991-01-22,0.264677,3063.4,si
1991-01-23,0.272876,3158.3,si
1991-01-24,0.279684,3237.1,si
1991-01-25,0.304110,3519.8,si
1991-01-26,0.322546,3733.2,si
1991-01-27,0.243926,2823.2,si
1991-01-28,0.267293,3093.7,si
1991-01-29,0.270359,3129.2,si
1991-01-30,0.286996,3321.7,si
1991-01-31,0.318463,3685.9,si
1991-02-01,0.348414,4032.6,si
1991-02-02,0.053088,614.4,si
1991-02-03,0.052870,611.9,si
1991-02-04,0.032538,376.6,si
1991-02-05,0.075716,876.3,si
1991-02-06,0.166448,1926.5,si
1991-02-07,0.040378,467.3,si
1991-02-08,0.093917,1087.0,si
1991-02-09,0.027508,318.4,si
1991-02-10,0.073931,855.7,si
1991-02-11,-0.007032,-81.4,si
1991-02-12,-0.043885,-507.9,si
1991-02-13,-0.018531,-214.5,si
1991-02-14,0.077889,901.5,si
1991-02-15,0.079835,924.0,si
1991-02-16,0.071865,831.8,si
1991-02-17,0.016746,193.8,si
1991-02-18,-0.018527,-214.4,si
1991-02-19,-0.021012,-243.2,si
1991-02-20,-0.009677,-112.0,si
1991-02-21,0.036653,424.2,si
1991-02-22,0.043401,502.3,si
1991-02-23,0.023149,267.9,si
1991-02-24,0.231049,2674.2,si
1991-02-25,-0.000922,-10.7,si
1991-02-26,0.080470,931.4,si
1991-02-27,0.027767,321.4,si
1991-02-28,-0.012259,-141.9,si
1991-03-01,0.012882,149.1,si
1991-03-02,-0.080574,-932.6,si
1991-03-03,-0.039239,-454.2,si
1991-03-04,0.150153,1737.9,si
1991-03-05,0.318351,3684.6,si
1991-03-06,0.751739,8700.7,si
1991-03-07,0.624376,7226.6,si
1991-03-08,0.401924,4651.9,si
1991-03-09,-0.010588,-122.5,si
1991-03-10,0.254526,2945.9,si
1991-03-11,0.719096,8322.9,si
1991-03-12,0.690807,7995.5,si
1991-03-13,0.228241,2641.7,si
1991-03-14,0.134477,1556.5,si
1991-03-15,0.080305,929.5,si
1991-03-16,-0.023713,-274.5,si
1991-03-17,0.046148,534.1,si
1991-03-18,0.040778,472.0,si
1991-03-19,0.014399,166.7,si
1991-03-20,-0.060237,-697.2,si
1991-03-21,-0.041872,-484.6,si
1991-03-22,-0.067173,-777.5,si
1991-03-23,-0.023223,-268.8,si
1991-03-24,-0.017367,-201.0,si
1991-03-25,-0.097700,-1130.8,si
1991-03-26,0.044719,517.6,si
1991-03-27,0.379453,4391.8,si
1991-03-28,0.358441,4148.6,si
1991-03-29,0.203958,2360.6,si
1991-03-30,0.133184,1541.5,si
1991-03-31,0.064685,748.7,si
1991-04-01,-0.010034,-116.1,si
1991-04-02,-0.139206,-1611.2,si
1991-04-03,-0.066802,-773.2,si
1991-04-04,0.027808,321.9,si
1991-04-05,0.377512,4369.4,si
1991-04-06,0.387319,4482.9,si
1991-04-07,0.028215,326.6,si
1991-04-08,0.180187,2085.5,si
1991-04-09,0.214725,2485.2,si
1991-04-10,-0.004031,-46.7,si
1991-04-11,-0.113818,-1317.3,si
1991-04-12,0.805731,9325.6,si
1991-04-13,0.515073,5961.5,si
1991-04-14,0.308828,3574.4,si
1991-04-15,0.363331,4205.2,si
1991-04-16,0.527746,6108.2,si
1991-04-17,0.510257,5905.7,si
1991-04-18,0.393902,4559.0,si
1991-04-19,0.122497,1417.8,si
1991-04-20,0.327186,3786.9,si
1991-04-21,0.401500,4647.0,si
1991-04-22,0.193556,2240.2,si
1991-04-23,0.136152,1575.8,si
1991-04-24,0.037264,431.3,si
1991-04-25,0.028122,325.5,si
1991-04-26,0.018231,211.0,si
1991-04-27,0.025886,299.6,si
1991-04-28,-0.025545,-295.7,si
1991-04-29,0.039129,452.9,si
1991-04-30,0.364853,4222.8,si
1991-05-01,0.007748,89.7,si
1991-05-02,-0.064591,-747.6,si
1991-05-03,-0.191634,-2218.0,si
1991-05-04,0.149879,1734.7,si
1991-05-05,-0.031921,-369.5,si
1991-05-06,-0.144969,-1677.9,si
1991-05-07,-0.160618,-1859.0,si
1991-05-08,-0.096403,-1115.8,si
1991-05-09,0.209655,2426.6,si
1991-05-10,0.153022,1771.1,si
1991-05-11,-0.115699,-1339.1,si
1991-05-12,-0.112518,-1302.3,si
1991-05-13,-0.158250,-1831.6,si
1991-05-14,-0.046482,-538.0,si
1991-05-15,0.017050,197.3,si
1991-05-16,-0.040957,-474.0,si
1991-05-17,-0.124138,-1436.8,si
1991-05-18,0.436246,5049.1,si
1991-05-19,0.013706,158.6,si
1991-05-20,0.480950,5566.6,si
1991-05-21,0.952725,11026.9,si
1991-05-22,0.134448,1556.1,si
1991-05-23,0.012841,148.6,si
1991-05-24,0.018542,214.6,si
1991-05-25,0.459816,5321.9,si
1991-05-26,0.185784,2150.3,si
1991-05-27,0.049700,575.2,si
1991-05-28,0.068165,788.9,si
1991-05-29,0.857023,9919.2,si
1991-05-30,0.587527,6800.1,si
1991-05-31,0.306552,3548.1,si
1991-06-01,0.424803,4916.7,si
1991-06-02,-0.059946,-693.8,si
1991-06-03,-0.099152,-1147.6,si
1991-06-04,-0.069056,-799.3,si
1991-06-05,-0.127211,-1472.4,si
1991-06-06,-0.000088,-1.0,si
1991-06-07,-0.205752,-2381.4,si
1991-06-08,-0.037168,-430.2,si
1991-06-09,-0.123422,-1428.5,si
1991-06-10,0.812689,9406.1,si
1991-06-11,0.099024,1146.1,si
1991-06-12,-0.037120,-429.6,si
1991-06-13,0.013323,154.2,si
1991-06-14,-0.117096,-1355.3,si
1991-06-15,-0.165966,-1920.9,si
1991-06-16,0.040980,474.3,si
1991-06-17,0.100849,1167.2,si
1991-06-18,-0.136516,-1580.1,si
1991-06-19,-0.222815,-2578.9,si
1991-06-20,-0.182643,-2113.9,si
1991-06-21,-0.188066,-2176.7,si
1991-06-22,-0.076068,-880.4,si
1991-06-23,0.061936,716.9,si
1991-06-24,0.041504,480.4,si
1991-06-25,-0.179794,-2080.9,si
1991-06-26,-0.153015,-1771.0,si
1991-06-27,0.351849,4072.3,si
1991-06-28,-0.131817,-1525.7,si
1991-06-29,0.591295,6843.7,si
1991-06-30,0.793538,9184.5,si
1991-07-01,0.420152,4862.9,si
1991-07-02,-0.097199,-1125.0,si
1991-07-03,-0.131446,-1521.4,si
1991-07-04,0.210320,2434.3,si
1991-07-05,-0.021837,-252.7,si
1991-07-06,-0.316466,-3662.8,si
1991-07-07,-0.237193,-2745.3,si
1991-07-08,-0.318316,-3684.2,si
1991-07-09,-0.221746,-2566.5,si
1991-07-10,-0.212701,-2461.8,si
1991-07-11,-0.281692,-3260.3,si
1991-07-12,-0.449457,-5202.1,si
1991-07-13,-0.309979,-3587.7,si
1991-07-14,-0.388267,-4493.8,si
1991-07-15,-0.186176,-2154.8,si
1991-07-16,-0.442021,-5116.0,si
1991-07-17,-0.399472,-4623.5,si
1991-07-18,0.039130,452.9,si
1991-07-19,-0.355504,-4114.6,si
1991-07-20,-0.025603,-296.3,si
1991-07-21,-0.266060,-3079.4,si
1991-07-22,-0.478528,-5538.5,si
1991-07-23,0.316110,3658.7,si
1991-07-24,0.114008,1319.5,si
1991-07-25,0.352173,4076.1,si
1991-07-26,-0.172222,-1993.3,si
1991-07-27,-0.230363,-2666.2,si
1991-07-28,-0.251554,-2911.5,si
1991-07-29,-0.420436,-4866.2,si
1991-07-30,0.248987,2881.8,si
1991-07-31,-0.259981,-3009.0,si
1991-08-01,-0.093477,-1081.9,si
1991-08-02,0.139517,1614.8,si
1991-08-03,-0.130533,-1510.8,si
1991-08-04,0.137365,1589.9,si
1991-08-05,-0.030719,-355.5,si
1991-08-06,-0.175078,-2026.4,si
1991-08-07,-0.187523,-2170.4,si
1991-08-08,-0.322168,-3728.8,si
1991-08-09,0.645050,7465.9,si
1991-08-10,0.095186,1101.7,si
1991-08-11,0.264182,3057.7,si
1991-08-12,0.074545,862.8,si
1991-08-13,0.988655,11442.8,si
1991-08-14,1.334368,15444.1,si
1991-08-15,0.921594,10666.6,si
1991-08-16,0.375140,4341.9,si
1991-08-17,0.001257,14.5,si
1991-08-18,0.101939,1179.8,si
1991-08-19,0.025268,292.4,si
1991-08-20,-0.137337,-1589.6,si
1991-08-21,-0.038088,-440.8,si
1991-08-22,-0.051079,-591.2,si
1991-08-23,0.308026,3565.1,si
1991-08-24,0.001741,20.2,si
1991-08-25,-0.179205,-2074.1,si
1991-08-26,-0.045410,-525.6,si
1991-08-27,0.209732,2427.5,si
1991-08-28,0.042632,493.4,si
1991-08-29,-0.081503,-943.3,si
1991-08-30,-0.107373,-1242.7,si
1991-08-31,0.577415,6683.0,si
1991-09-01,0.148061,1713.7,si
1991-09-02,0.038640,447.2,si
1991-09-03,0.004301,49.8,si
1991-09-04,-0.052358,-606.0,si
1991-09-05,-0.028313,-327.7,si
1991-09-06,0.296362,3430.1,si
1991-09-07,-0.089861,-1040.1,si
1991-09-08,-0.156113,-1806.9,si
1991-09-09,0.571189,6611.0,si
1991-09-10,0.143061,1655.8,si
1991-09-11,0.068884,797.3,si
1991-09-12,-0.051691,-598.3,si
1991-09-13,0.313383,3627.1,si
1991-09-14,0.037600,435.2,si
1991-09-15,0.584852,6769.1,si
1991-09-16,0.112691,1304.3,si
1991-09-17,0.102210,1183.0,si
1991-09-18,-0.083070,-961.5,si
1991-09-19,-0.063130,-730.7,si
1991-09-20,-0.113510,-1313.8,si
1991-09-21,-0.083085,-961.6,si
1991-09-22,0.110817,1282.6,si
1991-09-23,0.072507,839.2,si
1991-09-24,-0.085594,-990.7,si
1991-09-25,-0.147523,-1707.4,si
1991-09-26,0.362444,4195.0,si
1991-09-27,-0.106799,-1236.1,si
1991-09-28,-0.121570,-1407.1,si
1991-09-29,-0.159787,-1849.4,si
1991-09-30,-0.134396,-1555.5,si
1991-10-01,-0.160734,-1860.3,si
1991-10-02,-0.013015,-150.6,si
1991-10-03,-0.075727,-876.5,si
1991-10-04,-0.122989,-1423.5,si
1991-10-05,-0.082477,-954.6,si
1991-10-06,1.039706,12033.6,si
1991-10-07,1.400258,16206.7,si
1991-10-08,1.712229,19817.5,si
1991-10-09,0.667098,7721.0,si
1991-10-10,0.404838,4685.6,si
1991-10-11,0.329379,3812.3,si
1991-10-12,0.236316,2735.1,si
1991-10-13,0.136547,1580.4,si
1991-10-14,0.068822,796.5,si
1991-10-15,0.762476,8825.0,si
1991-10-16,0.243705,2820.7,si
1991-10-17,0.195006,2257.0,si
1991-10-18,0.064269,743.8,si
1991-10-19,0.121572,1407.1,si
1991-10-20,0.034362,397.7,si
1991-10-21,0.063260,732.2,si
1991-10-22,-0.035009,-405.2,si
1991-10-23,-0.051579,-597.0,si
1991-10-24,-0.021868,-253.1,si
1991-10-25,-0.119197,-1379.6,si
1991-10-26,0.031565,365.3,si
1991-10-27,0.011037,127.7,si
1991-10-28,-0.037027,-428.6,si
1991-10-29,-0.084688,-980.2,si
1991-10-30,-0.049017,-567.3,si
1991-10-31,-0.087244,-1009.8,si
1991-11-01,-0.133006,-1539.4,si
1991-11-02,-0.014095,-163.1,si
1991-11-03,-0.025143,-291.0,si
1991-11-04,0.277945,3217.0,si
1991-11-05,0.295594,3421.2,si
1991-11-06,0.339823,3933.1,si
1991-11-07,0.100076,1158.3,si
1991-11-08,0.465785,5391.0,si
1991-11-09,0.997512,11545.3,si
1991-11-10,0.311479,3605.1,si
1991-11-11,1.025951,11874.4,si
1991-11-12,0.345920,4003.7,si
1991-11-13,0.688476,7968.5,si
1991-11-14,0.785984,9097.0,si
1991-11-15,0.678781,7856.3,si
1991-11-16,0.465287,5385.3,si
1991-11-17,0.266780,3087.7,si
1991-11-18,0.190720,2207.4,si
1991-11-19,0.052883,612.1,si
1991-11-20,0.073328,848.7,si
1991-11-21,0.093972,1087.6,si
1991-11-22,0.034679,401.4,si
1991-11-23,0.261950,3031.8,si
1991-11-24,0.264607,3062.6,si
1991-11-25,0.420183,4863.2,si
1991-11-26,0.161436,1868.5,si
1991-11-27,0.074070,857.3,si
1991-11-28,0.077897,901.6,si
1991-11-29,0.072102,834.5,si
1991-11-30,-0.007377,-85.4,si
1991-12-01,0.002731,31.6,si
1991-12-02,0.366790,4245.3,si
1991-12-03,0.286673,3318.0,si
1991-12-04,0.367540,4253.9,si
1991-12-05,0.363295,4204.8,si
1991-12-06,0.291102,3369.2,si
1991-12-07,0.254002,2939.8,si
1991-12-08,0.269429,3118.4,si
1991-12-09,0.288407,3338.0,si
1991-12-10,0.297101,3438.7,si
1991-12-11,0.314250,3637.2,si
1991-12-12,0.428280,4956.9,si
1991-12-13,0.320752,3712.4,si
1991-12-14,0.328302,3799.8,si
1991-12-15,0.353704,4093.8,si
1991-12-16,0.583211,6750.1,si
1991-12-17,0.651639,7542.1,si
1991-12-18,0.670893,7765.0,si
1991-12-19,0.781826,9048.9,si
1991-12-20,0.461573,5342.3,si
1991-12-21,0.344853,3991.3,si
1991-12-22,0.375601,4347.2,si
1991-12-23,0.319284,3695.4,si
1991-12-24,0.292850,3389.5,si
1991-12-25,0.273976,3171.0,si
1991-12-26,0.278216,3220.1,si
1991-12-27,0.364354,4217.1,si
1991-12-28,0.327307,3788.3,si
1991-12-29,0.322841,3736.6,si
1991-12-30,0.270949,3136.0,si
1991-12-31,0.326842,3782.9,si
1992-01-01,0.286183,3312.3,si
1992-01-02,0.066655,771.5,si
1992-01-03,0.064379,745.1,si
1992-01-04,0.072015,833.5,si
1992-01-05,0.032043,370.9,si
1992-01-06,0.030628,354.5,si
1992-01-07,0.046831,542.0,si
1992-01-08,0.088990,1030.0,si
1992-01-09,0.061479,711.6,si
1992-01-10,0.095347,1103.6,si
1992-01-11,0.072679,841.2,si
1992-01-12,0.056269,651.3,si
1992-01-13,0.049182,569.2,si
1992-01-14,0.113055,1308.5,si
1992-01-15,0.041474,480.0,si
1992-01-16,0.074949,867.5,si
1992-01-17,0.070204,812.5,si
1992-01-18,0.095642,1107.0,si
1992-01-19,0.036495,422.4,si
1992-01-20,0.115750,1339.7,si
1992-01-21,0.122322,1415.8,si
1992-01-22,0.023584,273.0,si
1992-01-23,0.009998,115.7,si
1992-01-24,0.227676,2635.1,si
1992-01-25,0.066158,765.7,si
1992-01-26,0.083222,963.2,si
1992-01-27,0.004125,47.7,si
1992-01-28,0.027223,315.1,si
1992-01-29,0.079064,915.1,si
1992-01-30,0.065812,761.7,si
1992-01-31,0.166198,1923.6,si
1992-02-01,0.107052,1239.0,si
1992-02-02,0.100813,1166.8,si
1992-02-03,0.070886,820.4,si
1992-02-04,0.079801,923.6,si
1992-02-05,0.123000,1423.6,si
1992-02-06,0.132688,1535.7,si
1992-02-07,0.087116,1008.3,si
1992-02-08,0.375465,4345.7,si
1992-02-09,0.084817,981.7,si
1992-02-10,0.137127,1587.1,si
1992-02-11,0.043849,507.5,si
1992-02-12,0.509537,5897.4,si
1992-02-13,0.110434,1278.2,si
1992-02-14,0.156654,1813.1,si
1992-02-15,0.155174,1796.0,si
1992-02-16,0.116038,1343.0,si
1992-02-17,0.088530,1024.7,si
1992-02-18,0.051716,598.6,si
1992-02-19,0.047887,554.3,si
1992-02-20,0.069120,800.0,si
1992-02-21,0.189702,2195.6,si
1992-02-22,0.109673,1269.4,si
1992-02-23,0.026570,307.5,si
1992-02-24,0.087860,1016.9,si
1992-02-25,0.053627,620.7,si
1992-02-26,0.062888,727.9,si
1992-02-27,0.085745,992.4,si
1992-02-28,0.044724,517.6,si
1992-02-29,0.069543,804.9,si
1992-03-01,0.084146,973.9,si
1992-03-02,0.079037,914.8,si
1992-03-03,0.178532,2066.3,si
1992-03-04,0.172828,2000.3,si
1992-03-05,0.182725,2114.9,si
1992-03-06,0.210269,2433.7,si
1992-03-07,0.209492,2424.7,si
1992-03-08,0.111486,1290.4,si
1992-03-09,0.192476,2227.7,si
1992-03-10,0.179231,2074.4,si
1992-03-11,0.288075,3334.2,si
1992-03-12,0.241599,2796.3,si
1992-03-13,0.219904,2545.2,si
1992-03-14,0.169468,1961.4,si
1992-03-15,0.078644,910.2,si
1992-03-16,0.162171,1877.0,si
1992-03-17,0.167906,1943.4,si
1992-03-18,0.150847,1745.9,si
1992-03-19,0.083817,970.1,si
1992-03-20,0.101357,1173.1,si
1992-03-21,0.090238,1044.4,si
1992-03-22,0.140054,1621.0,si
1992-03-23,0.128765,1490.3,si
1992-03-24,0.074564,863.0,si
1992-03-25,0.200735,2323.3,si
1992-03-26,0.133270,1542.5,si
1992-03-27,0.101881,1179.2,si
1992-03-28,0.107263,1241.5,si
1992-03-29,0.213397,2469.9,si
1992-03-30,0.216635,2507.3,si
1992-03-31,0.637538,7378.9,si
1992-04-01,0.126167,1460.3,si
1992-04-02,-0.027856,-322.4,si
1992-04-03,0.070040,810.7,si
1992-04-04,0.016901,195.6,si
1992-04-05,-0.013953,-161.5,si
1992-04-06,0.670608,7761.7,si
1992-04-07,0.973224,11264.2,si
1992-04-08,0.101423,1173.9,si
1992-04-09,-0.032252,-373.3,si
1992-04-10,-0.016861,-195.1,si
1992-04-11,0.009627,111.4,si
1992-04-12,-0.019191,-222.1,si
1992-04-13,0.113072,1308.7,si
1992-04-14,0.367617,4254.8,si
1992-04-15,0.066203,766.2,si
1992-04-16,0.101030,1169.3,si
1992-04-17,0.208235,2410.1,si
1992-04-18,0.067158,777.3,si
1992-04-19,0.153077,1771.7,si
1992-04-20,0.731135,8462.2,si
1992-04-21,0.304884,3528.7,si
1992-04-22,0.112827,1305.9,si
1992-04-23,0.564270,6530.9,si
1992-04-24,0.154199,1784.7,si
1992-04-25,0.531014,6146.0,si
1992-04-26,0.809010,9363.5,si
1992-04-27,0.234835,2718.0,si
1992-04-28,0.233050,2697.3,si
1992-04-29,0.185430,2146.2,si
1992-04-30,0.126113,1459.6,si
1992-05-01,0.116895,1353.0,si
1992-05-02,0.030730,355.7,si
1992-05-03,0.060232,697.1,si
1992-05-04,0.595124,6888.0,si
1992-05-05,0.098247,1137.1,si
1992-05-06,1.097137,12698.3,si
1992-05-07,0.172884,2001.0,si
1992-05-08,0.191881,2220.8,si
1992-05-09,0.152578,1766.0,si
1992-05-10,0.186840,2162.5,si
1992-05-11,0.553430,6405.4,si
1992-05-12,0.120259,1391.9,si
1992-05-13,0.133619,1546.5,si
1992-05-14,0.121741,1409.0,si
1992-05-15,0.203859,2359.5,si
1992-05-16,0.117725,1362.6,si
1992-05-17,0.285194,3300.9,si
1992-05-18,0.084304,975.7,si
1992-05-19,0.125185,1448.9,si
1992-05-20,-0.002405,-27.8,si
1992-05-21,-0.012818,-148.4,si
1992-05-22,-0.007062,-81.7,si
1992-05-23,0.073441,850.0,si
1992-05-24,0.093539,1082.6,si
1992-05-25,0.136935,1584.9,si
1992-05-26,0.296118,3427.3,si
1992-05-27,0.068897,797.4,si
1992-05-28,0.616685,7137.6,si
1992-05-29,0.168961,1955.6,si
1992-05-30,0.203882,2359.7,si
1992-05-31,0.024267,280.9,si
1992-06-01,0.011269,130.4,si
1992-06-02,-0.069613,-805.7,si
1992-06-03,-0.092369,-1069.1,si
1992-06-04,-0.185607,-2148.2,si
1992-06-05,-0.214326,-2480.6,si
1992-06-06,-0.247424,-2863.7,si
1992-06-07,0.093023,1076.7,si
1992-06-08,-0.158280,-1831.9,si
1992-06-09,-0.055369,-640.8,si
1992-06-10,-0.137894,-1596.0,si
1992-06-11,-0.093613,-1083.5,si
1992-06-12,-0.066249,-766.8,si
1992-06-13,-0.200935,-2325.6,si
1992-06-14,-0.228787,-2648.0,si
1992-06-15,-0.195729,-2265.4,si
1992-06-16,-0.183935,-2128.9,si
1992-06-17,-0.183532,-2124.2,si
1992-06-18,-0.101121,-1170.4,si
1992-06-19,0.390976,4525.2,si
1992-06-20,0.211675,2449.9,si
1992-06-21,-0.131321,-1519.9,si
1992-06-22,0.136993,1585.6,si
1992-06-23,0.163624,1893.8,si
1992-06-24,-0.104493,-1209.4,si
1992-06-25,-0.031002,-358.8,si
1992-06-26,-0.185048,-2141.8,si
1992-06-27,-0.029270,-338.8,si
1992-06-28,-0.113161,-1309.7,si
1992-06-29,-0.143142,-1656.7,si
1992-06-30,-0.246367,-2851.5,si
1992-07-01,-0.101612,-1176.1,si
1992-07-02,-0.206277,-2387.5,si
1992-07-03,-0.249708,-2890.1,si
1992-07-04,0.047333,547.8,si
1992-07-05,0.606584,7020.6,si
1992-07-06,0.089762,1038.9,si
1992-07-07,0.310352,3592.0,si
1992-07-08,0.169796,1965.2,si
1992-07-09,0.631796,7312.5,si
1992-07-10,0.011247,130.2,si
1992-07-11,-0.164355,-1902.3,si
1992-07-12,-0.020671,-239.3,si
1992-07-13,-0.246752,-2855.9,si
1992-07-14,-0.178215,-2062.7,si
1992-07-15,-0.315497,-3651.6,si
1992-07-16,-0.376334,-4355.7,si
1992-07-17,-0.008532,-98.7,si
1992-07-18,-0.333284,-3857.4,si
1992-07-19,-0.241757,-2798.1,si
1992-07-20,-0.237095,-2744.2,si
1992-07-21,-0.057847,-669.5,si
1992-07-22,0.325212,3764.0,si
1992-07-23,0.200555,2321.2,si
1992-07-24,-0.073644,-852.4,si
1992-07-25,0.080092,927.0,si
1992-07-26,-0.181317,-2098.6,si
1992-07-27,-0.149601,-1731.5,si
1992-07-28,-0.085489,-989.5,si
1992-07-29,0.362125,4191.3,si
1992-07-30,-0.130046,-1505.2,si
1992-07-31,0.596747,6906.8,si
1992-08-01,0.965272,11172.1,si
1992-08-02,0.621148,7189.2,si
1992-08-03,-0.007770,-89.9,si
1992-08-04,0.026528,307.0,si
1992-08-05,0.114044,1320.0,si
1992-08-06,0.324447,3755.2,si
1992-08-07,0.034876,403.7,si
1992-08-08,0.022836,264.3,si
1992-08-09,-0.185348,-2145.2,si
1992-08-10,-0.243944,-2823.4,si
1992-08-11,0.070098,811.3,si
1992-08-12,-0.158115,-1830.0,si
1992-08-13,-0.041513,-480.5,si
1992-08-14,-0.285160,-3300.5,si
1992-08-15,-0.351399,-4067.1,si
1992-08-16,-0.475717,-5506.0,si
1992-08-17,-0.423130,-4897.3,si
1992-08-18,-0.414826,-4801.2,si
1992-08-19,-0.383328,-4436.7,si
1992-08-20,-0.358670,-4151.3,si
1992-08-21,-0.353444,-4090.8,si
1992-08-22,-0.027992,-324.0,si
1992-08-23,0.573398,6636.6,si
1992-08-24,0.144513,1672.6,si
1992-08-25,-0.111800,-1294.0,si
1992-08-26,0.012034,139.3,si
1992-08-27,-0.195021,-2257.2,si
1992-08-28,-0.191645,-2218.1,si
1992-08-29,-0.293894,-3401.5,si
1992-08-30,1.129417,13072.0,si
1992-08-31,0.078025,903.1,si
1992-09-01,-0.146907,-1700.3,si
1992-09-02,0.138020,1597.5,si
1992-09-03,0.866445,10028.3,si
1992-09-04,0.223202,2583.4,si
1992-09-05,0.286176,3312.2,si
1992-09-06,1.366433,15815.2,si
1992-09-07,0.459254,5315.4,si
1992-09-08,0.275733,3191.4,si
1992-09-09,0.403191,4666.6,si
1992-09-10,0.192599,2229.2,si
1992-09-11,0.187067,2165.1,si
1992-09-12,0.060268,697.6,si
1992-09-13,0.012678,146.7,si
1992-09-14,0.086346,999.4,si
1992-09-15,0.047134,545.5,si
1992-09-16,0.024975,289.1,si
1992-09-17,-0.040578,-469.7,si
1992-09-18,-0.031652,-366.3,si
1992-09-19,-0.044901,-519.7,si
1992-09-20,0.007610,88.1,si
1992-09-21,0.953144,11031.8,si
1992-09-22,0.389505,4508.2,si
1992-09-23,0.107586,1245.2,si
1992-09-24,0.096825,1120.7,si
1992-09-25,0.039486,457.0,si
1992-09-26,0.030375,351.6,si
1992-09-27,0.217906,2522.1,si
1992-09-28,0.837773,9696.4,si
1992-09-29,0.180869,2093.4,si
1992-09-30,0.051397,594.9,si
1992-10-01,0.017474,202.2,si
1992-10-02,-0.078940,-913.7,si
1992-10-03,0.056780,657.2,si
1992-10-04,-0.032452,-375.6,si
1992-10-05,0.165966,1920.9,si
1992-10-06,-0.080749,-934.6,si
1992-10-07,-0.021225,-245.7,si
1992-10-08,-0.122628,-1419.3,si
1992-10-09,-0.107258,-1241.4,si
1992-10-10,-0.041810,-483.9,si
1992-10-11,-0.115921,-1341.7,si
1992-10-12,-0.096770,-1120.0,si
1992-10-13,-0.121811,-1409.9,si
1992-10-14,0.363314,4205.0,si
1992-10-15,-0.057338,-663.6,si
1992-10-16,-0.075207,-870.4,si
1992-10-17,-0.023032,-266.6,si
1992-10-18,-0.101311,-1172.6,si
1992-10-19,-0.051440,-595.4,si
1992-10-20,-0.147885,-1711.6,si
1992-10-21,-0.182438,-2111.6,si
1992-10-22,-0.114959,-1330.5,si
1992-10-23,-0.086322,-999.1,si
1992-10-24,-0.130083,-1505.6,si
1992-10-25,0.005280,61.1,si
1992-10-26,-0.016145,-186.9,si
1992-10-27,-0.113478,-1313.4,si
1992-10-28,-0.149599,-1731.5,si
1992-10-29,-0.153577,-1777.5,si
1992-10-30,-0.145775,-1687.2,si
1992-10-31,-0.189252,-2190.4,si
1992-11-01,-0.134698,-1559.0,si
1992-11-02,-0.184042,-2130.1,si
1992-11-03,-0.211196,-2444.4,si
1992-11-04,-0.246895,-2857.6,si
1992-11-05,-0.213833,-2474.9,si
1992-11-06,0.046658,540.0,si
1992-11-07,-0.073100,-846.1,si
1992-11-08,-0.216248,-2502.9,si
1992-11-09,-0.234795,-2717.5,si
1992-11-10,-0.210866,-2440.6,si
1992-11-11,-0.190795,-2208.3,si
1992-11-12,0.564557,6534.2,si
1992-11-13,0.124077,1436.1,si
1992-11-14,1.619480,18744.0,si
1992-11-15,0.317964,3680.1,si
1992-11-16,0.508481,5885.2,si
1992-11-17,0.521814,6039.5,si
1992-11-18,0.693399,8025.4,si
1992-11-19,0.181703,2103.0,si
1992-11-20,0.108270,1253.1,si
1992-11-21,0.025930,300.1,si
1992-11-22,0.850832,9847.6,si
1992-11-23,0.188990,2187.4,si
1992-11-24,0.038041,440.3,si
1992-11-25,0.852631,9868.4,si
1992-11-26,0.421820,4882.2,si
1992-11-27,0.735183,8509.1,si
1992-11-28,0.350841,4060.7,si
1992-11-29,0.851585,9856.3,si
1992-11-30,1.151119,13323.1,si
1992-12-01,0.446228,5164.7,si
1992-12-02,0.906213,10488.6,si
1992-12-03,0.467563,5411.6,si
1992-12-04,0.341784,3955.8,si
1992-12-05,0.269538,3119.7,si
1992-12-06,0.204784,2370.2,si
1992-12-07,0.181549,2101.3,si
1992-12-08,0.178132,2061.7,si
1992-12-09,0.545621,6315.1,si
1992-12-10,0.325539,3767.8,si
1992-12-11,0.257714,2982.8,si
1992-12-12,0.423213,4898.3,si
1992-12-13,0.205396,2377.3,si
1992-12-14,0.163578,1893.3,si
1992-12-15,0.118300,1369.2,si
1992-12-16,0.119000,1377.3,si
1992-12-17,0.154438,1787.5,si
1992-12-18,0.056609,655.2,si
1992-12-19,0.023378,270.6,si
1992-12-20,0.047481,549.5,si
1992-12-21,0.062346,721.6,si
1992-12-22,0.038408,444.5,si
1992-12-23,0.017372,201.1,si
1992-12-24,0.002181,25.2,si
1992-12-25,0.011566,133.9,si
1992-12-26,0.093353,1080.5,si
1992-12-27,0.063559,735.6,si
1992-12-28,0.104641,1211.1,si
1992-12-29,0.011086,128.3,si
1992-12-30,0.068728,795.5,si
1992-12-31,0.066220,766.4,si
1993-01-01,0.019871,230.0,si
1993-01-02,0.002023,23.4,si
1993-01-03,0.002303,26.7,si
1993-01-04,-0.022808,-264.0,si
1993-01-05,0.028104,325.3,si
1993-01-06,0.520365,6022.7,si
1993-01-07,0.281803,3261.6,si
1993-01-08,0.088380,1022.9,si
1993-01-09,0.052584,608.6,si
1993-01-10,0.082082,950.0,si
1993-01-11,0.131729,1524.6,si
1993-01-12,0.038133,441.4,si
1993-01-13,0.029085,336.6,si
1993-01-14,0.014395,166.6,si
1993-01-15,0.052212,604.3,si
1993-01-16,0.049783,576.2,si
1993-01-17,0.055367,640.8,si
1993-01-18,0.067713,783.7,si
1993-01-19,0.007191,83.2,si
1993-01-20,0.085025,984.1,si
1993-01-21,0.090759,1050.5,si
1993-01-22,-0.008960,-103.7,si
1993-01-23,-0.023179,-268.3,si
1993-01-24,0.003980,46.1,si
1993-01-25,0.027529,318.6,si
1993-01-26,0.045156,522.6,si
1993-01-27,-0.034013,-393.7,si
1993-01-28,0.152108,1760.5,si
1993-01-29,-0.008789,-101.7,si
1993-01-30,0.007156,82.8,si
1993-01-31,0.232588,2692.0,si
1993-02-01,0.117448,1359.4,si
1993-02-02,1.668550,19311.9,si
1993-02-03,0.430127,4978.3,si
1993-02-04,0.299731,3469.1,si
1993-02-05,0.314396,3638.8,si
1993-02-06,0.308409,3569.5,si
1993-02-07,0.275586,3189.7,si
1993-02-08,0.301398,3488.4,si
1993-02-09,0.216290,2503.4,si
1993-02-10,0.254802,2949.1,si
1993-02-11,0.166073,1922.1,si
1993-02-12,0.122702,1420.2,si
1993-02-13,0.142596,1650.4,si
1993-02-14,0.234730,2716.8,si
1993-02-15,0.232221,2687.7,si
1993-02-16,0.190694,2207.1,si
1993-02-17,0.161024,1863.7,si
1993-02-18,0.122307,1415.6,si
1993-02-19,0.116809,1352.0,si
1993-02-20,0.126141,1460.0,si
1993-02-21,0.169822,1965.5,si
1993-02-22,0.174236,2016.6,si
1993-02-23,0.090145,1043.3,si
1993-02-24,0.227588,2634.1,si
1993-02-25,0.206082,2385.2,si
1993-02-26,0.123456,1428.9,si
1993-02-27,0.145535,1684.4,si
1993-02-28,0.103880,1202.3,si
1993-03-01,0.127974,1481.2,si
1993-03-02,-0.013742,-159.0,si
1993-03-03,-0.097602,-1129.6,si
1993-03-04,0.004135,47.9,si
1993-03-05,-0.005217,-60.4,si
1993-03-06,0.016570,191.8,si
1993-03-07,0.031125,360.2,si
1993-03-08,0.209216,2421.5,si
1993-03-09,0.070580,816.9,si
1993-03-10,0.056757,656.9,si
1993-03-11,0.328613,3803.4,si
1993-03-12,0.187204,2166.7,si
1993-03-13,0.229154,2652.3,si
1993-03-14,0.269885,3123.7,si
1993-03-15,0.006702,77.6,si
1993-03-16,-0.085579,-990.5,si
1993-03-17,0.061099,707.2,si
1993-03-18,0.078193,905.0,si
1993-03-19,0.295559,3420.8,si
1993-03-20,-0.048086,-556.6,si
1993-03-21,0.008119,94.0,si
1993-03-22,-0.061801,-715.3,si
1993-03-23,-0.022416,-259.4,si
1993-03-24,-0.034809,-402.9,si
1993-03-25,-0.060102,-695.6,si
1993-03-26,0.086383,999.8,si
1993-03-27,0.145852,1688.1,si
1993-03-28,0.716636,8294.4,si
1993-03-29,0.014559,168.5,si
1993-03-30,0.096309,1114.7,si
1993-03-31,0.083929,971.4,si
1993-04-01,0.016726,193.6,si
1993-04-02,-0.294205,-3405.1,si
1993-04-03,-0.245273,-2838.8,si
1993-04-04,-0.150529,-1742.2,si
1993-04-05,-0.132736,-1536.3,si
1993-04-06,0.005642,65.3,si
1993-04-07,0.110388,1277.6,si
1993-04-08,-0.068215,-789.5,si
1993-04-09,0.240313,2781.4,si
1993-04-10,-0.227453,-2632.6,si
1993-04-11,-0.033683,-389.8,si
1993-04-12,-0.224780,-2601.6,si
1993-04-13,-0.270790,-3134.1,si
1993-04-14,0.244620,2831.3,si
1993-04-15,0.198207,2294.1,si
1993-04-16,0.027255,315.5,si
1993-04-17,0.632022,7315.1,si
1993-04-18,1.585353,18349.0,si
1993-04-19,0.241078,2790.3,si
1993-04-20,0.143720,1663.4,si
1993-04-21,0.264299,3059.0,si
1993-04-22,0.187241,2167.1,si
1993-04-23,0.035538,411.3,si
1993-04-24,-0.082045,-949.6,si
1993-04-25,-0.089126,-1031.6,si
1993-04-26,-0.105682,-1223.2,si
1993-04-27,-0.045162,-522.7,si
1993-04-28,-0.139157,-1610.6,si
1993-04-29,0.063062,729.9,si
1993-04-30,0.282430,3268.9,si
1993-05-01,0.134754,1559.6,si
1993-05-02,0.243539,2818.7,si
1993-05-03,-0.259596,-3004.6,si
1993-05-04,0.173647,2009.8,si
1993-05-05,-0.129875,-1503.2,si
1993-05-06,-0.258438,-2991.2,si
1993-05-07,-0.300085,-3473.2,si
1993-05-08,0.293818,3400.7,si
1993-05-09,0.363485,4207.0,si
1993-05-10,-0.162966,-1886.2,si
1993-05-11,0.425813,4928.4,si
1993-05-12,0.082775,958.0,si
1993-05-13,0.502484,5815.8,si
1993-05-14,0.043268,500.8,si
1993-05-15,-0.144393,-1671.2,si
1993-05-16,0.190491,2204.8,si
1993-05-17,1.182557,13687.0,si
1993-05-18,0.371870,4304.1,si
1993-05-19,0.025196,291.6,si
1993-05-20,0.110388,1277.6,si
1993-05-21,0.015643,181.1,si
1993-05-22,-0.099656,-1153.4,si
1993-05-23,-0.146420,-1694.7,si
1993-05-24,-0.250545,-2899.8,si
1993-05-25,0.564606,6534.8,si
1993-05-26,1.289041,14919.5,si
1993-05-27,0.726021,8403.0,si
1993-05-28,0.279779,3238.2,si
1993-05-29,0.034237,396.3,si
1993-05-30,-0.081342,-941.5,si
1993-05-31,0.127533,1476.1,si
1993-06-01,-0.141382,-1636.4,si
1993-06-02,0.198433,2296.7,si
1993-06-03,-0.138464,-1602.6,si
1993-06-04,0.263426,3048.9,si
1993-06-05,0.906307,10489.7,si
1993-06-06,0.163225,1889.2,si
1993-06-07,-0.093438,-1081.5,si
1993-06-08,-0.099170,-1147.8,si
1993-06-09,-0.151378,-1752.1,si
1993-06-10,0.323120,3739.8,si
1993-06-11,0.334816,3875.2,si
1993-06-12,0.952708,11026.7,si
1993-06-13,0.194824,2254.9,si
1993-06-14,0.758559,8779.6,si
1993-06-15,0.127795,1479.1,si
1993-06-16,0.000315,3.6,si
1993-06-17,-0.079982,-925.7,si
1993-06-18,0.054964,636.2,si
1993-06-19,1.132425,13106.8,si
1993-06-20,0.339115,3924.9,si
1993-06-21,0.041630,481.8,si
1993-06-22,-0.035063,-405.8,si
1993-06-23,-0.098553,-1140.7,si
1993-06-24,-0.159835,-1849.9,si
1993-06-25,0.061025,706.3,si
1993-06-26,-0.021414,-247.8,si
1993-06-27,-0.131634,-1523.5,si
1993-06-28,-0.239129,-2767.7,si
1993-06-29,-0.256629,-2970.2,si
1993-06-30,-0.167688,-1940.8,si
1993-07-01,-0.260755,-3018.0,si
1993-07-02,-0.439113,-5082.3,si
1993-07-03,-0.449326,-5200.5,si
1993-07-04,-0.079518,-920.3,si
1993-07-05,0.354225,4099.8,si
1993-07-06,-0.274354,-3175.4,si
1993-07-07,-0.362547,-4196.2,si
1993-07-08,-0.419564,-4856.1,si
1993-07-09,0.271721,3144.9,si
1993-07-10,0.387307,4482.7,si
1993-07-11,0.146502,1695.6,si
1993-07-12,-0.200330,-2318.6,si
1993-07-13,0.187861,2174.3,si
1993-07-14,-0.023881,-276.4,si
1993-07-15,-0.100502,-1163.2,si
1993-07-16,-0.240426,-2782.7,si
1993-07-17,-0.168585,-1951.2,si
1993-07-18,-0.182905,-2117.0,si
1993-07-19,-0.121384,-1404.9,si
1993-07-20,-0.133111,-1540.6,si
1993-07-21,-0.245354,-2839.7,si
1993-07-22,0.213941,2476.2,si
1993-07-23,-0.072517,-839.3,si
1993-07-24,0.578857,6699.7,si
1993-07-25,0.349450,4044.6,si
1993-07-26,0.578457,6695.1,si
1993-07-27,-0.049356,-571.3,si
1993-07-28,-0.027545,-318.8,si
1993-07-29,0.842841,9755.1,si
1993-07-30,0.622319,7202.8,si
1993-07-31,1.086350,12573.5,si
1993-08-01,0.259815,3007.1,si
1993-08-02,0.287032,3322.1,si
1993-08-03,0.544045,6296.8,si
1993-08-04,0.541548,6267.9,si
1993-08-05,0.533211,6171.4,si
1993-08-06,0.224435,2597.6,si
1993-08-07,0.037476,433.7,si
1993-08-08,-0.027981,-323.9,si
1993-08-09,0.207574,2402.5,si
1993-08-10,0.206120,2385.6,si
1993-08-11,-0.025680,-297.2,si
1993-08-12,0.014921,172.7,si
1993-08-13,-0.024830,-287.4,si
1993-08-14,0.054685,632.9,si
1993-08-15,-0.118098,-1366.9,si
1993-08-16,-0.144865,-1676.7,si
1993-08-17,-0.171989,-1990.6,si
1993-08-18,-0.206599,-2391.2,si
1993-08-19,-0.003189,-36.9,si
1993-08-20,-0.076837,-889.3,si
1993-08-21,-0.047405,-548.7,si
1993-08-22,-0.132988,-1539.2,si
1993-08-23,-0.167957,-1943.9,si
1993-08-24,-0.098252,-1137.2,si
1993-08-25,0.057903,670.2,si
1993-08-26,0.065824,761.9,si
1993-08-27,0.328422,3801.2,si
1993-08-28,0.134506,1556.8,si
1993-08-29,-0.025820,-298.8,si
1993-08-30,-0.107631,-1245.7,si
1993-08-31,-0.038874,-449.9,si
1993-09-01,-0.110440,-1278.2,si
1993-09-02,0.028424,329.0,si
1993-09-03,0.038314,443.5,si
1993-09-04,-0.061922,-716.7,si
1993-09-05,-0.083497,-966.4,si
1993-09-06,-0.153393,-1775.4,si
1993-09-07,-0.224839,-2602.3,si
1993-09-08,-0.095632,-1106.9,si
1993-09-09,-0.195155,-2258.7,si
1993-09-10,0.893458,10341.0,si
1993-09-11,0.454875,5264.8,si
1993-09-12,0.149360,1728.7,si
1993-09-13,0.462750,5355.9,si
1993-09-14,0.091539,1059.5,si
1993-09-15,0.192586,2229.0,si
1993-09-16,0.099101,1147.0,si
1993-09-17,-0.009618,-111.3,si
1993-09-18,-0.076667,-887.3,si
1993-09-19,-0.117324,-1357.9,si
1993-09-20,-0.174297,-2017.3,si
1993-09-21,-0.081182,-939.6,si
1993-09-22,0.456040,5278.2,si
1993-09-23,0.140616,1627.5,si
1993-09-24,-0.082781,-958.1,si
1993-09-25,-0.126336,-1462.2,si
1993-09-26,-0.030256,-350.2,si
1993-09-27,-0.176425,-2042.0,si
1993-09-28,-0.173211,-2004.8,si
1993-09-29,-0.201191,-2328.6,si
1993-09-30,-0.146421,-1694.7,si
1993-10-01,-0.096360,-1115.3,si
1993-10-02,0.130981,1516.0,si
1993-10-03,0.136446,1579.2,si
1993-10-04,0.003973,46.0,si
1993-10-05,0.061495,711.7,si
1993-10-06,0.100935,1168.2,si
1993-10-07,0.127600,1476.9,si
1993-10-08,0.087321,1010.7,si
1993-10-09,0.198696,2299.7,si
1993-10-10,0.273111,3161.0,si
1993-10-11,0.117358,1358.3,si
1993-10-12,0.036268,419.8,si
1993-10-13,0.063012,729.3,si
1993-10-14,0.047756,552.7,si
1993-10-15,0.020774,240.4,si
1993-10-16,0.683361,7909.3,si
1993-10-17,0.781002,9039.4,si
1993-10-18,0.393332,4552.5,si
1993-10-19,0.186508,2158.7,si
1993-10-20,0.473574,5481.2,si
1993-10-21,0.487381,5641.0,si
1993-10-22,0.123410,1428.4,si
1993-10-23,0.150940,1747.0,si
1993-10-24,0.146762,1698.6,si
1993-10-25,0.062302,721.1,si
1993-10-26,0.406517,4705.1,si
1993-10-27,0.171556,1985.6,si
1993-10-28,0.131978,1527.5,si
1993-10-29,0.088681,1026.4,si
1993-10-30,0.175960,2036.6,si
1993-10-31,0.389211,4504.8,si
1993-11-01,0.076881,889.8,si
1993-11-02,0.071374,826.1,si
1993-11-03,0.077090,892.2,si
1993-11-04,0.633074,7327.2,si
1993-11-05,0.090376,1046.0,si
1993-11-06,0.086490,1001.0,si
1993-11-07,0.071700,829.9,si
1993-11-08,0.068956,798.1,si
1993-11-09,0.031841,368.5,si
1993-11-10,0.777880,9003.2,si
1993-11-11,0.530251,6137.2,si
1993-11-12,0.164260,1901.2,si
1993-11-13,0.139790,1617.9,si
1993-11-14,0.162019,1875.2,si
1993-11-15,0.207903,2406.3,si
1993-11-16,0.051331,594.1,si
1993-11-17,0.372621,4312.7,si
1993-11-18,0.707066,8183.6,si
1993-11-19,0.530539,6140.5,si
1993-11-20,0.265102,3068.3,si
1993-11-21,0.182244,2109.3,si
1993-11-22,0.120449,1394.1,si
1993-11-23,0.249653,2889.5,si
1993-11-24,0.126346,1462.3,si
1993-11-25,0.214780,2485.9,si
1993-11-26,0.111717,1293.0,si
1993-11-27,0.041711,482.8,si
1993-11-28,0.091653,1060.8,si
1993-11-29,0.653859,7567.8,si
1993-11-30,1.020966,11816.7,si
1993-12-01,0.305558,3536.6,si
1993-12-02,0.376739,4360.4,si
1993-12-03,0.259156,2999.5,si
1993-12-04,0.268599,3108.8,si
1993-12-05,0.218204,2525.5,si
1993-12-06,0.190373,2203.4,si
1993-12-07,0.146326,1693.6,si
1993-12-08,0.150997,1747.6,si
1993-12-09,0.176098,2038.2,si
1993-12-10,0.164051,1898.7,si
1993-12-11,0.174778,2022.9,si
1993-12-12,0.253334,2932.1,si
1993-12-13,0.173081,2003.3,si
1993-12-14,0.319424,3697.0,si
1993-12-15,0.149767,1733.4,si
1993-12-16,0.113055,1308.5,si
1993-12-17,0.131443,1521.3,si
1993-12-18,0.452458,5236.8,si
1993-12-19,0.146089,1690.8,si
1993-12-20,0.059575,689.5,si
1993-12-21,0.084502,978.0,si
1993-12-22,0.100832,1167.0,si
1993-12-23,0.078942,913.7,si
1993-12-24,0.058875,681.4,si
1993-12-25,0.044526,515.3,si
1993-12-26,0.053409,618.2,si
1993-12-27,0.138309,1600.8,si
1993-12-28,0.109887,1271.8,si
1993-12-29,0.107566,1245.0,si
1993-12-30,0.059073,683.7,si
1993-12-31,0.118118,1367.1,si
1994-01-01,0.072735,841.8,si
1994-01-02,0.021607,250.1,si
1994-01-03,0.020723,239.8,si
1994-01-04,0.258845,2995.9,si
1994-01-05,0.195051,2257.5,si
1994-01-06,0.010201,118.1,si
1994-01-07,0.023728,274.6,si
1994-01-08,0.495238,5731.9,si
1994-01-09,0.512921,5936.6,si
1994-01-10,0.332896,3853.0,si
1994-01-11,0.128977,1492.8,si
1994-01-12,0.094887,1098.2,si
1994-01-13,0.115980,1342.4,si
1994-01-14,0.104484,1209.3,si
1994-01-15,0.157924,1827.8,si
1994-01-16,0.095608,1106.6,si
1994-01-17,0.088200,1020.8,si
1994-01-18,0.110919,1283.8,si
1994-01-19,0.049178,569.2,si
1994-01-20,0.126437,1463.4,si
1994-01-21,0.131432,1521.2,si
1994-01-22,0.030667,354.9,si
1994-01-23,0.015787,182.7,si
1994-01-24,0.042629,493.4,si
1994-01-25,0.072976,844.6,si
1994-01-26,0.083768,969.5,si
1994-01-27,0.003314,38.4,si
1994-01-28,0.025841,299.1,si
1994-01-29,0.034734,402.0,si
1994-01-30,0.044001,509.3,si
1994-01-31,0.123264,1426.7,si
1994-02-01,0.298166,3451.0,si
1994-02-02,0.062027,717.9,si
1994-02-03,0.194515,2251.3,si
1994-02-04,0.052305,605.4,si
1994-02-05,0.113565,1314.4,si
1994-02-06,0.090773,1050.6,si
1994-02-07,0.044471,514.7,si
1994-02-08,0.097931,1133.5,si
1994-02-09,0.031291,362.2,si
1994-02-10,0.077648,898.7,si
1994-02-11,-0.004295,-49.7,si
1994-02-12,-0.042065,-486.9,si
1994-02-13,-0.016498,-191.0,si
1994-02-14,0.081112,938.8,si
1994-02-15,0.083063,961.4,si
1994-02-16,0.045356,525.0,si
1994-02-17,0.018706,216.5,si
1994-02-18,-0.017378,-201.1,si
1994-02-19,-0.012859,-148.8,si
1994-02-20,0.026268,304.0,si
1994-02-21,0.640639,7414.8,si
1994-02-22,0.112677,1304.1,si
1994-02-23,0.007409,85.8,si
1994-02-24,0.222169,2571.4,si
1994-02-25,0.142457,1648.8,si
1994-02-26,0.101560,1175.5,si
1994-02-27,0.052128,603.3,si
1994-02-28,0.345510,3999.0,si
1994-03-01,0.056266,651.2,si
1994-03-02,-0.046465,-537.8,si
1994-03-03,-0.133016,-1539.5,si
1994-03-04,0.111889,1295.0,si
1994-03-05,-0.041568,-481.1,si
1994-03-06,-0.037294,-431.6,si
1994-03-07,-0.005987,-69.3,si
1994-03-08,-0.005336,-61.8,si
1994-03-09,-0.106951,-1237.9,si
1994-03-10,-0.026248,-303.8,si
1994-03-11,-0.025597,-296.3,si
1994-03-12,0.580040,6713.4,si
1994-03-13,0.377490,4369.1,si
1994-03-14,0.247202,2861.1,si
1994-03-15,-0.002159,-25.0,si
1994-03-16,-0.102411,-1185.3,si
1994-03-17,0.003839,44.4,si
1994-03-18,0.078741,911.4,si
1994-03-19,-0.039383,-455.8,si
1994-03-20,-0.074822,-866.0,si
1994-03-21,-0.089766,-1039.0,si
1994-03-22,0.164332,1902.0,si
1994-03-23,1.293321,14969.0,si
1994-03-24,0.161520,1869.4,si
1994-03-25,0.012214,141.4,si
1994-03-26,0.146517,1695.8,si
1994-03-27,0.112874,1306.4,si
1994-03-28,0.270025,3125.3,si
1994-03-29,0.108399,1254.6,si
1994-03-30,0.436576,5053.0,si
1994-03-31,1.148854,13296.9,si
1994-04-01,0.233024,2697.0,si
1994-04-02,0.197469,2285.5,si
1994-04-03,0.049028,567.5,si
1994-04-04,0.077753,899.9,si
1994-04-05,-0.023269,-269.3,si
1994-04-06,-0.084632,-979.5,si
1994-04-07,0.027643,319.9,si
1994-04-08,-0.028367,-328.3,si
1994-04-09,-0.115963,-1342.2,si
1994-04-10,-0.233426,-2701.7,si
1994-04-11,-0.209224,-2421.6,si
1994-04-12,0.251978,2916.4,si
1994-04-13,-0.009821,-113.7,si
1994-04-14,0.010851,125.6,si
1994-04-15,-0.157804,-1826.4,si
1994-04-16,-0.118431,-1370.7,si
1994-04-17,-0.057499,-665.5,si
1994-04-18,-0.072344,-837.3,si
1994-04-19,-0.136204,-1576.4,si
1994-04-20,0.014905,172.5,si
1994-04-21,-0.120897,-1399.3,si
1994-04-22,-0.101978,-1180.3,si
1994-04-23,-0.116967,-1353.8,si
1994-04-24,-0.085303,-987.3,si
1994-04-25,0.137724,1594.0,si
1994-04-26,0.050708,586.9,si
1994-04-27,0.334739,3874.3,si
1994-04-28,-0.002180,-25.2,si
1994-04-29,0.198466,2297.1,si
1994-04-30,1.241292,14366.8,si
1994-05-01,0.468645,5424.1,si
1994-05-02,-0.076017,-879.8,si
1994-05-03,-0.171660,-1986.8,si
1994-05-04,0.230805,2671.4,si
1994-05-05,0.284383,3291.5,si
1994-05-06,0.079296,917.8,si
1994-05-07,-0.022533,-260.8,si
1994-05-08,-0.066166,-765.8,si
1994-05-09,-0.067996,-787.0,si
1994-05-10,-0.026844,-310.7,si
1994-05-11,-0.140352,-1624.4,si
1994-05-12,-0.108112,-1251.3,si
1994-05-13,-0.132623,-1535.0,si
1994-05-14,0.057561,666.2,si
1994-05-15,-0.292377,-3384.0,si
1994-05-16,-0.227884,-2637.5,si
1994-05-17,0.010005,115.8,si
1994-05-18,-0.159590,-1847.1,si
1994-05-19,0.001261,14.6,si
1994-05-20,0.313789,3631.8,si
1994-05-21,-0.192215,-2224.7,si
1994-05-22,0.011401,132.0,si
1994-05-23,-0.093233,-1079.1,si
1994-05-24,-0.233094,-2697.9,si
1994-05-25,0.169512,1961.9,si
1994-05-26,0.245794,2844.8,si
1994-05-27,0.189289,2190.8,si
1994-05-28,-0.139369,-1613.1,si
1994-05-29,-0.180914,-2093.9,si
1994-05-30,-0.092199,-1067.1,si
1994-05-31,-0.144975,-1678.0,si
1994-06-01,-0.249815,-2891.4,si
1994-06-02,-0.489431,-5664.7,si
1994-06-03,-0.428939,-4964.6,si
1994-06-04,-0.368392,-4263.8,si
1994-06-05,-0.470087,-5440.8,si
1994-06-06,0.073743,853.5,si
1994-06-07,-0.413358,-4784.2,si
1994-06-08,0.240449,2783.0,si
1994-06-09,0.698329,8082.5,si
1994-06-10,-0.181041,-2095.4,si
1994-06-11,0.799771,9256.6,si
1994-06-12,0.027802,321.8,si
1994-06-13,-0.210534,-2436.7,si
1994-06-14,-0.250952,-2904.5,si
1994-06-15,0.555468,6429.0,si
1994-06-16,-0.129221,-1495.6,si
1994-06-17,1.660635,19220.3,si
1994-06-18,0.392807,4546.4,si
1994-06-19,0.050316,582.4,si
1994-06-20,-0.067889,-785.8,si
1994-06-21,-0.205658,-2380.3,si
1994-06-22,-0.302494,-3501.1,si
1994-06-23,-0.337855,-3910.4,si
1994-06-24,-0.406556,-4705.5,si
1994-06-25,-0.293411,-3396.0,si
1994-06-26,-0.361953,-4189.3,si
1994-06-27,-0.379560,-4393.1,si
1994-06-28,0.474940,5497.0,si
1994-06-29,-0.279084,-3230.1,si
1994-06-30,-0.295210,-3416.8,si
1994-07-01,0.121941,1411.4,si
1994-07-02,0.404790,4685.1,si
1994-07-03,0.176667,2044.8,si
1994-07-04,-0.074458,-861.8,si
1994-07-05,0.069717,806.9,si
1994-07-06,-0.242573,-2807.6,si
1994-07-07,-0.166850,-1931.1,si
1994-07-08,0.325155,3763.4,si
1994-07-09,0.366958,4247.2,si
1994-07-10,0.396654,4590.9,si
1994-07-11,0.580284,6716.3,si
1994-07-12,0.942275,10906.0,si
1994-07-13,0.709434,8211.0,si
1994-07-14,0.782541,9057.2,si
1994-07-15,0.534821,6190.1,si
1994-07-16,0.640183,7409.5,si
1994-07-17,0.460637,5331.4,si
1994-07-18,0.305184,3532.2,si
1994-07-19,0.017483,202.4,si
1994-07-20,0.215806,2497.8,si
1994-07-21,-0.075017,-868.3,si
1994-07-22,-0.303773,-3515.9,si
1994-07-23,-0.270182,-3127.1,si
1994-07-24,-0.391698,-4533.5,si
1994-07-25,-0.369009,-4270.9,si
1994-07-26,-0.361797,-4187.5,si
1994-07-27,-0.263963,-3055.1,si
1994-07-28,-0.349630,-4046.6,si
1994-07-29,0.195234,2259.6,si
1994-07-30,-0.271698,-3144.6,si
1994-07-31,-0.328130,-3797.8,si
1994-08-01,-0.326866,-3783.2,si
1994-08-02,-0.178972,-2071.4,si
1994-08-03,-0.006596,-76.3,si
1994-08-04,0.291958,3379.1,si
1994-08-05,0.338442,3917.1,si
1994-08-06,0.087146,1008.6,si
1994-08-07,-0.111687,-1292.7,si
1994-08-08,-0.222890,-2579.7,si
1994-08-09,-0.210790,-2439.7,si
1994-08-10,0.112618,1303.4,si
1994-08-11,0.602789,6976.7,si
1994-08-12,0.075113,869.4,si
1994-08-13,0.385604,4463.0,si
1994-08-14,0.265321,3070.8,si
1994-08-15,0.180987,2094.8,si
1994-08-16,0.391319,4529.2,si
1994-08-17,-0.123260,-1426.6,si
1994-08-18,0.211990,2453.6,si
1994-08-19,0.891740,10321.1,si
1994-08-20,0.728764,8434.8,si
1994-08-21,0.289058,3345.6,si
1994-08-22,0.106946,1237.8,si
1994-08-23,0.254795,2949.0,si
1994-08-24,0.017228,199.4,si
1994-08-25,-0.026946,-311.9,si
1994-08-26,0.099357,1150.0,si
1994-08-27,0.763708,8839.2,si
1994-08-28,0.319028,3692.5,si
1994-08-29,0.163874,1896.7,si
1994-08-30,0.028837,333.8,si
1994-08-31,-0.144991,-1678.1,si
1994-09-01,-0.066918,-774.5,si
1994-09-02,-0.017437,-201.8,si
1994-09-03,0.222908,2580.0,si
1994-09-04,0.472750,5471.6,si
1994-09-05,-0.018869,-218.4,si
1994-09-06,-0.059354,-687.0,si
1994-09-07,-0.146292,-1693.2,si
1994-09-08,-0.160064,-1852.6,si
1994-09-09,-0.184820,-2139.1,si
1994-09-10,-0.279633,-3236.5,si
1994-09-11,-0.117573,-1360.8,si
1994-09-12,-0.204663,-2368.8,si
1994-09-13,-0.300525,-3478.3,si
1994-09-14,-0.263528,-3050.1,si
1994-09-15,-0.253428,-2933.2,si
1994-09-16,-0.004663,-54.0,si
1994-09-17,-0.187019,-2164.6,si
1994-09-18,-0.245261,-2838.7,si
1994-09-19,-0.275820,-3192.4,si
1994-09-20,-0.313974,-3634.0,si
1994-09-21,-0.253325,-2932.0,si
1994-09-22,0.065190,754.5,si
1994-09-23,0.872670,10100.3,si
1994-09-24,0.956804,11074.1,si
1994-09-25,1.359980,15740.5,si
1994-09-26,0.760177,8798.3,si
1994-09-27,0.355349,4112.8,si
1994-09-28,0.075477,873.6,si
1994-09-29,0.011536,133.5,si
1994-09-30,-0.062931,-728.4,si
1994-10-01,-0.172379,-1995.1,si
1994-10-02,-0.072557,-839.8,si
1994-10-03,-0.178523,-2066.2,si
1994-10-04,0.304791,3527.7,si
1994-10-05,-0.063630,-736.5,si
1994-10-06,-0.104592,-1210.6,si
1994-10-07,0.606567,7020.5,si
1994-10-08,1.091863,12637.3,si
1994-10-09,0.377126,4364.9,si
1994-10-10,0.316310,3661.0,si
1994-10-11,0.497671,5760.1,si
1994-10-12,1.318405,15259.3,si
1994-10-13,0.437039,5058.3,si
1994-10-14,0.900958,10427.8,si
1994-10-15,0.218433,2528.2,si
1994-10-16,0.198722,2300.0,si
1994-10-17,0.813475,9415.2,si
1994-10-18,0.313326,3626.5,si
1994-10-19,0.770394,8916.6,si
1994-10-20,0.282301,3267.4,si
1994-10-21,0.111402,1289.4,si
1994-10-22,0.406484,4704.7,si
1994-10-23,0.606671,7021.7,si
1994-10-24,0.192956,2233.3,si
1994-10-25,-0.028908,-334.6,si
1994-10-26,0.018754,217.1,si
1994-10-27,-0.037942,-439.1,si
1994-10-28,-0.062134,-719.1,si
1994-10-29,-0.127160,-1471.8,si
1994-10-30,-0.146244,-1692.6,si
1994-10-31,-0.016865,-195.2,si
1994-11-01,-0.158124,-1830.1,si
1994-11-02,0.197295,2283.5,si
1994-11-03,0.517124,5985.2,si
1994-11-04,0.138394,1601.8,si
1994-11-05,0.033249,384.8,si
1994-11-06,0.101204,1171.3,si
1994-11-07,0.195662,2264.6,si
1994-11-08,0.639287,7399.2,si
1994-11-09,0.200309,2318.4,si
1994-11-10,0.085034,984.2,si
1994-11-11,0.073048,845.5,si
1994-11-12,0.067224,778.1,si
1994-11-13,0.058895,681.7,si
1994-11-14,0.033829,391.5,si
1994-11-15,-0.016605,-192.2,si
1994-11-16,-0.015863,-183.6,si
1994-11-17,-0.038040,-440.3,si
1994-11-18,0.076189,881.8,si
1994-11-19,-0.083045,-961.2,si
1994-11-20,-0.034188,-395.7,si
1994-11-21,-0.003894,-45.1,si
1994-11-22,-0.015228,-176.2,si
1994-11-23,0.247149,2860.5,si
1994-11-24,0.074807,865.8,si
1994-11-25,1.310863,15172.0,si
1994-11-26,0.959120,11100.9,si
1994-11-27,0.736208,8520.9,si
1994-11-28,0.377344,4367.4,si
1994-11-29,0.298352,3453.2,si
1994-11-30,0.170021,1967.8,si
1994-12-01,0.128474,1487.0,si
1994-12-02,0.278149,3219.3,si
1994-12-03,0.179869,2081.8,si
1994-12-04,0.208384,2411.8,si
1994-12-05,0.168163,1946.3,si
1994-12-06,0.186152,2154.5,si
1994-12-07,0.225716,2612.5,si
1994-12-08,0.196028,2268.8,si
1994-12-09,0.153884,1781.1,si
1994-12-10,0.162563,1881.5,si
1994-12-11,0.150628,1743.4,si
1994-12-12,0.206991,2395.7,si
1994-12-13,0.154213,1784.9,si
1994-12-14,0.159748,1848.9,si
1994-12-15,0.134363,1555.1,si
1994-12-16,0.098448,1139.4,si
1994-12-17,0.128254,1484.4,si
1994-12-18,0.147259,1704.4,si
1994-12-19,0.056227,650.8,si
1994-12-20,0.027235,315.2,si
1994-12-21,0.056113,649.5,si
1994-12-22,0.119707,1385.5,si
1994-12-23,0.053172,615.4,si
1994-12-24,0.035259,408.1,si
1994-12-25,0.022147,256.3,si
1994-12-26,0.036832,426.3,si
1994-12-27,0.118328,1369.5,si
1994-12-28,0.089821,1039.6,si
1994-12-29,0.089082,1031.0,si
1994-12-30,0.040257,465.9,si
1994-12-31,0.100110,1158.7,si
1995-01-01,0.055023,636.8,si
1995-01-02,0.044123,510.7,si
1995-01-03,0.043317,501.3,si
1995-01-04,0.019444,225.0,si
1995-01-05,-0.003646,-42.2,si
1995-01-06,0.015500,179.4,si
1995-01-07,0.033458,387.2,si
1995-01-08,0.077115,892.5,si
1995-01-09,0.051443,595.4,si
1995-01-10,0.139615,1615.9,si
1995-01-11,0.067319,779.2,si
1995-01-12,0.047578,550.7,si
1995-01-13,0.043022,497.9,si
1995-01-14,0.030752,355.9,si
1995-01-15,0.036694,424.7,si
1995-01-16,0.073846,854.7,si
1995-01-17,0.067252,778.4,si
1995-01-18,0.135991,1574.0,si
1995-01-19,0.040522,469.0,si
1995-01-20,0.126060,1459.0,si
1995-01-21,0.342287,3961.7,si
1995-01-22,0.034093,394.6,si
1995-01-23,0.019246,222.8,si
1995-01-24,0.047130,545.5,si
1995-01-25,0.072781,842.4,si
1995-01-26,0.093475,1081.9,si
1995-01-27,0.013201,152.8,si
1995-01-28,0.036648,424.2,si
1995-01-29,0.040903,473.4,si
1995-01-30,0.057502,665.5,si
1995-01-31,0.090325,1045.4,si
1995-02-01,0.119676,1385.1,si
1995-02-02,0.050671,586.5,si
1995-02-03,0.020654,239.0,si
1995-02-04,0.029690,343.6,si
1995-02-05,0.074462,861.8,si
1995-02-06,0.238646,2762.1,si
1995-02-07,0.038479,445.4,si
1995-02-08,0.093908,1086.9,si
1995-02-09,0.027544,318.8,si
1995-02-10,0.075755,876.8,si
1995-02-11,-0.006559,-75.9,si
1995-02-12,-0.041767,-483.4,si
1995-02-13,-0.016195,-187.4,si
1995-02-14,0.083888,970.9,si
1995-02-15,0.085759,992.6,si
1995-02-16,0.048875,565.7,si
1995-02-17,0.023539,272.4,si
1995-02-18,-0.012350,-142.9,si
1995-02-19,-0.013953,-161.5,si
1995-02-20,0.040528,469.1,si
1995-02-21,0.134398,1555.5,si
1995-02-22,0.243181,2814.6,si
1995-02-23,0.183418,2122.9,si
1995-02-24,0.025567,295.9,si
1995-02-25,-0.036840,-426.4,si
1995-02-26,0.085247,986.7,si
1995-02-27,0.324473,3755.5,si
1995-02-28,0.012983,150.3,si
1995-03-01,0.032201,372.7,si
1995-03-02,0.038256,442.8,si
1995-03-03,-0.031186,-360.9,si
1995-03-04,0.054496,630.7,si
1995-03-05,0.049918,577.8,si
1995-03-06,0.053388,617.9,si
1995-03-07,0.087942,1017.8,si
1995-03-08,0.248610,2877.4,si
1995-03-09,0.261466,3026.2,si
1995-03-10,0.273561,3166.2,si
1995-03-11,0.528216,6113.6,si
1995-03-12,1.193312,13811.5,si
1995-03-13,0.261914,3031.4,si
1995-03-14,0.192696,2230.3,si
1995-03-15,0.145620,1685.4,si
1995-03-16,0.297395,3442.1,si
1995-03-17,0.192223,2224.8,si
1995-03-18,0.136161,1575.9,si
1995-03-19,0.114637,1326.8,si
1995-03-20,0.089937,1040.9,si
1995-03-21,0.565339,6543.3,si
1995-03-22,0.296044,3426.4,si
1995-03-23,0.412063,4769.2,si
1995-03-24,0.244123,2825.5,si
1995-03-25,0.071631,829.1,si
1995-03-26,0.217218,2514.1,si
1995-03-27,0.091489,1058.9,si
1995-03-28,0.128797,1490.7,si
1995-03-29,0.068101,788.2,si
1995-03-30,0.171253,1982.1,si
1995-03-31,0.161673,1871.2,si
1995-04-01,0.089990,1041.5,si
1995-04-02,-0.167023,-1933.1,si
1995-04-03,-0.089034,-1030.5,si
1995-04-04,0.009631,111.5,si
1995-04-05,-0.044230,-511.9,si
1995-04-06,-0.091176,-1055.3,si
1995-04-07,-0.050723,-587.1,si
1995-04-08,-0.011480,-132.9,si
1995-04-09,-0.090658,-1049.3,si
1995-04-10,-0.201401,-2331.0,si
1995-04-11,-0.170831,-1977.2,si
1995-04-12,0.006156,71.3,si
1995-04-13,-0.145104,-1679.4,si
1995-04-14,0.467691,5413.1,si
1995-04-15,-0.079301,-917.8,si
1995-04-16,-0.037936,-439.1,si
1995-04-17,0.053057,614.1,si
1995-04-18,0.570490,6602.9,si
1995-04-19,0.342844,3968.1,si
1995-04-20,0.174522,2019.9,si
1995-04-21,0.107245,1241.3,si
1995-04-22,0.046205,534.8,si
1995-04-23,0.076871,889.7,si
1995-04-24,0.386800,4476.9,si
1995-04-25,0.373950,4328.1,si
1995-04-26,0.417006,4826.5,si
1995-04-27,0.150295,1739.5,si
1995-04-28,0.063273,732.3,si
1995-04-29,0.164202,1900.5,si
1995-04-30,0.097466,1128.1,si
1995-05-01,0.704446,8153.3,si
1995-05-02,-0.025758,-298.1,si
1995-05-03,-0.103930,-1202.9,si
1995-05-04,0.078414,907.6,si
1995-05-05,-0.057756,-668.5,si
1995-05-06,-0.186734,-2161.3,si
1995-05-07,-0.093384,-1080.8,si
1995-05-08,-0.256761,-2971.8,si
1995-05-09,-0.140104,-1621.6,si
1995-05-10,-0.215796,-2497.6,si
1995-05-11,-0.137448,-1590.8,si
1995-05-12,-0.291623,-3375.3,si
1995-05-13,-0.260583,-3016.0,si
1995-05-14,-0.197462,-2285.4,si
1995-05-15,-0.165108,-1911.0,si
1995-05-16,-0.191091,-2211.7,si
1995-05-17,-0.136063,-1574.8,si
1995-05-18,1.142698,13225.7,si
1995-05-19,-0.046958,-543.5,si
1995-05-20,-0.135184,-1564.6,si
1995-05-21,-0.227138,-2628.9,si
1995-05-22,-0.231341,-2677.6,si
1995-05-23,-0.219168,-2536.7,si
1995-05-24,-0.087395,-1011.5,si
1995-05-25,0.832958,9640.7,si
1995-05-26,0.078772,911.7,si
1995-05-27,0.344310,3985.1,si
1995-05-28,-0.007253,-83.9,si
1995-05-29,0.504648,5840.8,si
1995-05-30,0.251598,2912.0,si
1995-05-31,0.126517,1464.3,si
1995-06-01,-0.109233,-1264.3,si
1995-06-02,-0.054873,-635.1,si
1995-06-03,-0.083380,-965.0,si
1995-06-04,-0.107988,-1249.9,si
1995-06-05,0.274604,3178.3,si
1995-06-06,0.679795,7868.0,si
1995-06-07,-0.049915,-577.7,si
1995-06-08,-0.005946,-68.8,si
1995-06-09,0.120465,1394.3,si
1995-06-10,-0.135000,-1562.5,si
1995-06-11,0.030425,352.1,si
1995-06-12,0.612953,7094.4,si
1995-06-13,0.633759,7335.2,si
1995-06-14,0.350110,4052.2,si
1995-06-15,0.017489,202.4,si
1995-06-16,-0.079000,-914.3,si
1995-06-17,-0.074588,-863.3,si
1995-06-18,0.044959,520.4,si
1995-06-19,-0.177500,-2054.4,si
1995-06-20,0.075896,878.4,si
1995-06-21,-0.121399,-1405.1,si
1995-06-22,1.663129,19249.2,si
1995-06-23,0.635657,7357.1,si
1995-06-24,0.138797,1606.4,si
1995-06-25,0.045749,529.5,si
1995-06-26,0.096251,1114.0,si
1995-06-27,-0.049464,-572.5,si
1995-06-28,0.027563,319.0,si
1995-06-29,0.504985,5844.7,si
1995-06-30,0.339362,3927.8,si
1995-07-01,-0.078533,-908.9,si
1995-07-02,0.003536,40.9,si
1995-07-03,0.059290,686.2,si
1995-07-04,-0.000536,-6.2,si
1995-07-05,0.094683,1095.9,si
1995-07-06,-0.133937,-1550.2,si
1995-07-07,-0.146641,-1697.2,si
1995-07-08,0.790484,9149.1,si
1995-07-09,0.237189,2745.2,si
1995-07-10,0.095863,1109.5,si
1995-07-11,-0.042591,-492.9,si
1995-07-12,0.390306,4517.4,si
1995-07-13,0.190981,2210.4,si
1995-07-14,0.199219,2305.8,si
1995-07-15,-0.078183,-904.9,si
1995-07-16,-0.072404,-838.0,si
1995-07-17,-0.047847,-553.8,si
1995-07-18,-0.005540,-64.1,si
1995-07-19,-0.125469,-1452.2,si
1995-07-20,0.531733,6154.3,si
1995-07-21,0.486881,5635.2,si
1995-07-22,-0.033515,-387.9,si
1995-07-23,-0.073556,-851.3,si
1995-07-24,-0.147224,-1704.0,si
1995-07-25,0.270879,3135.2,si
1995-07-26,1.810731,20957.5,si
1995-07-27,0.405154,4689.3,si
1995-07-28,0.348966,4039.0,si
1995-07-29,0.512875,5936.1,si
1995-07-30,0.143575,1661.8,si
1995-07-31,-0.006682,-77.3,si
1995-08-01,0.227187,2629.5,si
1995-08-02,0.120872,1399.0,si
1995-08-03,0.059317,686.5,si
1995-08-04,0.031016,359.0,si
1995-08-05,-0.040078,-463.9,si
1995-08-06,0.358231,4146.2,si
1995-08-07,-0.008462,-97.9,si
1995-08-08,0.045146,522.5,si
1995-08-09,0.427583,4948.9,si
1995-08-10,0.423095,4896.9,si
1995-08-11,0.318824,3690.1,si
1995-08-12,0.125158,1448.6,si
1995-08-13,0.189803,2196.8,si
1995-08-14,0.058670,679.0,si
1995-08-15,0.044839,519.0,si
1995-08-16,0.367151,4249.4,si
1995-08-17,0.078872,912.9,si
1995-08-18,0.323229,3741.1,si
1995-08-19,0.122633,1419.4,si
1995-08-20,0.179277,2075.0,si
1995-08-21,0.149067,1725.3,si
1995-08-22,0.658903,7626.2,si
1995-08-23,0.045959,531.9,si
1995-08-24,0.064892,751.1,si
1995-08-25,0.496413,5745.5,si
1995-08-26,0.142676,1651.3,si
1995-08-27,0.018814,217.8,si
1995-08-28,0.005484,63.5,si
1995-08-29,0.094694,1096.0,si
1995-08-30,0.079326,918.1,si
1995-08-31,0.147546,1707.7,si
1995-09-01,0.168311,1948.0,si
1995-09-02,0.180193,2085.6,si
1995-09-03,0.033086,382.9,si
1995-09-04,0.096107,1112.4,si
1995-09-05,0.036369,420.9,si
1995-09-06,0.009272,107.3,si
1995-09-07,-0.039647,-458.9,si
1995-09-08,0.056912,658.7,si
1995-09-09,0.532820,6166.9,si
1995-09-10,-0.010714,-124.0,si
1995-09-11,0.146471,1695.3,si
1995-09-12,0.027634,319.8,si
1995-09-13,-0.047955,-555.0,si
1995-09-14,-0.053441,-618.5,si
1995-09-15,0.164798,1907.4,si
1995-09-16,0.025014,289.5,si
1995-09-17,0.028807,333.4,si
1995-09-18,0.200540,2321.1,si
1995-09-19,0.068321,790.8,si
1995-09-20,0.009976,115.5,si
1995-09-21,0.061299,709.5,si
1995-09-22,0.117325,1357.9,si
1995-09-23,-0.039598,-458.3,si
1995-09-24,-0.030270,-350.4,si
1995-09-25,-0.036783,-425.7,si
1995-09-26,-0.039768,-460.3,si
1995-09-27,-0.017313,-200.4,si
1995-09-28,-0.044134,-510.8,si
1995-09-29,-0.067620,-782.6,si
1995-09-30,0.333717,3862.5,si
1995-10-01,-0.025467,-294.8,si
1995-10-02,-0.001098,-12.7,si
1995-10-03,-0.076730,-888.1,si
1995-10-04,-0.068185,-789.2,si
1995-10-05,-0.027520,-318.5,si
1995-10-06,-0.028902,-334.5,si
1995-10-07,0.383402,4437.5,si
1995-10-08,0.188076,2176.8,si
1995-10-09,1.748556,20237.9,si
1995-10-10,0.616941,7140.5,si
1995-10-11,0.613961,7106.0,si
1995-10-12,0.367260,4250.7,si
1995-10-13,0.239003,2766.2,si
1995-10-14,0.158342,1832.7,si
1995-10-15,0.062584,724.3,si
1995-10-16,0.098570,1140.9,si
1995-10-17,0.086207,997.8,si
1995-10-18,0.052490,607.5,si
1995-10-19,0.056964,659.3,si
1995-10-20,0.148492,1718.7,si
1995-10-21,0.583647,6755.2,si
1995-10-22,0.071678,829.6,si
1995-10-23,0.069401,803.3,si
1995-10-24,0.065219,754.8,si
1995-10-25,-0.011114,-128.6,si
1995-10-26,0.264803,3064.8,si
1995-10-27,0.113729,1316.3,si
1995-10-28,0.043296,501.1,si
1995-10-29,0.022110,255.9,si
1995-10-30,0.016123,186.6,si
1995-10-31,0.018160,210.2,si
1995-11-01,0.144640,1674.1,si
1995-11-02,0.011275,130.5,si
1995-11-03,0.389477,4507.8,si
1995-11-04,0.032141,372.0,si
1995-11-05,0.020800,240.7,si
1995-11-06,-0.007299,-84.5,si
1995-11-07,0.166967,1932.5,si
1995-11-08,0.018321,212.0,si
1995-11-09,-0.032814,-379.8,si
1995-11-10,-0.053051,-614.0,si
1995-11-11,-0.047380,-548.4,si
1995-11-12,0.328771,3805.2,si
1995-11-13,0.041931,485.3,si
1995-11-14,0.053486,619.0,si
1995-11-15,-0.058085,-672.3,si
1995-11-16,-0.053155,-615.2,si
1995-11-17,-0.069247,-801.5,si
1995-11-18,-0.010823,-125.3,si
1995-11-19,-0.084634,-979.6,si
1995-11-20,-0.061842,-715.8,si
1995-11-21,-0.021448,-248.2,si
1995-11-22,-0.030374,-351.6,si
1995-11-23,-0.011636,-134.7,si
1995-11-24,-0.013271,-153.6,si
1995-11-25,-0.077654,-898.8,si
1995-11-26,-0.014838,-171.7,si
1995-11-27,-0.065956,-763.4,si
1995-11-28,-0.021471,-248.5,si
1995-11-29,-0.008217,-95.1,si
1995-11-30,-0.076427,-884.6,si
1995-12-01,-0.077393,-895.8,si
1995-12-02,0.138449,1602.4,si
1995-12-03,0.703614,8143.7,si
1995-12-04,0.518505,6001.2,si
1995-12-05,0.786183,9099.3,si
1995-12-06,0.611825,7081.3,si
1995-12-07,0.772823,8944.7,si
1995-12-08,0.341984,3958.1,si
1995-12-09,0.258526,2992.2,si
1995-12-10,0.265744,3075.7,si
1995-12-11,0.343114,3971.2,si
1995-12-12,0.282105,3265.1,si
1995-12-13,0.791954,9166.1,si
1995-12-14,0.316702,3665.5,si
1995-12-15,0.247283,2862.1,si
1995-12-16,0.195242,2259.7,si
1995-12-17,0.182872,2116.6,si
1995-12-18,0.226273,2618.9,si
1995-12-19,0.216517,2506.0,si
1995-12-20,0.095091,1100.6,si
1995-12-21,0.121799,1409.7,si
1995-12-22,0.795784,9210.5,si
1995-12-23,0.217781,2520.6,si
1995-12-24,0.148900,1723.4,si
1995-12-25,0.122321,1415.7,si
1995-12-26,0.121780,1409.5,si
1995-12-27,0.199538,2309.5,si
1995-12-28,0.165071,1910.5,si
1995-12-29,0.157622,1824.3,si
1995-12-30,0.104694,1211.7,si
1995-12-31,0.159046,1840.8,si
1996-01-01,0.110249,1276.0,si
1996-01-02,0.011507,133.2,si
1996-01-03,0.008466,98.0,si
1996-01-04,-0.018835,-218.0,si
1996-01-05,-0.043447,-502.9,si
1996-01-06,-0.027371,-316.8,si
1996-01-07,-0.011479,-132.9,si
1996-01-08,0.031021,359.0,si
1996-01-09,0.003782,43.8,si
1996-01-10,0.037020,428.5,si
1996-01-11,0.016726,193.6,si
1996-01-12,0.014338,165.9,si
1996-01-13,0.124774,1444.1,si
1996-01-14,0.006610,76.5,si
1996-01-15,-0.015122,-175.0,si
1996-01-16,0.473514,5480.5,si
1996-01-17,0.774667,8966.1,si
1996-01-18,0.321728,3723.7,si
1996-01-19,0.188536,2182.1,si
1996-01-20,0.148867,1723.0,si
1996-01-21,0.675921,7823.2,si
1996-01-22,0.166021,1921.5,si
1996-01-23,0.902073,10440.7,si
1996-01-24,0.211871,2452.2,si
1996-01-25,0.181205,2097.3,si
1996-01-26,0.174365,2018.1,si
1996-01-27,0.077794,900.4,si
1996-01-28,0.087363,1011.1,si
1996-01-29,0.078318,906.5,si
1996-01-30,0.085274,987.0,si
1996-01-31,0.108024,1250.3,si
1996-02-01,0.132512,1533.7,si
1996-02-02,0.068150,788.8,si
1996-02-03,0.077470,896.6,si
1996-02-04,0.044054,509.9,si
1996-02-05,0.249516,2887.9,si
1996-02-06,0.102999,1192.1,si
1996-02-07,0.032580,377.1,si
1996-02-08,0.083079,961.6,si
1996-02-09,0.186062,2153.5,si
1996-02-10,0.286317,3313.8,si
1996-02-11,0.149334,1728.4,si
1996-02-12,0.078663,910.5,si
1996-02-13,-0.039640,-458.8,si
1996-02-14,0.055872,646.7,si
1996-02-15,0.055939,647.4,si
1996-02-16,0.018231,211.0,si
1996-02-17,0.155178,1796.0,si
1996-02-18,-0.047519,-550.0,si
1996-02-19,-0.051331,-594.1,si
1996-02-20,-0.043591,-504.5,si
1996-02-21,0.002359,27.3,si
1996-02-22,0.007772,90.0,si
1996-02-23,-0.075996,-879.6,si
1996-02-24,-0.033501,-387.7,si
1996-02-25,-0.090150,-1043.4,si
1996-02-26,-0.039547,-457.7,si
1996-02-27,-0.016446,-190.3,si
1996-02-28,-0.057479,-665.3,si
1996-02-29,0.339631,3930.9,si
1996-03-01,-0.004303,-49.8,si
1996-03-02,-0.175766,-2034.3,si
1996-03-03,0.162497,1880.8,si
1996-03-04,0.355006,4108.9,si
1996-03-05,0.034281,396.8,si
1996-03-06,0.285220,3301.2,si
1996-03-07,-0.005785,-67.0,si
1996-03-08,-0.049084,-568.1,si
1996-03-09,-0.036370,-420.9,si
1996-03-10,1.012626,11720.2,si
1996-03-11,0.741888,8586.7,si
1996-03-12,0.367235,4250.4,si
1996-03-13,0.804730,9314.0,si
1996-03-14,0.227927,2638.0,si
1996-03-15,0.883012,10220.0,si
1996-03-16,0.537658,6222.9,si
1996-03-17,0.193603,2240.8,si
1996-03-18,0.121514,1406.4,si
1996-03-19,0.019961,231.0,si
1996-03-20,0.011387,131.8,si
1996-03-21,-0.020642,-238.9,si
1996-03-22,0.012676,146.7,si
1996-03-23,0.093485,1082.0,si
1996-03-24,-0.076877,-889.8,si
1996-03-25,0.042578,492.8,si
1996-03-26,-0.051388,-594.8,si
1996-03-27,-0.078086,-903.8,si
1996-03-28,-0.079082,-915.3,si
1996-03-29,0.248055,2871.0,si
1996-03-30,0.194674,2253.2,si
1996-03-31,0.551676,6385.1,si
1996-04-01,0.177282,2051.9,si
1996-04-02,-0.026038,-301.4,si
1996-04-03,0.055140,638.2,si
1996-04-04,-0.007472,-86.5,si
1996-04-05,-0.059119,-684.2,si
1996-04-06,-0.023673,-274.0,si
1996-04-07,0.006291,72.8,si
1996-04-08,-0.072109,-834.6,si
1996-04-09,-0.185356,-2145.3,si
1996-04-10,-0.157741,-1825.7,si
1996-04-11,1.751860,20276.2,si
1996-04-12,0.192657,2229.8,si
1996-04-13,0.083925,971.4,si
1996-04-14,0.212543,2460.0,si
1996-04-15,0.127907,1480.4,si
1996-04-16,0.091134,1054.8,si
1996-04-17,0.073587,851.7,si
1996-04-18,0.024976,289.1,si
1996-04-19,0.022796,263.8,si
1996-04-20,0.135976,1573.8,si
1996-04-21,0.259149,2999.4,si
1996-04-22,0.314295,3637.7,si
1996-04-23,0.516243,5975.0,si
1996-04-24,0.282503,3269.7,si
1996-04-25,0.056553,654.6,si
1996-04-26,0.119427,1382.3,si
1996-04-27,0.245024,2835.9,si
1996-04-28,0.362533,4196.0,si
1996-04-29,0.051519,596.3,si
1996-04-30,0.705158,8161.5,si
1996-05-01,0.139461,1614.1,si
1996-05-02,0.062455,722.9,si
1996-05-03,0.033848,391.8,si
1996-05-04,0.047708,552.2,si
1996-05-05,0.042391,490.6,si
1996-05-06,0.338432,3917.0,si
1996-05-07,-0.016387,-189.7,si
1996-05-08,0.015021,173.9,si
1996-05-09,0.020572,238.1,si
1996-05-10,0.063840,738.9,si
1996-05-11,-0.125260,-1449.8,si
1996-05-12,-0.082894,-959.4,si
1996-05-13,-0.004575,-52.9,si
1996-05-14,-0.159895,-1850.6,si
1996-05-15,-0.032308,-373.9,si
1996-05-16,-0.060232,-697.1,si
1996-05-17,0.075942,879.0,si
1996-05-18,0.100189,1159.6,si
1996-05-19,0.307700,3561.3,si
1996-05-20,0.300794,3481.4,si
1996-05-21,0.183900,2128.5,si
1996-05-22,-0.067019,-775.7,si
1996-05-23,0.178355,2064.3,si
1996-05-24,1.104966,12789.0,si
1996-05-25,0.353246,4088.5,si
1996-05-26,0.157400,1821.8,si
1996-05-27,0.185770,2150.1,si
1996-05-28,0.041274,477.7,si
1996-05-29,0.255396,2956.0,si
1996-05-30,-0.023216,-268.7,si
1996-05-31,-0.047946,-554.9,si
1996-06-01,0.165889,1920.0,si
1996-06-02,-0.164278,-1901.4,si
1996-06-03,-0.166763,-1930.1,si
1996-06-04,-0.254221,-2942.4,si
1996-06-05,-0.203368,-2353.8,si
1996-06-06,-0.293453,-3396.4,si
1996-06-07,-0.147014,-1701.6,si
1996-06-08,-0.228454,-2644.1,si
1996-06-09,-0.301813,-3493.2,si
1996-06-10,-0.258201,-2988.4,si
1996-06-11,-0.272729,-3156.6,si
1996-06-12,0.004412,51.1,si
1996-06-13,-0.284846,-3296.8,si
1996-06-14,-0.313720,-3631.0,si
1996-06-15,-0.159312,-1843.9,si
1996-06-16,-0.256033,-2963.3,si
1996-06-17,-0.105219,-1217.8,si
1996-06-18,0.238425,2759.6,si
1996-06-19,-0.226399,-2620.4,si
1996-06-20,0.022912,265.2,si
1996-06-21,-0.020686,-239.4,si
1996-06-22,0.220415,2551.1,si
1996-06-23,0.143724,1663.5,si
1996-06-24,-0.099516,-1151.8,si
1996-06-25,0.046715,540.7,si
1996-06-26,-0.219921,-2545.4,si
1996-06-27,-0.301090,-3484.8,si
1996-06-28,-0.296552,-3432.3,si
1996-06-29,-0.020941,-242.4,si
1996-06-30,0.296605,3432.9,si
1996-07-01,0.003931,45.5,si
1996-07-02,-0.213943,-2476.2,si
1996-07-03,-0.025488,-295.0,si
1996-07-04,-0.031055,-359.4,si
1996-07-05,-0.199203,-2305.6,si
1996-07-06,0.421543,4879.0,si
1996-07-07,0.202005,2338.0,si
1996-07-08,0.529555,6129.1,si
1996-07-09,0.002062,23.9,si
1996-07-10,0.177670,2056.4,si
1996-07-11,-0.059894,-693.2,si
1996-07-12,0.020567,238.0,si
1996-07-13,-0.242898,-2811.3,si
1996-07-14,0.549803,6363.5,si
1996-07-15,0.704595,8155.0,si
1996-07-16,0.705447,8164.9,si
1996-07-17,0.807239,9343.0,si
1996-07-18,0.341440,3951.9,si
1996-07-19,0.411778,4765.9,si
1996-07-20,0.442852,5125.6,si
1996-07-21,1.224112,14168.0,si
1996-07-22,0.278463,3223.0,si
1996-07-23,-0.000683,-7.9,si
1996-07-24,0.322298,3730.3,si
1996-07-25,0.624265,7225.3,si
1996-07-26,0.348585,4034.5,si
1996-07-27,0.059608,689.9,si
1996-07-28,0.064323,744.5,si
1996-07-29,-0.086885,-1005.6,si
1996-07-30,-0.235162,-2721.8,si
1996-07-31,-0.218794,-2532.3,si
1996-08-01,-0.231610,-2680.7,si
1996-08-02,-0.101667,-1176.7,si
1996-08-03,0.182546,2112.8,si
1996-08-04,-0.097445,-1127.8,si
1996-08-05,-0.029184,-337.8,si
1996-08-06,0.069131,800.1,si
1996-08-07,-0.004283,-49.6,si
1996-08-08,0.242545,2807.2,si
1996-08-09,0.476043,5509.8,si
1996-08-10,0.192283,2225.5,si
1996-08-11,0.499821,5785.0,si
1996-08-12,0.050440,583.8,si
1996-08-13,0.030076,348.1,si
1996-08-14,0.396427,4588.3,si
1996-08-15,0.098334,1138.1,si
1996-08-16,0.050506,584.6,si
1996-08-17,-0.135044,-1563.0,si
1996-08-18,0.522333,6045.5,si
1996-08-19,0.277980,3217.4,si
1996-08-20,0.309221,3579.0,si
1996-08-21,0.330900,3829.9,si
1996-08-22,0.119957,1388.4,si
1996-08-23,0.234955,2719.4,si
1996-08-24,0.215140,2490.0,si
1996-08-25,0.140808,1629.7,si
1996-08-26,0.740515,8570.8,si
1996-08-27,0.097152,1124.4,si
1996-08-28,0.104981,1215.1,si
1996-08-29,0.300228,3474.9,si
1996-08-30,-0.005683,-65.8,si
1996-08-31,0.055728,645.0,si
1996-09-01,-0.082837,-958.8,si
1996-09-02,0.027897,322.9,si
1996-09-03,-0.007960,-92.1,si
1996-09-04,-0.047664,-551.7,si
1996-09-05,0.006805,78.8,si
1996-09-06,-0.068019,-787.3,si
1996-09-07,-0.113084,-1308.8,si
1996-09-08,-0.102942,-1191.5,si
1996-09-09,-0.145125,-1679.7,si
1996-09-10,-0.046754,-541.1,si
1996-09-11,-0.062555,-724.0,si
1996-09-12,-0.142937,-1654.4,si
1996-09-13,-0.136706,-1582.2,si
1996-09-14,-0.067502,-781.3,si
1996-09-15,0.101043,1169.5,si
1996-09-16,0.128230,1484.1,si
1996-09-17,0.186461,2158.1,si
1996-09-18,-0.062680,-725.5,si
1996-09-19,0.180994,2094.8,si
1996-09-20,-0.016759,-194.0,si
1996-09-21,-0.033382,-386.4,si
1996-09-22,-0.084529,-978.3,si
1996-09-23,-0.059868,-692.9,si
1996-09-24,-0.097230,-1125.3,si
1996-09-25,-0.076881,-889.8,si
1996-09-26,0.096797,1120.3,si
1996-09-27,-0.021755,-251.8,si
1996-09-28,-0.110743,-1281.8,si
1996-09-29,-0.019855,-229.8,si
1996-09-30,0.456420,5282.6,si
1996-10-01,-0.043737,-506.2,si
1996-10-02,-0.155822,-1803.5,si
1996-10-03,0.090617,1048.8,si
1996-10-04,-0.093593,-1083.2,si
1996-10-05,0.435076,5035.6,si
1996-10-06,0.050726,587.1,si
1996-10-07,0.192795,2231.4,si
1996-10-08,-0.089330,-1033.9,si
1996-10-09,-0.087048,-1007.5,si
1996-10-10,-0.041924,-485.2,si
1996-10-11,-0.009696,-112.2,si
1996-10-12,-0.016767,-194.1,si
1996-10-13,-0.068048,-787.6,si
1996-10-14,0.886708,10262.8,si
1996-10-15,0.347883,4026.4,si
1996-10-16,0.055339,640.5,si
1996-10-17,-0.005783,-66.9,si
1996-10-18,0.422297,4887.7,si
1996-10-19,0.670275,7757.8,si
1996-10-20,0.385388,4460.5,si
1996-10-21,0.622800,7208.3,si
1996-10-22,0.176088,2038.1,si
1996-10-23,0.178585,2067.0,si
1996-10-24,0.380214,4400.6,si
1996-10-25,0.107823,1247.9,si
1996-10-26,0.060632,701.8,si
1996-10-27,0.392448,4542.2,si
1996-10-28,0.453428,5248.0,si
1996-10-29,0.374203,4331.1,si
1996-10-30,0.072107,834.6,si
1996-10-31,-0.012863,-148.9,si
1996-11-01,0.016752,193.9,si
1996-11-02,0.017662,204.4,si
1996-11-03,-0.026138,-302.5,si
1996-11-04,-0.075449,-873.3,si
1996-11-05,-0.053285,-616.7,si
1996-11-06,-0.062953,-728.6,si
1996-11-07,-0.065472,-757.8,si
1996-11-08,0.259281,3000.9,si
1996-11-09,0.128856,1491.4,si
1996-11-10,0.199906,2313.7,si
1996-11-11,-0.004590,-53.1,si
1996-11-12,-0.055634,-643.9,si
1996-11-13,-0.070751,-818.9,si
1996-11-14,0.216586,2506.8,si
1996-11-15,0.107999,1250.0,si
1996-11-16,0.098326,1138.0,si
1996-11-17,0.150447,1741.3,si
1996-11-18,-0.130703,-1512.8,si
1996-11-19,0.263944,3054.9,si
1996-11-20,0.637983,7384.1,si
1996-11-21,0.941972,10902.5,si
1996-11-22,0.642149,7432.3,si
1996-11-23,0.247449,2864.0,si
1996-11-24,0.115099,1332.2,si
1996-11-25,0.142783,1652.6,si
1996-11-26,0.032690,378.4,si
1996-11-27,0.051167,592.2,si
1996-11-28,0.043869,507.7,si
1996-11-29,-0.041777,-483.5,si
1996-11-30,0.489166,5661.6,si
1996-12-01,0.048956,566.6,si
1996-12-02,0.029046,336.2,si
1996-12-03,0.377381,4367.8,si
1996-12-04,0.215163,2490.3,si
1996-12-05,0.134738,1559.5,si
1996-12-06,0.006487,75.1,si
1996-12-07,-0.012261,-141.9,si
1996-12-08,0.074397,861.1,si
1996-12-09,0.002582,29.9,si
1996-12-10,0.011318,131.0,si
1996-12-11,0.064192,743.0,si
1996-12-12,0.016018,185.4,si
1996-12-13,0.013646,157.9,si
1996-12-14,0.334680,3873.6,si
1996-12-15,0.035191,407.3,si
1996-12-16,-0.021807,-252.4,si
1996-12-17,0.019293,223.3,si
1996-12-18,0.041406,479.2,si
1996-12-19,-0.105480,-1220.8,si
1996-12-20,-0.079531,-920.5,si
1996-12-21,-0.063087,-730.2,si
1996-12-22,-0.059905,-693.3,si
1996-12-23,-0.105722,-1223.6,si
1996-12-24,-0.119931,-1388.1,si
1996-12-25,-0.111797,-1293.9,si
1996-12-26,-0.026838,-310.6,si
1996-12-27,-0.056145,-649.8,si
1996-12-28,-0.047176,-546.0,si
1996-12-29,-0.105910,-1225.8,si
1996-12-30,0.008490,98.3,si
1996-12-31,-0.020079,-232.4,si
1997-01-01,-0.095982,-1110.9,si
1997-01-02,0.076111,880.9,si
1997-01-03,0.075906,878.5,si
1997-01-04,0.051920,600.9,si
1997-01-05,0.028625,331.3,si
1997-01-06,0.046639,539.8,si
1997-01-07,0.063486,734.8,si
1997-01-08,0.106823,1236.4,si
1997-01-09,0.199110,2304.5,si
1997-01-10,0.156253,1808.5,si
1997-01-11,0.766582,8872.5,si
1997-01-12,0.493654,5713.6,si
1997-01-13,0.217704,2519.7,si
1997-01-14,0.128493,1487.2,si
1997-01-15,0.129755,1501.8,si
1997-01-16,0.497801,5761.6,si
1997-01-17,0.215163,2490.3,si
1997-01-18,0.292715,3387.9,si
1997-01-19,0.124706,1443.4,si
1997-01-20,0.199613,2310.3,si
1997-01-21,0.202429,2342.9,si
1997-01-22,0.273882,3169.9,si
1997-01-23,0.362111,4191.1,si
1997-01-24,0.136426,1579.0,si
1997-01-25,0.223818,2590.5,si
1997-01-26,0.232189,2687.4,si
1997-01-27,0.075309,871.6,si
1997-01-28,0.095943,1110.5,si
1997-01-29,0.111658,1292.3,si
1997-01-30,0.121193,1402.7,si
1997-01-31,0.155071,1794.8,si
1997-02-01,0.181339,2098.8,si
1997-02-02,0.181787,2104.0,si
1997-02-03,0.150245,1738.9,si
1997-02-04,0.157777,1826.1,si
1997-02-05,0.243907,2823.0,si
1997-02-06,0.208449,2412.6,si
1997-02-07,0.162341,1878.9,si
1997-02-08,0.312157,3612.9,si
1997-02-09,0.197293,2283.5,si
1997-02-10,0.292799,3388.9,si
1997-02-11,0.398468,4611.9,si
1997-02-12,0.124212,1437.6,si
1997-02-13,0.114980,1330.8,si
1997-02-14,0.210758,2439.3,si
1997-02-15,0.207751,2404.5,si
1997-02-16,0.168839,1954.2,si
1997-02-17,0.148767,1721.8,si
1997-02-18,0.112048,1296.9,si
1997-02-19,0.101932,1179.8,si
1997-02-20,0.112589,1303.1,si
1997-02-21,0.158792,1837.9,si
1997-02-22,0.165450,1914.9,si
1997-02-23,0.082760,957.9,si
1997-02-24,0.125979,1458.1,si
1997-02-25,0.097783,1131.7,si
1997-02-26,0.219839,2544.4,si
1997-02-27,0.144738,1675.2,si
1997-02-28,0.104223,1206.3,si
1997-03-01,0.129259,1496.1,si
1997-03-02,0.012464,144.3,si
1997-03-03,-0.072734,-841.8,si
1997-03-04,0.027401,317.1,si
1997-03-05,0.022271,257.8,si
1997-03-06,0.025688,297.3,si
1997-03-07,0.060523,700.5,si
1997-03-08,0.085575,990.5,si
1997-03-09,-0.040393,-467.5,si
1997-03-10,0.043248,500.6,si
1997-03-11,0.030427,352.2,si
1997-03-12,0.207366,2400.1,si
1997-03-13,1.201966,13911.6,si
1997-03-14,0.204918,2371.7,si
1997-03-15,0.245745,2844.3,si
1997-03-16,0.001484,17.2,si
1997-03-17,0.196748,2277.2,si
1997-03-18,0.472761,5471.8,si
1997-03-19,0.984061,11389.6,si
1997-03-20,0.123491,1429.3,si
1997-03-21,0.107958,1249.5,si
1997-03-22,0.073328,848.7,si
1997-03-23,0.112208,1298.7,si
1997-03-24,0.090995,1053.2,si
1997-03-25,0.027717,320.8,si
1997-03-26,0.149666,1732.2,si
1997-03-27,0.094076,1088.8,si
1997-03-28,0.120323,1392.6,si
1997-03-29,0.050315,582.3,si
1997-03-30,0.188883,2186.2,si
1997-03-31,0.153944,1781.8,si
1997-04-01,0.630615,7298.8,si
1997-04-02,0.218965,2534.3,si
1997-04-03,0.049233,569.8,si
1997-04-04,0.364495,4218.7,si
1997-04-05,0.090580,1048.4,si
1997-04-06,0.359152,4156.8,si
1997-04-07,0.147010,1701.5,si
1997-04-08,0.161484,1869.0,si
1997-04-09,0.042284,489.4,si
1997-04-10,0.001174,13.6,si
1997-04-11,-0.037409,-433.0,si
1997-04-12,0.032632,377.7,si
1997-04-13,-0.042464,-491.5,si
1997-04-14,-0.035424,-410.0,si
1997-04-15,-0.021787,-252.2,si
1997-04-16,0.005786,67.0,si
1997-04-17,0.063495,734.9,si
1997-04-18,0.116395,1347.2,si
1997-04-19,0.105189,1217.5,si
1997-04-20,0.464321,5374.1,si
1997-04-21,0.117320,1357.9,si
1997-04-22,0.160951,1862.9,si
1997-04-23,0.676110,7825.3,si
1997-04-24,0.377630,4370.7,si
1997-04-25,0.258065,2986.9,si
1997-04-26,0.153058,1771.5,si
1997-04-27,0.100397,1162.0,si
1997-04-28,0.050065,579.5,si
1997-04-29,0.117129,1355.7,si
1997-04-30,0.815032,9433.2,si
1997-05-01,0.140659,1628.0,si
1997-05-02,0.342710,3966.5,si
1997-05-03,0.765851,8864.0,si
1997-05-04,0.139842,1618.5,si
1997-05-05,0.449314,5200.4,si
1997-05-06,0.063593,736.0,si
1997-05-07,0.294097,3403.9,si
1997-05-08,-0.016321,-188.9,si
1997-05-09,0.151752,1756.4,si
1997-05-10,0.112631,1303.6,si
1997-05-11,-0.009911,-114.7,si
1997-05-12,-0.074476,-862.0,si
1997-05-13,-0.066814,-773.3,si
1997-05-14,-0.059359,-687.0,si
1997-05-15,-0.060044,-695.0,si
1997-05-16,-0.028588,-330.9,si
1997-05-17,0.052709,610.1,si
1997-05-18,-0.029176,-337.7,si
1997-05-19,0.045139,522.4,si
1997-05-20,0.014815,171.5,si
1997-05-21,-0.117703,-1362.3,si
1997-05-22,-0.156052,-1806.2,si
1997-05-23,-0.120562,-1395.4,si
1997-05-24,0.468638,5424.1,si
1997-05-25,0.158025,1829.0,si
1997-05-26,0.654197,7571.7,si
1997-05-27,0.574432,6648.5,si
1997-05-28,0.462069,5348.0,si
1997-05-29,0.134814,1560.4,si
1997-05-30,0.091208,1055.6,si
1997-05-31,-0.009795,-113.4,si
1997-06-01,-0.028864,-334.1,si
1997-06-02,-0.296566,-3432.5,si
1997-06-03,0.049647,574.6,si
1997-06-04,1.305092,15105.2,si
1997-06-05,0.166509,1927.2,si
1997-06-06,0.002326,26.9,si
1997-06-07,-0.118021,-1366.0,si
1997-06-08,0.023547,272.5,si
1997-06-09,-0.083350,-964.7,si
1997-06-10,-0.222540,-2575.7,si
1997-06-11,-0.120887,-1399.2,si
1997-06-12,-0.062134,-719.1,si
1997-06-13,0.130891,1514.9,si
1997-06-14,-0.216144,-2501.7,si
1997-06-15,-0.241111,-2790.6,si
1997-06-16,-0.283343,-3279.4,si
1997-06-17,-0.255077,-2952.3,si
1997-06-18,0.041908,485.0,si
1997-06-19,-0.063797,-738.4,si
1997-06-20,-0.235724,-2728.3,si
1997-06-21,-0.246519,-2853.2,si
1997-06-22,-0.276392,-3199.0,si
1997-06-23,-0.219511,-2540.6,si
1997-06-24,-0.317741,-3677.6,si
1997-06-25,-0.093496,-1082.1,si
1997-06-26,0.349736,4047.9,si
1997-06-27,-0.244353,-2828.2,si
1997-06-28,-0.314788,-3643.4,si
1997-06-29,-0.199123,-2304.7,si
1997-06-30,0.424488,4913.1,si
1997-07-01,0.246022,2847.5,si
1997-07-02,-0.114764,-1328.3,si
1997-07-03,-0.266036,-3079.1,si
1997-07-04,-0.137850,-1595.5,si
1997-07-05,-0.145295,-1681.7,si
1997-07-06,0.019484,225.5,si
1997-07-07,0.009337,108.1,si
1997-07-08,0.151945,1758.6,si
1997-07-09,0.345373,3997.4,si
1997-07-10,0.304930,3529.3,si
1997-07-11,0.230781,2671.1,si
1997-07-12,0.590757,6837.5,si
1997-07-13,0.487160,5638.4,si
1997-07-14,0.290409,3361.2,si
1997-07-15,0.414529,4797.8,si
1997-07-16,0.069926,809.3,si
1997-07-17,0.370815,4291.8,si
1997-07-18,0.129181,1495.2,si
1997-07-19,0.646015,7477.0,si
1997-07-20,0.507571,5874.7,si
1997-07-21,0.533694,6177.0,si
1997-07-22,0.323104,3739.6,si
1997-07-23,0.062634,724.9,si
1997-07-24,-0.145538,-1684.5,si
1997-07-25,-0.077048,-891.8,si
1997-07-26,-0.099624,-1153.1,si
1997-07-27,0.099292,1149.2,si
1997-07-28,0.014107,163.3,si
1997-07-29,-0.266648,-3086.2,si
1997-07-30,-0.228106,-2640.1,si
1997-07-31,-0.288996,-3344.9,si
1997-08-01,-0.387205,-4481.5,si
1997-08-02,0.043419,502.5,si
1997-08-03,-0.036501,-422.5,si
1997-08-04,-0.040353,-467.1,si
1997-08-05,0.149003,1724.6,si
1997-08-06,0.102574,1187.2,si
1997-08-07,-0.064542,-747.0,si
1997-08-08,0.301430,3488.8,si
1997-08-09,0.255822,2960.9,si
1997-08-10,0.056198,650.4,si
1997-08-11,0.116651,1350.1,si
1997-08-12,0.213380,2469.7,si
1997-08-13,0.741749,8585.1,si
1997-08-14,0.194334,2249.2,si
1997-08-15,0.054242,627.8,si
1997-08-16,0.050580,585.4,si
1997-08-17,0.006957,80.5,si
1997-08-18,-0.087781,-1016.0,si
1997-08-19,0.127614,1477.0,si
1997-08-20,0.218178,2525.2,si
1997-08-21,0.832315,9633.3,si
1997-08-22,0.414005,4791.7,si
1997-08-23,0.042581,492.8,si
1997-08-24,0.094180,1090.0,si
1997-08-25,0.082347,953.1,si
1997-08-26,0.458877,5311.1,si
1997-08-27,0.735412,8511.7,si
1997-08-28,0.123833,1433.3,si
1997-08-29,0.142325,1647.3,si
1997-08-30,0.029862,345.6,si
1997-08-31,0.035292,408.5,si
1997-09-01,0.045949,531.8,si
1997-09-02,0.230695,2670.1,si
1997-09-03,0.103231,1194.8,si
1997-09-04,0.103188,1194.3,si
1997-09-05,0.086674,1003.2,si
1997-09-06,0.097763,1131.5,si
1997-09-07,0.122106,1413.3,si
1997-09-08,0.125432,1451.8,si
1997-09-09,0.081866,947.5,si
1997-09-10,-0.022701,-262.7,si
1997-09-11,0.407606,4717.7,si
1997-09-12,0.107762,1247.3,si
1997-09-13,0.007132,82.5,si
1997-09-14,0.056850,658.0,si
1997-09-15,0.058848,681.1,si
1997-09-16,0.082428,954.0,si
1997-09-17,0.107304,1241.9,si
1997-09-18,0.077201,893.5,si
1997-09-19,0.058109,672.6,si
1997-09-20,0.003477,40.2,si
1997-09-21,0.062378,722.0,si
1997-09-22,0.052394,606.4,si
1997-09-23,0.032934,381.2,si
1997-09-24,0.084138,973.8,si
1997-09-25,0.057882,669.9,si
1997-09-26,0.032767,379.2,si
1997-09-27,0.011490,133.0,si
1997-09-28,0.031941,369.7,si
1997-09-29,-0.007865,-91.0,si
1997-09-30,0.625060,7234.5,si
1997-10-01,0.459727,5320.9,si
1997-10-02,0.137400,1590.3,si
1997-10-03,0.060092,695.5,si
1997-10-04,0.057693,667.7,si
1997-10-05,0.092175,1066.8,si
1997-10-06,0.169869,1966.1,si
1997-10-07,0.138407,1601.9,si
1997-10-08,0.107536,1244.6,si
1997-10-09,0.046251,535.3,si
1997-10-10,0.053158,615.3,si
1997-10-11,0.109155,1263.4,si
1997-10-12,0.314551,3640.6,si
1997-10-13,0.336950,3899.9,si
1997-10-14,0.097704,1130.8,si
1997-10-15,0.288216,3335.8,si
1997-10-16,0.168300,1947.9,si
1997-10-17,0.153568,1777.4,si
1997-10-18,0.105438,1220.3,si
1997-10-19,0.071479,827.3,si
1997-10-20,0.200477,2320.3,si
1997-10-21,0.437790,5067.0,si
1997-10-22,0.076764,888.5,si
1997-10-23,0.088417,1023.3,si
1997-10-24,0.082080,950.0,si
1997-10-25,0.013514,156.4,si
1997-10-26,0.102858,1190.5,si
1997-10-27,0.144870,1676.7,si
1997-10-28,0.095935,1110.4,si
1997-10-29,0.098252,1137.2,si
1997-10-30,0.065164,754.2,si
1997-10-31,0.071027,822.1,si
1997-11-01,0.020389,236.0,si
1997-11-02,0.161884,1873.7,si
1997-11-03,0.151459,1753.0,si
1997-11-04,0.210202,2432.9,si
1997-11-05,0.087908,1017.5,si
1997-11-06,0.120899,1399.3,si
1997-11-07,0.225945,2615.1,si
1997-11-08,0.150413,1740.9,si
1997-11-09,0.097860,1132.6,si
1997-11-10,0.095882,1109.7,si
1997-11-11,0.097432,1127.7,si
1997-11-12,0.084550,978.6,si
1997-11-13,0.152428,1764.2,si
1997-11-14,0.252811,2926.0,si
1997-11-15,0.078412,907.5,si
1997-11-16,0.078328,906.6,si
1997-11-17,0.070094,811.3,si
1997-11-18,0.128316,1485.1,si
1997-11-19,0.077384,895.6,si
1997-11-20,0.168642,1951.9,si
1997-11-21,0.117482,1359.8,si
1997-11-22,0.088677,1026.4,si
1997-11-23,0.138510,1603.1,si
1997-11-24,0.141331,1635.8,si
1997-11-25,0.076515,885.6,si
1997-11-26,0.310179,3590.0,si
1997-11-27,0.418944,4848.9,si
1997-11-28,0.160775,1860.8,si
1997-11-29,0.167687,1940.8,si
1997-11-30,0.098173,1136.3,si
1997-12-01,0.187530,2170.5,si
1997-12-02,0.159383,1844.7,si
1997-12-03,0.086190,997.6,si
1997-12-04,0.132788,1536.9,si
1997-12-05,0.114988,1330.9,si
1997-12-06,0.112179,1298.4,si
1997-12-07,0.137355,1589.8,si
1997-12-08,0.091610,1060.3,si
1997-12-09,0.118949,1376.7,si
1997-12-10,0.125282,1450.0,si
1997-12-11,0.144176,1668.7,si
1997-12-12,0.204089,2362.1,si
1997-12-13,0.155932,1804.8,si
1997-12-14,0.165485,1915.3,si
1997-12-15,0.141692,1639.9,si
1997-12-16,0.109732,1270.0,si
1997-12-17,0.110753,1281.9,si
1997-12-18,0.163343,1890.5,si
1997-12-19,0.075798,877.3,si
1997-12-20,0.049428,572.1,si
1997-12-21,0.079519,920.4,si
1997-12-22,0.099646,1153.3,si
1997-12-23,0.080552,932.3,si
1997-12-24,0.063792,738.3,si
1997-12-25,0.052519,607.9,si
1997-12-26,0.063202,731.5,si
1997-12-27,0.150049,1736.7,si
1997-12-28,0.123185,1425.8,si
1997-12-29,0.123034,1424.0,si
1997-12-30,0.075915,878.6,si
1997-12-31,0.135559,1569.0,si
1998-01-01,0.091294,1056.6,si
1998-01-02,0.007454,86.3,si
1998-01-03,0.007738,89.6,si
1998-01-04,-0.015654,-181.2,si
1998-01-05,-0.037490,-433.9,si
1998-01-06,-0.018488,-214.0,si
1998-01-07,0.082878,959.2,si
1998-01-08,0.043385,502.1,si
1998-01-09,0.017929,207.5,si
1998-01-10,0.052393,606.4,si
1998-01-11,0.034323,397.3,si
1998-01-12,0.016444,190.3,si
1998-01-13,0.010876,125.9,si
1998-01-14,-0.000504,-5.8,si
1998-01-15,0.006003,69.5,si
1998-01-16,0.040163,464.8,si
1998-01-17,0.036618,423.8,si
1998-01-18,0.062677,725.4,si
1998-01-19,0.004519,52.3,si
1998-01-20,0.084035,972.6,si
1998-01-21,0.091622,1060.4,si
1998-01-22,-0.005774,-66.8,si
1998-01-23,-0.018220,-210.9,si
1998-01-24,0.010308,119.3,si
1998-01-25,0.035087,406.1,si
1998-01-26,0.054111,626.3,si
1998-01-27,-0.023428,-271.2,si
1998-01-28,0.000291,3.4,si
1998-01-29,0.004065,47.1,si
1998-01-30,0.020986,242.9,si
1998-01-31,0.052721,610.2,si
1998-02-01,0.082405,953.8,si
1998-02-02,0.117653,1361.7,si
1998-02-03,0.088609,1025.6,si
1998-02-04,0.098093,1135.3,si
1998-02-05,0.141467,1637.3,si
1998-02-06,0.151575,1754.3,si
1998-02-07,0.106944,1237.8,si
1998-02-08,0.751947,8703.1,si
1998-02-09,0.253443,2933.4,si
1998-02-10,0.160457,1857.1,si
1998-02-11,0.077824,900.7,si
1998-02-12,0.123847,1433.4,si
1998-02-13,0.082250,952.0,si
1998-02-14,0.162221,1877.6,si
1998-02-15,0.205734,2381.2,si
1998-02-16,0.126696,1466.4,si
1998-02-17,0.100784,1166.5,si
1998-02-18,0.065570,758.9,si
1998-02-19,0.063031,729.5,si
1998-02-20,0.074310,860.1,si
1998-02-21,0.120645,1396.4,si
1998-02-22,0.127352,1474.0,si
1998-02-23,0.045999,532.4,si
1998-02-24,0.088665,1026.2,si
1998-02-25,0.033905,392.4,si
1998-02-26,0.084353,976.3,si
1998-02-27,0.107759,1247.2,si
1998-02-28,0.108375,1254.3,si
1998-03-01,0.093061,1077.1,si
1998-03-02,-0.063146,-730.9,si
1998-03-03,-0.114083,-1320.4,si
1998-03-04,0.189270,2190.6,si
1998-03-05,0.306745,3550.3,si
1998-03-06,-0.027611,-319.6,si
1998-03-07,0.022195,256.9,si
1998-03-08,0.002028,23.5,si
1998-03-09,-0.105505,-1221.1,si
1998-03-10,0.135461,1567.8,si
1998-03-11,0.271671,3144.3,si
1998-03-12,0.083825,970.2,si
1998-03-13,0.004463,51.6,si
1998-03-14,-0.005608,-64.9,si
1998-03-15,-0.039450,-456.6,si
1998-03-16,-0.127717,-1478.2,si
1998-03-17,-0.045234,-523.5,si
1998-03-18,-0.039642,-458.8,si
1998-03-19,-0.056689,-656.1,si
1998-03-20,-0.123112,-1424.9,si
1998-03-21,0.129109,1494.3,si
1998-03-22,-0.112613,-1303.4,si
1998-03-23,0.248128,2871.9,si
1998-03-24,0.036466,422.1,si
1998-03-25,-0.124305,-1438.7,si
1998-03-26,-0.000013,-0.1,si
1998-03-27,0.124894,1445.5,si
1998-03-28,0.219926,2545.4,si
1998-03-29,-0.079320,-918.1,si
1998-03-30,1.255106,14526.7,si
1998-03-31,0.369315,4274.5,si
1998-04-01,0.023402,270.9,si
1998-04-02,0.527662,6107.2,si
1998-04-03,-0.093023,-1076.7,si
1998-04-04,0.159302,1843.8,si
1998-04-05,-0.102620,-1187.7,si
1998-04-06,-0.154106,-1783.6,si
1998-04-07,-0.120925,-1399.6,si
1998-04-08,0.027691,320.5,si
1998-04-09,-0.169087,-1957.0,si
1998-04-10,-0.280721,-3249.1,si
1998-04-11,-0.148304,-1716.5,si
1998-04-12,-0.225057,-2604.8,si
1998-04-13,-0.249193,-2884.2,si
1998-04-14,0.564951,6538.8,si
1998-04-15,-0.158952,-1839.7,si
1998-04-16,-0.149463,-1729.9,si
1998-04-17,-0.102090,-1181.6,si
1998-04-18,-0.104314,-1207.3,si
1998-04-19,-0.099706,-1154.0,si
1998-04-20,-0.129027,-1493.4,si
1998-04-21,-0.060092,-695.5,si
1998-04-22,-0.083188,-962.8,si
1998-04-23,0.207328,2399.6,si
1998-04-24,0.343991,3981.4,si
1998-04-25,-0.037894,-438.6,si
1998-04-26,-0.047202,-546.3,si
1998-04-27,-0.074103,-857.7,si
1998-04-28,-0.163973,-1897.8,si
1998-04-29,-0.097142,-1124.3,si
1998-04-30,0.117666,1361.9,si
1998-05-01,-0.107867,-1248.5,si
1998-05-02,-0.306823,-3551.2,si
1998-05-03,1.068329,12364.9,si
1998-05-04,-0.029863,-345.6,si
1998-05-05,-0.033660,-389.6,si
1998-05-06,-0.143154,-1656.9,si
1998-05-07,0.600633,6951.8,si
1998-05-08,0.498275,5767.1,si
1998-05-09,-0.107922,-1249.1,si
1998-05-10,-0.217955,-2522.6,si
1998-05-11,1.016186,11761.4,si
1998-05-12,-0.100562,-1163.9,si
1998-05-13,-0.194625,-2252.6,si
1998-05-14,0.182749,2115.2,si
1998-05-15,-0.285902,-3309.1,si
1998-05-16,0.078144,904.4,si
1998-05-17,0.038598,446.7,si
1998-05-18,-0.112922,-1307.0,si
1998-05-19,-0.171117,-1980.5,si
1998-05-20,-0.275627,-3190.1,si
1998-05-21,-0.407068,-4711.4,si
1998-05-22,0.249042,2882.4,si
1998-05-23,0.409069,4734.6,si
1998-05-24,0.067413,780.2,si
1998-05-25,-0.070764,-819.0,si
1998-05-26,-0.187547,-2170.7,si
1998-05-27,0.105885,1225.5,si
1998-05-28,0.738691,8549.7,si
1998-05-29,-0.079882,-924.6,si
1998-05-30,-0.155189,-1796.2,si
1998-05-31,-0.262486,-3038.0,si
1998-06-01,0.593757,6872.2,si
1998-06-02,0.126225,1460.9,si
1998-06-03,-0.214744,-2485.5,si
1998-06-04,-0.116620,-1349.8,si
1998-06-05,-0.480210,-5558.0,si
1998-06-06,-0.370681,-4290.3,si
1998-06-07,0.026816,310.4,si
1998-06-08,0.471250,5454.3,si
1998-06-09,-0.204482,-2366.7,si
1998-06-10,-0.471126,-5452.8,si
1998-06-11,-0.393103,-4549.8,si
1998-06-12,-0.444486,-5144.5,si
1998-06-13,-0.637663,-7380.4,si
1998-06-14,0.131864,1526.2,si
1998-06-15,1.597862,18493.8,si
1998-06-16,0.088105,1019.7,si
1998-06-17,-0.222316,-2573.1,si
1998-06-18,-0.363523,-4207.4,si
1998-06-19,-0.429342,-4969.2,si
1998-06-20,-0.459991,-5324.0,si
1998-06-21,0.071327,825.5,si
1998-06-22,-0.337295,-3903.9,si
1998-06-23,-0.501538,-5804.8,si
1998-06-24,-0.515189,-5962.8,si
1998-06-25,-0.461841,-5345.4,si
1998-06-26,-0.278389,-3222.1,si
1998-06-27,-0.101998,-1180.5,si
1998-06-28,0.335985,3888.7,si
1998-06-29,-0.279422,-3234.0,si
1998-06-30,0.137268,1588.7,si
1998-07-01,-0.406710,-4707.3,si
1998-07-02,-0.225712,-2612.4,si
1998-07-03,-0.125995,-1458.3,si
1998-07-04,2.147185,24851.7,si
1998-07-05,0.985501,11406.3,si
1998-07-06,0.311951,3610.5,si
1998-07-07,0.023923,276.9,si
1998-07-08,-0.202910,-2348.5,si
1998-07-09,1.591765,18423.2,si
1998-07-10,1.274367,14749.6,si
1998-07-11,0.438956,5080.5,si
1998-07-12,-0.010815,-125.2,si
1998-07-13,0.925031,10706.4,si
1998-07-14,0.042943,497.0,si
1998-07-15,-0.107087,-1239.4,si
1998-07-16,0.756912,8760.6,si
1998-07-17,0.152772,1768.2,si
1998-07-18,-0.107335,-1242.3,si
1998-07-19,-0.011235,-130.0,si
1998-07-20,-0.269866,-3123.4,si
1998-07-21,0.861531,9971.4,si
1998-07-22,0.334589,3872.6,si
1998-07-23,-0.039331,-455.2,si
1998-07-24,-0.254484,-2945.4,si
1998-07-25,0.586740,6791.0,si
1998-07-26,-0.060261,-697.5,si
1998-07-27,-0.208953,-2418.4,si
1998-07-28,-0.212466,-2459.1,si
1998-07-29,-0.199309,-2306.8,si
1998-07-30,0.023037,266.6,si
1998-07-31,0.148039,1713.4,si
1998-08-01,-0.165022,-1910.0,si
1998-08-02,0.024317,281.4,si
1998-08-03,-0.009879,-114.3,si
1998-08-04,0.171592,1986.0,si
1998-08-05,-0.198085,-2292.6,si
1998-08-06,-0.039777,-460.4,si
1998-08-07,-0.165789,-1918.9,si
1998-08-08,-0.358065,-4144.3,si
1998-08-09,-0.347144,-4017.9,si
1998-08-10,-0.330597,-3826.3,si
1998-08-11,-0.059946,-693.8,si
1998-08-12,0.211649,2449.6,si
1998-08-13,-0.046759,-541.2,si
1998-08-14,-0.009560,-110.6,si
1998-08-15,0.047140,545.6,si
1998-08-16,0.363265,4204.5,si
1998-08-17,-0.100391,-1161.9,si
1998-08-18,-0.319472,-3697.6,si
1998-08-19,0.454054,5255.3,si
1998-08-20,-0.097728,-1131.1,si
1998-08-21,1.238853,14338.6,si
1998-08-22,0.474234,5488.8,si
1998-08-23,-0.049344,-571.1,si
1998-08-24,-0.106886,-1237.1,si
1998-08-25,-0.150279,-1739.3,si
1998-08-26,-0.149908,-1735.0,si
1998-08-27,-0.283575,-3282.1,si
1998-08-28,-0.381674,-4417.5,si
1998-08-29,-0.217478,-2517.1,si
1998-08-30,-0.290511,-3362.4,si
1998-08-31,-0.396874,-4593.4,si
1998-09-01,-0.412188,-4770.7,si
1998-09-02,-0.375188,-4342.5,si
1998-09-03,-0.225544,-2610.5,si
1998-09-04,-0.209806,-2428.3,si
1998-09-05,-0.424388,-4911.9,si
1998-09-06,-0.398263,-4609.5,si
1998-09-07,0.908740,10517.8,si
1998-09-08,-0.094622,-1095.2,si
1998-09-09,0.327540,3791.0,si
1998-09-10,-0.173166,-2004.2,si
1998-09-11,-0.093088,-1077.4,si
1998-09-12,-0.243771,-2821.4,si
1998-09-13,-0.331149,-3832.7,si
1998-09-14,0.746555,8640.7,si
1998-09-15,0.185616,2148.3,si
1998-09-16,-0.115975,-1342.3,si
1998-09-17,-0.205241,-2375.5,si
1998-09-18,-0.317835,-3678.7,si
1998-09-19,-0.032595,-377.3,si
1998-09-20,-0.244180,-2826.2,si
1998-09-21,-0.320706,-3711.9,si
1998-09-22,-0.188839,-2185.6,si
1998-09-23,-0.338626,-3919.3,si
1998-09-24,-0.403832,-4674.0,si
1998-09-25,-0.438632,-5076.8,si
1998-09-26,-0.433404,-5016.3,si
1998-09-27,-0.478485,-5538.0,si
1998-09-28,-0.464201,-5372.7,si
1998-09-29,-0.462425,-5352.1,si
1998-09-30,-0.017859,-206.7,si
1998-10-01,-0.311268,-3602.6,si
1998-10-02,0.236500,2737.3,si
1998-10-03,0.027457,317.8,si
1998-10-04,0.003634,42.1,si
1998-10-05,0.038582,446.6,si
1998-10-06,0.344564,3988.0,si
1998-10-07,0.107601,1245.4,si
1998-10-08,0.144161,1668.5,si
1998-10-09,0.021313,246.7,si
1998-10-10,0.016507,191.1,si
1998-10-11,0.074010,856.6,si
1998-10-12,0.019310,223.5,si
1998-10-13,0.114877,1329.6,si
1998-10-14,0.098522,1140.3,si
1998-10-15,-0.027333,-316.4,si
1998-10-16,0.000743,8.6,si
1998-10-17,0.004094,47.4,si
1998-10-18,-0.017122,-198.2,si
1998-10-19,0.053270,616.6,si
1998-10-20,0.186667,2160.5,si
1998-10-21,0.001040,12.0,si
1998-10-22,-0.091462,-1058.6,si
1998-10-23,0.162026,1875.3,si
1998-10-24,0.079936,925.2,si
1998-10-25,-0.065311,-755.9,si
1998-10-26,0.018328,212.1,si
1998-10-27,1.246925,14432.0,si
1998-10-28,0.285978,3309.9,si
1998-10-29,1.131657,13097.9,si
1998-10-30,0.478650,5539.9,si
1998-10-31,0.294608,3409.8,si
1998-11-01,0.188542,2182.2,si
1998-11-02,0.191759,2219.4,si
1998-11-03,0.241647,2796.8,si
1998-11-04,0.193508,2239.7,si
1998-11-05,0.119718,1385.6,si
1998-11-06,0.444729,5147.3,si
1998-11-07,0.182949,2117.5,si
1998-11-08,0.100143,1159.1,si
1998-11-09,0.070463,815.5,si
1998-11-10,0.026090,302.0,si
1998-11-11,0.042361,490.3,si
1998-11-12,0.080011,926.1,si
1998-11-13,0.075080,869.0,si
1998-11-14,0.012369,143.2,si
1998-11-15,-0.029510,-341.6,si
1998-11-16,-0.027155,-314.3,si
1998-11-17,-0.046310,-536.0,si
1998-11-18,0.012861,148.8,si
1998-11-19,0.457495,5295.1,si
1998-11-20,0.050707,586.9,si
1998-11-21,0.151922,1758.4,si
1998-11-22,0.347361,4020.4,si
1998-11-23,0.176805,2046.4,si
1998-11-24,0.087220,1009.5,si
1998-11-25,0.013398,155.1,si
1998-11-26,0.078341,906.7,si
1998-11-27,0.012409,143.6,si
1998-11-28,0.051940,601.2,si
1998-11-29,0.143953,1666.1,si
1998-11-30,0.116087,1343.6,si
1998-12-01,0.017392,201.3,si
1998-12-02,0.481488,5572.8,si
1998-12-03,0.426486,4936.2,si
1998-12-04,0.474386,5490.6,si
1998-12-05,0.924879,10704.6,si
1998-12-06,0.439658,5088.6,si
1998-12-07,0.635451,7354.8,si
1998-12-08,0.911413,10548.8,si
1998-12-09,0.678575,7853.9,si
1998-12-10,0.492989,5705.9,si
1998-12-11,0.493015,5706.2,si
1998-12-12,0.544080,6297.2,si
1998-12-13,0.543055,6285.4,si
1998-12-14,0.502422,5815.1,si
1998-12-15,0.468143,5418.3,si
1998-12-16,0.410238,4748.1,si
1998-12-17,0.404861,4685.9,si
1998-12-18,0.454578,5261.3,si
1998-12-19,0.359193,4157.3,si
1998-12-20,0.329220,3810.4,si
1998-12-21,0.752320,8707.4,si
1998-12-22,1.526905,17672.5,si
1998-12-23,0.617078,7142.1,si
1998-12-24,0.526792,6097.1,si
1998-12-25,0.478744,5541.0,si
1998-12-26,0.464836,5380.1,si
1998-12-27,0.531974,6157.1,si
1998-12-28,0.485997,5625.0,si
1998-12-29,0.471929,5462.1,si
1998-12-30,0.412714,4776.8,si
1998-12-31,0.496510,5746.6,si
1999-01-01,0.567106,6563.7,si
1999-01-02,0.185117,2142.6,si
1999-01-03,0.180816,2092.8,si
1999-01-04,0.476668,5517.0,si
1999-01-05,0.159219,1842.8,si
1999-01-06,0.167458,1938.2,si
1999-01-07,0.179408,2076.5,si
1999-01-08,0.220034,2546.7,si
1999-01-09,0.247340,2862.7,si
1999-01-10,0.601198,6958.3,si
1999-01-11,0.291564,3374.6,si
1999-01-12,0.211089,2443.2,si
1999-01-13,0.199888,2313.5,si
1999-01-14,0.191224,2213.2,si
1999-01-15,0.188027,2176.2,si
1999-01-16,0.219668,2542.5,si
1999-01-17,0.290802,3365.8,si
1999-01-18,0.237936,2753.9,si
1999-01-19,0.184119,2131.0,si
1999-01-20,0.262769,3041.3,si
1999-01-21,0.269028,3113.7,si
1999-01-22,0.263445,3049.1,si
1999-01-23,0.149107,1725.8,si
1999-01-24,0.528848,6120.9,si
1999-01-25,0.463002,5358.8,si
1999-01-26,0.483034,5590.7,si
1999-01-27,0.225916,2614.8,si
1999-01-28,0.192192,2224.4,si
1999-01-29,0.191629,2217.9,si
1999-01-30,0.205245,2375.5,si
1999-01-31,0.234133,2709.9,si
1999-02-01,0.286410,3314.9,si
1999-02-02,0.068081,788.0,si
1999-02-03,-0.046273,-535.6,si
1999-02-04,-0.047759,-552.8,si
1999-02-05,-0.005979,-69.2,si
1999-02-06,0.002239,25.9,si
1999-02-07,0.015019,173.8,si
1999-02-08,0.248897,2880.8,si
1999-02-09,0.060337,698.3,si
1999-02-10,-0.006699,-77.5,si
1999-02-11,-0.064840,-750.5,si
1999-02-12,-0.129358,-1497.2,si
1999-02-13,-0.027576,-319.2,si
1999-02-14,-0.008069,-93.4,si
1999-02-15,0.245817,2845.1,si
1999-02-16,0.622275,7202.3,si
1999-02-17,0.561138,6494.7,si
1999-02-18,0.122725,1420.4,si
1999-02-19,0.159773,1849.2,si
1999-02-20,0.949221,10986.4,si
1999-02-21,0.665918,7707.4,si
1999-02-22,0.322388,3731.3,si
1999-02-23,0.336599,3895.8,si
1999-02-24,0.180762,2092.1,si
1999-02-25,0.029423,340.5,si
1999-02-26,0.193177,2235.8,si
1999-02-27,0.323716,3746.7,si
1999-02-28,0.048246,558.4,si
1999-03-01,0.037356,432.4,si
1999-03-02,-0.067523,-781.5,si
1999-03-03,-0.163399,-1891.2,si
1999-03-04,-0.071855,-831.7,si
1999-03-05,-0.084377,-976.6,si
1999-03-06,-0.087522,-1013.0,si
1999-03-07,-0.058887,-681.6,si
1999-03-08,-0.062545,-723.9,si
1999-03-09,-0.165647,-1917.2,si
1999-03-10,-0.089816,-1039.5,si
1999-03-11,-0.106746,-1235.5,si
1999-03-12,0.003935,45.5,si
1999-03-13,0.255100,2952.5,si
1999-03-14,-0.024270,-280.9,si
1999-03-15,0.045493,526.5,si
1999-03-16,-0.119133,-1378.9,si
1999-03-17,0.151294,1751.1,si
1999-03-18,0.328412,3801.1,si
1999-03-19,0.177576,2055.3,si
1999-03-20,-0.070847,-820.0,si
1999-03-21,0.810550,9381.4,si
1999-03-22,-0.018607,-215.4,si
1999-03-23,-0.012240,-141.7,si
1999-03-24,-0.052123,-603.3,si
1999-03-25,-0.123127,-1425.1,si
1999-03-26,0.001846,21.4,si
1999-03-27,0.475565,5504.2,si
1999-03-28,-0.032032,-370.7,si
1999-03-29,-0.079038,-914.8,si
1999-03-30,0.011239,130.1,si
1999-03-31,-0.006888,-79.7,si
1999-04-01,-0.086998,-1006.9,si
1999-04-02,0.301642,3491.2,si
1999-04-03,0.120999,1400.4,si
1999-04-04,1.240604,14358.8,si
1999-04-05,0.883647,10227.4,si
1999-04-06,0.621141,7189.1,si
1999-04-07,1.019880,11804.2,si
1999-04-08,1.931492,22355.2,si
1999-04-09,0.830432,9611.5,si
1999-04-10,0.706740,8179.9,si
1999-04-11,0.331945,3842.0,si
1999-04-12,0.496954,5751.8,si
1999-04-13,0.177000,2048.6,si
1999-04-14,0.293279,3394.4,si
1999-04-15,0.090849,1051.5,si
1999-04-16,0.067537,781.7,si
1999-04-17,0.101187,1171.1,si
1999-04-18,0.088330,1022.3,si
1999-04-19,0.028035,324.5,si
1999-04-20,0.091950,1064.2,si
1999-04-21,0.053699,621.5,si
1999-04-22,0.614584,7113.2,si
1999-04-23,0.067719,783.8,si
1999-04-24,0.096001,1111.1,si
1999-04-25,0.103789,1201.3,si
1999-04-26,0.159082,1841.2,si
1999-04-27,0.026238,303.7,si
1999-04-28,-0.033313,-385.6,si
1999-04-29,0.043033,498.1,si
1999-04-30,0.595989,6898.0,si
1999-05-01,0.075920,878.7,si
1999-05-02,-0.044388,-513.8,si
1999-05-03,-0.111212,-1287.2,si
1999-05-04,-0.116020,-1342.8,si
1999-05-05,0.107129,1239.9,si
1999-05-06,-0.118119,-1367.1,si
1999-05-07,0.122250,1414.9,si
1999-05-08,0.389316,4506.0,si
1999-05-09,0.025529,295.5,si
1999-05-10,1.163489,13466.3,si
1999-05-11,1.397433,16174.0,si
1999-05-12,0.384143,4446.1,si
1999-05-13,0.368688,4267.2,si
1999-05-14,0.270911,3135.5,si
1999-05-15,0.081598,944.4,si
1999-05-16,0.054126,626.5,si
1999-05-17,0.034419,398.4,si
1999-05-18,0.011896,137.7,si
1999-05-19,0.377151,4365.2,si
1999-05-20,0.218693,2531.2,si
1999-05-21,-0.070699,-818.3,si
1999-05-22,0.081174,939.5,si
1999-05-23,-0.099720,-1154.2,si
1999-05-24,-0.077284,-894.5,si
1999-05-25,-0.019198,-222.2,si
1999-05-26,-0.084847,-982.0,si
1999-05-27,0.110746,1281.8,si
1999-05-28,0.008403,97.3,si
1999-05-29,0.305043,3530.6,si
1999-05-30,0.117064,1354.9,si
1999-05-31,-0.096349,-1115.1,si
1999-06-01,-0.055268,-639.7,si
1999-06-02,-0.137341,-1589.6,si
1999-06-03,0.472236,5465.7,si
1999-06-04,1.500529,17367.2,si
1999-06-05,0.402360,4656.9,si
1999-06-06,0.204090,2362.2,si
1999-06-07,0.119854,1387.2,si
1999-06-08,0.219209,2537.1,si
1999-06-09,0.787304,9112.3,si
1999-06-10,0.145246,1681.1,si
1999-06-11,0.146419,1694.7,si
1999-06-12,0.036758,425.4,si
1999-06-13,0.162150,1876.7,si
1999-06-14,0.663892,7683.9,si
1999-06-15,0.425839,4928.7,si
1999-06-16,0.068016,787.2,si
1999-06-17,0.081743,946.1,si
1999-06-18,0.032411,375.1,si
1999-06-19,-0.057314,-663.4,si
1999-06-20,0.018990,219.8,si
1999-06-21,0.279987,3240.6,si
1999-06-22,0.155922,1804.7,si
1999-06-23,0.023385,270.7,si
1999-06-24,0.202886,2348.2,si
1999-06-25,-0.029345,-339.6,si
1999-06-26,0.044128,510.7,si
1999-06-27,1.240799,14361.1,si
1999-06-28,0.219084,2535.7,si
1999-06-29,0.117077,1355.1,si
1999-06-30,0.081412,942.3,si
1999-07-01,-0.002896,-33.5,si
1999-07-02,-0.152436,-1764.3,si
1999-07-03,0.018115,209.7,si
1999-07-04,-0.139464,-1614.2,si
1999-07-05,-0.187703,-2172.5,si
1999-07-06,0.187376,2168.7,si
1999-07-07,0.244829,2833.7,si
1999-07-08,-0.006418,-74.3,si
1999-07-09,-0.114834,-1329.1,si
1999-07-10,-0.179151,-2073.5,si
1999-07-11,0.089641,1037.5,si
1999-07-12,0.122199,1414.3,si
1999-07-13,0.091713,1061.5,si
1999-07-14,-0.140242,-1623.2,si
1999-07-15,-0.151117,-1749.0,si
1999-07-16,-0.254810,-2949.2,si
1999-07-17,-0.128475,-1487.0,si
1999-07-18,-0.221834,-2567.5,si
1999-07-19,-0.260440,-3014.3,si
1999-07-20,0.476099,5510.4,si
1999-07-21,0.489899,5670.1,si
1999-07-22,-0.061205,-708.4,si
1999-07-23,-0.074486,-862.1,si
1999-07-24,-0.195081,-2257.9,si
1999-07-25,-0.135528,-1568.6,si
1999-07-26,-0.076865,-889.6,si
1999-07-27,-0.057018,-659.9,si
1999-07-28,1.392778,16120.1,si
1999-07-29,0.671154,7768.0,si
1999-07-30,0.601118,6957.4,si
1999-07-31,0.729767,8446.4,si
1999-08-01,0.222401,2574.1,si
1999-08-02,0.247469,2864.2,si
1999-08-03,0.147533,1707.6,si
1999-08-04,0.058814,680.7,si
1999-08-05,-0.015226,-176.2,si
1999-08-06,0.033290,385.3,si
1999-08-07,0.260746,3017.9,si
1999-08-08,0.090723,1050.0,si
1999-08-09,0.024649,285.3,si
1999-08-10,0.047088,545.0,si
1999-08-11,0.066099,765.0,si
1999-08-12,0.331190,3833.2,si
1999-08-13,0.165714,1918.0,si
1999-08-14,0.191935,2221.5,si
1999-08-15,0.085451,989.0,si
1999-08-16,0.041659,482.2,si
1999-08-17,-0.190630,-2206.4,si
1999-08-18,-0.173190,-2004.5,si
1999-08-19,-0.124726,-1443.6,si
1999-08-20,0.288845,3343.1,si
1999-08-21,0.043579,504.4,si
1999-08-22,-0.004604,-53.3,si
1999-08-23,0.454781,5263.7,si
1999-08-24,0.497611,5759.4,si
1999-08-25,0.815483,9438.5,si
1999-08-26,0.309202,3578.7,si
1999-08-27,0.111802,1294.0,si
1999-08-28,0.044057,509.9,si
1999-08-29,0.218347,2527.2,si
1999-08-30,0.058877,681.4,si
1999-08-31,-0.037747,-436.9,si
1999-09-01,0.382785,4430.4,si
1999-09-02,0.328373,3800.6,si
1999-09-03,0.297158,3439.3,si
1999-09-04,1.277672,14787.9,si
1999-09-05,1.042923,12070.9,si
1999-09-06,0.590997,6840.2,si
1999-09-07,0.412500,4774.3,si
1999-09-08,0.392222,4539.6,si
1999-09-09,0.585018,6771.0,si
1999-09-10,1.588509,18385.5,si
1999-09-11,0.736536,8524.7,si
1999-09-12,0.580906,6723.5,si
1999-09-13,1.479846,17127.9,si
1999-09-14,1.129140,13068.8,si
1999-09-15,1.052752,12184.6,si
1999-09-16,1.265099,14642.3,si
1999-09-17,0.781594,9046.2,si
1999-09-18,0.547490,6336.7,si
1999-09-19,0.531778,6154.8,si
1999-09-20,0.353052,4086.3,si
1999-09-21,0.512647,5933.4,si
1999-09-22,2.071877,23980.1,si
1999-09-23,1.188859,13759.9,si
1999-09-24,0.704560,8154.6,si
1999-09-25,0.546167,6321.4,si
1999-09-26,0.531504,6151.7,si
1999-09-27,0.421968,4883.9,si
1999-09-28,1.037316,12006.0,si
1999-09-29,0.485347,5617.4,si
1999-09-30,0.496823,5750.3,si
1999-10-01,0.448919,5195.8,si
1999-10-02,0.191571,2217.3,si
1999-10-03,0.393277,4551.8,si
1999-10-04,0.748997,8668.9,si
1999-10-05,0.290667,3364.2,si
1999-10-06,0.251458,2910.4,si
1999-10-07,0.109735,1270.1,si
1999-10-08,0.051270,593.4,si
1999-10-09,-0.004000,-46.3,si
1999-10-10,-0.006857,-79.4,si
1999-10-11,-0.020767,-240.4,si
1999-10-12,0.015392,178.1,si
1999-10-13,0.048823,565.1,si
1999-10-14,-0.075287,-871.4,si
1999-10-15,-0.181901,-2105.3,si
1999-10-16,-0.093498,-1082.2,si
1999-10-17,-0.105936,-1226.1,si
1999-10-18,-0.151601,-1754.6,si
1999-10-19,-0.067478,-781.0,si
1999-10-20,-0.123887,-1433.9,si
1999-10-21,-0.123613,-1430.7,si
1999-10-22,-0.064164,-742.6,si
1999-10-23,0.615725,7126.4,si
1999-10-24,0.560823,6491.0,si
1999-10-25,0.041818,484.0,si
1999-10-26,0.101054,1169.6,si
1999-10-27,0.010419,120.6,si
1999-10-28,0.038078,440.7,si
1999-10-29,0.174180,2016.0,si
1999-10-30,0.322053,3727.5,si
1999-10-31,0.082766,957.9,si
1999-11-01,0.141308,1635.5,si
1999-11-02,0.659154,7629.1,si
1999-11-03,0.588206,6807.9,si
1999-11-04,0.199904,2313.7,si
1999-11-05,0.109656,1269.2,si
1999-11-06,0.234811,2717.7,si
1999-11-07,0.157764,1826.0,si
1999-11-08,0.070190,812.4,si
1999-11-09,0.022365,258.9,si
1999-11-10,0.008029,92.9,si
1999-11-11,0.005211,60.3,si
1999-11-12,-0.015614,-180.7,si
1999-11-13,-0.009032,-104.5,si
1999-11-14,-0.007500,-86.8,si
1999-11-15,-0.050250,-581.6,si
1999-11-16,-0.012318,-142.6,si
1999-11-17,0.288352,3337.4,si
1999-11-18,0.995669,11523.9,si
1999-11-19,0.188228,2178.6,si
1999-11-20,0.136931,1584.9,si
1999-11-21,0.134081,1551.9,si
1999-11-22,0.141499,1637.7,si
1999-11-23,0.401968,4652.4,si
1999-11-24,0.425184,4921.1,si
1999-11-25,0.514137,5950.7,si
1999-11-26,0.467507,5411.0,si
1999-11-27,0.141389,1636.4,si
1999-11-28,0.148392,1717.5,si
1999-11-29,0.136599,1581.0,si
1999-11-30,0.048408,560.3,si
1999-12-01,0.740966,8576.0,si
1999-12-02,1.158343,13406.7,si
1999-12-03,0.490839,5681.0,si
1999-12-04,0.394621,4567.4,si
1999-12-05,0.314816,3643.7,si
1999-12-06,0.292011,3379.8,si
1999-12-07,0.239179,2768.3,si
1999-12-08,0.199124,2304.7,si
1999-12-09,0.202511,2343.9,si
1999-12-10,0.198695,2299.7,si
1999-12-11,0.207069,2396.6,si
1999-12-12,0.534095,6181.7,si
1999-12-13,0.228369,2643.2,si
1999-12-14,0.228551,2645.3,si
1999-12-15,0.247319,2862.5,si
1999-12-16,0.153218,1773.4,si
1999-12-17,0.159044,1840.8,si
1999-12-18,0.187289,2167.7,si
1999-12-19,0.094400,1092.6,si
1999-12-20,0.063649,736.7,si
1999-12-21,0.089285,1033.4,si
1999-12-22,0.311449,3604.7,si
1999-12-23,0.093231,1079.1,si
1999-12-24,0.070813,819.6,si
1999-12-25,0.055402,641.2,si
1999-12-26,0.063452,734.4,si
1999-12-27,0.149864,1734.5,si
1999-12-28,0.118588,1372.6,si
1999-12-29,0.115807,1340.4,si
1999-12-30,0.073376,849.3,si
1999-12-31,0.124512,1441.1,si
2000-01-01,0.078604,909.8,si
2000-01-02,0.031581,365.5,si
2000-01-03,0.121325,1404.2,si
2000-01-04,0.295472,3419.8,si
2000-01-05,0.004637,53.7,si
2000-01-06,0.041267,477.6,si
2000-01-07,0.030762,356.0,si
2000-01-08,0.154643,1789.9,si
2000-01-09,0.215216,2490.9,si
2000-01-10,0.777772,9002.0,si
2000-01-11,0.161952,1874.4,si
2000-01-12,0.113417,1312.7,si
2000-01-13,0.096804,1120.4,si
2000-01-14,0.077976,902.5,si
2000-01-15,0.078669,910.5,si
2000-01-16,0.185190,2143.4,si
2000-01-17,0.228125,2640.3,si
2000-01-18,0.120707,1397.1,si
2000-01-19,0.065135,753.9,si
2000-01-20,0.260983,3020.6,si
2000-01-21,0.139389,1613.3,si
2000-01-22,0.037980,439.6,si
2000-01-23,0.022372,258.9,si
2000-01-24,0.048963,566.7,si
2000-01-25,0.071940,832.6,si
2000-01-26,0.088676,1026.3,si
2000-01-27,0.042875,496.2,si
2000-01-28,0.030246,350.1,si
2000-01-29,0.373489,4322.8,si
2000-01-30,0.074722,864.8,si
2000-01-31,0.147192,1703.6,si
2000-02-01,0.332408,3847.3,si
2000-02-02,0.147653,1708.9,si
2000-02-03,0.104349,1207.7,si
2000-02-04,0.071572,828.4,si
2000-02-05,0.113464,1313.2,si
2000-02-06,0.121503,1406.3,si
2000-02-07,0.074692,864.5,si
2000-02-08,0.127188,1472.1,si
2000-02-09,0.059280,686.1,si
2000-02-10,0.104806,1213.0,si
2000-02-11,0.022012,254.8,si
2000-02-12,-0.016302,-188.7,si
2000-02-13,0.008186,94.7,si
2000-02-14,0.104505,1209.6,si
2000-02-15,0.105491,1221.0,si
2000-02-16,0.066922,774.6,si
2000-02-17,1.116236,12919.4,si
2000-02-18,0.365467,4229.9,si
2000-02-19,0.112022,1296.5,si
2000-02-20,0.106220,1229.4,si
2000-02-21,0.754021,8727.1,si
2000-02-22,0.310588,3594.8,si
2000-02-23,0.114716,1327.7,si
2000-02-24,0.224964,2603.8,si
2000-02-25,0.487501,5642.4,si
2000-02-26,0.374361,4332.9,si
2000-02-27,0.455769,5275.1,si
2000-02-28,0.399451,4623.3,si
2000-02-29,0.167251,1935.8,si
2000-03-01,0.155813,1803.4,si
2000-03-02,-0.038109,-441.1,si
2000-03-03,0.059526,689.0,si
2000-03-04,0.024687,285.7,si
2000-03-05,0.020748,240.1,si
2000-03-06,0.048602,562.5,si
2000-03-07,0.042203,488.5,si
2000-03-08,-0.010056,-116.4,si
2000-03-09,0.015808,183.0,si
2000-03-10,-0.001305,-15.1,si
2000-03-11,0.115130,1332.5,si
2000-03-12,0.024322,281.5,si
2000-03-13,0.017141,198.4,si
2000-03-14,-0.025140,-291.0,si
2000-03-15,-0.117076,-1355.0,si
2000-03-16,-0.035586,-411.9,si
2000-03-17,-0.031940,-369.7,si
2000-03-18,-0.051013,-590.4,si
2000-03-19,-0.119945,-1388.2,si
2000-03-20,-0.104132,-1205.2,si
2000-03-21,-0.115171,-1333.0,si
2000-03-22,-0.044669,-517.0,si
2000-03-23,0.763713,8839.3,si
2000-03-24,1.035458,11984.5,si
2000-03-25,0.336537,3895.1,si
2000-03-26,0.237532,2749.2,si
2000-03-27,1.118941,12950.7,si
2000-03-28,0.317575,3675.6,si
2000-03-29,0.265485,3072.7,si
2000-03-30,0.210847,2440.4,si
2000-03-31,0.110604,1280.1,si
2000-04-01,-0.002747,-31.8,si
2000-04-02,0.027902,322.9,si
2000-04-03,0.130083,1505.6,si
2000-04-04,0.505300,5848.4,si
2000-04-05,0.115861,1341.0,si
2000-04-06,0.535267,6195.2,si
2000-04-07,0.262236,3035.1,si
2000-04-08,0.042535,492.3,si
2000-04-09,-0.083788,-969.8,si
2000-04-10,-0.065742,-760.9,si
2000-04-11,0.073053,845.5,si
2000-04-12,0.417454,4831.6,si
2000-04-13,0.220409,2551.0,si
2000-04-14,0.000613,7.1,si
2000-04-15,0.012859,148.8,si
2000-04-16,0.054539,631.2,si
2000-04-17,0.048524,561.6,si
2000-04-18,-0.003366,-39.0,si
2000-04-19,0.067455,780.7,si
2000-04-20,0.037048,428.8,si
2000-04-21,0.024881,288.0,si
2000-04-22,0.022301,258.1,si
2000-04-23,-0.052381,-606.3,si
2000-04-24,0.004543,52.6,si
2000-04-25,-0.034421,-398.4,si
2000-04-26,0.012292,142.3,si
2000-04-27,-0.066155,-765.7,si
2000-04-28,0.011154,129.1,si
2000-04-29,-0.018427,-213.3,si
2000-04-30,0.095083,1100.5,si
2000-05-01,0.051660,597.9,si
2000-05-02,-0.101169,-1170.9,si
2000-05-03,-0.199785,-2312.3,si
2000-05-04,0.041502,480.3,si
2000-05-05,-0.173527,-2008.4,si
2000-05-06,-0.085842,-993.5,si
2000-05-07,-0.207514,-2401.8,si
2000-05-08,0.702661,8132.6,si
2000-05-09,0.053164,615.3,si
2000-05-10,0.431353,4992.5,si
2000-05-11,0.861120,9966.7,si
2000-05-12,0.052414,606.6,si
2000-05-13,0.065141,753.9,si
2000-05-14,0.260585,3016.0,si
2000-05-15,0.189081,2188.4,si
2000-05-16,0.026340,304.9,si
2000-05-17,0.007389,85.5,si
2000-05-18,0.005875,68.0,si
2000-05-19,-0.103109,-1193.4,si
2000-05-20,0.166417,1926.1,si
2000-05-21,0.521253,6033.0,si
2000-05-22,0.183203,2120.4,si
2000-05-23,-0.024083,-278.7,si
2000-05-24,1.061165,12282.0,si
2000-05-25,0.231814,2683.0,si
2000-05-26,0.140370,1624.6,si
2000-05-27,0.163448,1891.8,si
2000-05-28,0.100276,1160.6,si
2000-05-29,0.636510,7367.0,si
2000-05-30,0.099410,1150.6,si
2000-05-31,0.270199,3127.3,si
2000-06-01,0.322777,3735.8,si
2000-06-02,0.041673,482.3,si
2000-06-03,0.110305,1276.7,si
2000-06-04,0.648274,7503.2,si
2000-06-05,0.279994,3240.7,si
2000-06-06,0.249525,2888.0,si
2000-06-07,0.197668,2287.8,si
2000-06-08,0.030236,350.0,si
2000-06-09,-0.021886,-253.3,si
2000-06-10,0.518899,6005.8,si
2000-06-11,0.042117,487.5,si
2000-06-12,0.002125,24.6,si
2000-06-13,0.244654,2831.6,si
2000-06-14,0.008065,93.3,si
2000-06-15,-0.046149,-534.1,si
2000-06-16,0.001946,22.5,si
2000-06-17,0.048604,562.5,si
2000-06-18,0.075071,868.9,si
2000-06-19,-0.041060,-475.2,si
2000-06-20,-0.047813,-553.4,si
2000-06-21,0.071970,833.0,si
2000-06-22,-0.013076,-151.3,si
2000-06-23,-0.087707,-1015.1,si
2000-06-24,1.142742,13226.2,si
2000-06-25,0.204204,2363.5,si
2000-06-26,0.053278,616.6,si
2000-06-27,0.002699,31.2,si
2000-06-28,-0.032767,-379.2,si
2000-06-29,0.006325,73.2,si
2000-06-30,-0.089746,-1038.7,si
2000-07-01,-0.051586,-597.1,si
2000-07-02,-0.124965,-1446.4,si
2000-07-03,-0.106658,-1234.5,si
2000-07-04,-0.109147,-1263.3,si
2000-07-05,-0.146993,-1701.3,si
2000-07-06,-0.124672,-1443.0,si
2000-07-07,-0.222491,-2575.1,si
2000-07-08,-0.189831,-2197.1,si
2000-07-09,-0.207143,-2397.5,si
2000-07-10,-0.218728,-2531.6,si
2000-07-11,-0.218905,-2533.6,si
2000-07-12,1.656981,19178.0,si
2000-07-13,1.167065,13507.7,si
2000-07-14,0.657942,7615.1,si
2000-07-15,0.246822,2856.7,si
2000-07-16,0.109506,1267.4,si
2000-07-17,0.293445,3396.4,si
2000-07-18,0.051390,594.8,si
2000-07-19,0.012067,139.7,si
2000-07-20,-0.032549,-376.7,si
2000-07-21,-0.118982,-1377.1,si
2000-07-22,-0.136197,-1576.4,si
2000-07-23,-0.187421,-2169.2,si
2000-07-24,0.016466,190.6,si
2000-07-25,0.062857,727.5,si
2000-07-26,0.380313,4401.8,si
2000-07-27,-0.017881,-207.0,si
2000-07-28,0.110005,1273.2,si
2000-07-29,0.038061,440.5,si
2000-07-30,-0.113128,-1309.4,si
2000-07-31,-0.121163,-1402.3,si
2000-08-01,-0.139965,-1620.0,si
2000-08-02,-0.237914,-2753.6,si
2000-08-03,0.150815,1745.5,si
2000-08-04,-0.045517,-526.8,si
2000-08-05,0.221919,2568.5,si
2000-08-06,-0.175704,-2033.6,si
2000-08-07,0.173819,2011.8,si
2000-08-08,-0.131116,-1517.6,si
2000-08-09,-0.121971,-1411.7,si
2000-08-10,0.668643,7738.9,si
2000-08-11,0.194694,2253.4,si
2000-08-12,0.585216,6773.3,si
2000-08-13,0.057631,667.0,si
2000-08-14,-0.040145,-464.6,si
2000-08-15,0.157123,1818.6,si
2000-08-16,0.276789,3203.6,si
2000-08-17,1.043680,12079.6,si
2000-08-18,0.410810,4754.7,si
2000-08-19,0.432528,5006.1,si
2000-08-20,0.120724,1397.3,si
2000-08-21,0.062592,724.4,si
2000-08-22,-0.059764,-691.7,si
2000-08-23,0.153054,1771.5,si
2000-08-24,-0.029622,-342.8,si
2000-08-25,0.191232,2213.3,si
2000-08-26,-0.070043,-810.7,si
2000-08-27,0.133806,1548.7,si
2000-08-28,0.643303,7445.6,si
2000-08-29,0.004594,53.2,si
2000-08-30,0.834516,9658.7,si
2000-08-31,0.748597,8664.3,si
2000-09-01,0.251421,2910.0,si
2000-09-02,0.071821,831.3,si
2000-09-03,0.071123,823.2,si
2000-09-04,0.343768,3978.8,si
2000-09-05,0.189900,2197.9,si
2000-09-06,-0.028205,-326.4,si
2000-09-07,-0.149625,-1731.8,si
2000-09-08,-0.129853,-1502.9,si
2000-09-09,-0.111317,-1288.4,si
2000-09-10,0.121034,1400.9,si
2000-09-11,-0.101757,-1177.7,si
2000-09-12,-0.163834,-1896.2,si
2000-09-13,-0.226984,-2627.1,si
2000-09-14,0.503964,5832.9,si
2000-09-15,0.090955,1052.7,si
2000-09-16,0.445954,5161.5,si
2000-09-17,-0.030944,-358.1,si
2000-09-18,0.306768,3550.6,si
2000-09-19,0.060499,700.2,si
2000-09-20,-0.034114,-394.8,si
2000-09-21,0.083797,969.9,si
2000-09-22,0.662642,7669.5,si
2000-09-23,0.918412,10629.8,si
2000-09-24,0.246664,2854.9,si
2000-09-25,0.342184,3960.5,si
2000-09-26,1.100361,12735.7,si
2000-09-27,0.427583,4948.9,si
2000-09-28,0.121614,1407.6,si
2000-09-29,0.328419,3801.1,si
2000-09-30,0.119009,1377.4,si
2000-10-01,-0.044898,-519.7,si
2000-10-02,-0.141246,-1634.8,si
2000-10-03,-0.182535,-2112.7,si
2000-10-04,-0.195446,-2262.1,si
2000-10-05,-0.211167,-2444.1,si
2000-10-06,-0.263815,-3053.4,si
2000-10-07,-0.138979,-1608.5,si
2000-10-08,-0.040691,-471.0,si
2000-10-09,-0.167748,-1941.5,si
2000-10-10,-0.065670,-760.1,si
2000-10-11,0.305707,3538.3,si
2000-10-12,-0.115582,-1337.8,si
2000-10-13,-0.200119,-2316.2,si
2000-10-14,-0.273717,-3168.0,si
2000-10-15,0.191437,2215.7,si
2000-10-16,-0.179298,-2075.2,si
2000-10-17,-0.196125,-2270.0,si
2000-10-18,-0.212550,-2460.1,si
2000-10-19,-0.217224,-2514.2,si
2000-10-20,-0.226150,-2617.5,si
2000-10-21,-0.291259,-3371.1,si
2000-10-22,-0.291886,-3378.3,si
2000-10-23,0.040893,473.3,si
2000-10-24,1.044094,12084.4,si
2000-10-25,0.598267,6924.4,si
2000-10-26,0.387927,4489.9,si
2000-10-27,0.739049,8553.8,si
2000-10-28,0.122950,1423.0,si
2000-10-29,-0.000186,-2.1,si
2000-10-30,-0.037373,-432.6,si
2000-10-31,0.244287,2827.4,si
2000-11-01,0.454361,5258.8,si
2000-11-02,1.037015,12002.5,si
2000-11-03,0.447915,5184.2,si
2000-11-04,1.469657,17009.9,si
2000-11-05,0.779916,9026.8,si
2000-11-06,0.464593,5377.2,si
2000-11-07,0.584086,6760.3,si
2000-11-08,0.289334,3348.8,si
2000-11-09,1.200529,13895.0,si
2000-11-10,1.051849,12174.2,si
2000-11-11,0.566049,6551.5,si
2000-11-12,0.427791,4951.3,si
2000-11-13,0.311224,3602.1,si
2000-11-14,0.229195,2652.7,si
2000-11-15,0.194399,2250.0,si
2000-11-16,0.155305,1797.5,si
2000-11-17,0.328158,3798.1,si
2000-11-18,0.274599,3178.2,si
2000-11-19,0.137132,1587.2,si
2000-11-20,0.148643,1720.4,si
2000-11-21,0.108717,1258.3,si
2000-11-22,0.148288,1716.3,si
2000-11-23,0.172744,1999.4,si
2000-11-24,0.077387,895.7,si
2000-11-25,0.127738,1478.5,si
2000-11-26,0.073234,847.6,si
2000-11-27,0.120567,1395.5,si
2000-11-28,0.132728,1536.2,si
2000-11-29,0.093483,1082.0,si
2000-11-30,0.049226,569.7,si
2000-12-01,0.080856,935.8,si
2000-12-02,0.087114,1008.3,si
2000-12-03,0.113245,1310.7,si
2000-12-04,0.228541,2645.1,si
2000-12-05,0.079636,921.7,si
2000-12-06,0.078347,906.8,si
2000-12-07,0.085524,989.9,si
2000-12-08,0.080449,931.1,si
2000-12-09,0.150034,1736.5,si
2000-12-10,0.151817,1757.1,si
2000-12-11,0.166993,1932.8,si
2000-12-12,0.118061,1366.4,si
2000-12-13,0.126632,1465.6,si
2000-12-14,0.209578,2425.7,si
2000-12-15,0.068609,794.1,si
2000-12-16,0.069334,802.5,si
2000-12-17,0.121321,1404.2,si
2000-12-18,0.052372,606.2,si
2000-12-19,0.242492,2806.6,si
2000-12-20,0.056632,655.5,si
2000-12-21,0.065105,753.5,si
2000-12-22,0.146402,1694.5,si
2000-12-23,0.052821,611.4,si
2000-12-24,0.154192,1784.6,si
2000-12-25,0.047952,555.0,si
2000-12-26,0.113590,1314.7,si
2000-12-27,0.130269,1507.7,si
2000-12-28,0.082544,955.4,si
2000-12-29,1.036285,11994.0,si
2000-12-30,0.431934,4999.2,si
2000-12-31,0.265199,3069.4,si
2001-01-01,0.152735,1767.8,si
2001-01-02,0.201058,2327.1,si
2001-01-03,0.192732,2230.7,si
2001-01-04,0.161142,1865.1,si
2001-01-05,0.132087,1528.8,si
2001-01-06,0.145656,1685.8,si
2001-01-07,0.158027,1829.0,si
2001-01-08,0.197348,2284.1,si
2001-01-09,0.167306,1936.4,si
2001-01-10,0.198574,2298.3,si
2001-01-11,0.176672,2044.8,si
2001-01-12,0.155260,1797.0,si
2001-01-13,0.147215,1703.9,si
2001-01-14,0.132852,1537.6,si
2001-01-15,0.136806,1583.4,si
2001-01-16,0.169281,1959.3,si
2001-01-17,0.164054,1898.8,si
2001-01-18,0.270455,3130.3,si
2001-01-19,0.128729,1489.9,si
2001-01-20,0.207384,2400.3,si
2001-01-21,0.213717,2473.6,si
2001-01-22,0.114341,1323.4,si
2001-01-23,0.101018,1169.2,si
2001-01-24,0.128362,1485.7,si
2001-01-25,0.152396,1763.8,si
2001-01-26,0.170162,1969.5,si
2001-01-27,0.091169,1055.2,si
2001-01-28,0.114277,1322.6,si
2001-01-29,0.116833,1352.2,si
2001-01-30,0.133154,1541.1,si
2001-01-31,0.164172,1900.1,si
2001-02-01,0.192938,2233.1,si
2001-02-02,0.090069,1042.5,si
2001-02-03,0.060005,694.5,si
2001-02-04,0.068707,795.2,si
2001-02-05,0.148982,1724.3,si
2001-02-06,0.133855,1549.2,si
2001-02-07,0.080504,931.8,si
2001-02-08,0.134117,1552.3,si
2001-02-09,0.062029,717.9,si
2001-02-10,0.108522,1256.0,si
2001-02-11,0.026701,309.0,si
2001-02-12,-0.010635,-123.1,si
2001-02-13,0.014614,169.1,si
2001-02-14,0.111593,1291.6,si
2001-02-15,0.113279,1311.1,si
2001-02-16,0.075534,874.2,si
2001-02-17,0.049271,570.3,si
2001-02-18,0.013479,156.0,si
2001-02-19,0.010782,124.8,si
2001-02-20,0.616296,7133.1,si
2001-02-21,1.325164,15337.6,si
2001-02-22,0.685805,7937.6,si
2001-02-23,0.189369,2191.8,si
2001-02-24,0.199215,2305.7,si
2001-02-25,0.125473,1452.2,si
2001-02-26,0.405907,4698.0,si
2001-02-27,0.189003,2187.5,si
2001-02-28,0.293076,3392.1,si
2001-03-01,0.153324,1774.6,si
2001-03-02,0.018132,209.9,si
2001-03-03,-0.072636,-840.7,si
2001-03-04,0.020631,238.8,si
2001-03-05,0.089167,1032.0,si
2001-03-06,0.008016,92.8,si
2001-03-07,0.046538,538.6,si
2001-03-08,0.033195,384.2,si
2001-03-09,-0.072591,-840.2,si
2001-03-10,0.009617,111.3,si
2001-03-11,-0.006453,-74.7,si
2001-03-12,0.099778,1154.8,si
2001-03-13,0.021099,244.2,si
2001-03-14,0.009246,107.0,si
2001-03-15,0.068393,791.6,si
2001-03-16,-0.089385,-1034.5,si
2001-03-17,-0.036032,-417.0,si
2001-03-18,0.072561,839.8,si
2001-03-19,0.179279,2075.0,si
2001-03-20,-0.099946,-1156.8,si
2001-03-21,0.295221,3416.9,si
2001-03-22,0.285787,3307.7,si
2001-03-23,0.024438,282.9,si
2001-03-24,-0.024378,-282.1,si
2001-03-25,-0.099383,-1150.3,si
2001-03-26,0.023752,274.9,si
2001-03-27,-0.059182,-685.0,si
2001-03-28,0.001844,21.3,si
2001-03-29,-0.064780,-749.8,si
2001-03-30,0.026109,302.2,si
2001-03-31,0.018512,214.3,si
2001-04-01,-0.051467,-595.7,si
2001-04-02,-0.780932,-9038.6,si
2001-04-03,-0.702612,-8132.1,si
2001-04-04,-0.602047,-6968.1,si
2001-04-05,-0.645943,-7476.2,si
2001-04-06,-0.682118,-7894.9,si
2001-04-07,-0.662446,-7667.2,si
2001-04-08,-0.632219,-7317.3,si
2001-04-09,-0.332495,-3848.3,si
2001-04-10,-0.786218,-9099.7,si
2001-04-11,-0.752989,-8715.1,si
2001-04-12,-0.723731,-8376.5,si
2001-04-13,-0.757699,-8769.7,si
2001-04-14,-0.747633,-8653.2,si
2001-04-15,-0.654752,-7578.1,si
2001-04-16,-0.625728,-7242.2,si
2001-04-17,-0.456628,-5285.1,si
2001-04-18,-0.637024,-7373.0,si
2001-04-19,-0.681960,-7893.1,si
2001-04-20,-0.664926,-7695.9,si
2001-04-21,-0.664575,-7691.8,si
2001-04-22,-0.448913,-5195.8,si
2001-04-23,-0.499752,-5784.2,si
2001-04-24,-0.724153,-8381.4,si
2001-04-25,-0.363577,-4208.1,si
2001-04-26,-0.601552,-6962.4,si
2001-04-27,-0.554605,-6419.0,si
2001-04-28,-0.572627,-6627.6,si
2001-04-29,-0.456312,-5281.4,si
2001-04-30,-0.636464,-7366.5,si
2001-05-01,-0.664551,-7691.6,si
2001-05-02,1.020020,11805.8,si
2001-05-03,0.828350,9587.4,si
2001-05-04,0.115826,1340.6,si
2001-05-05,0.108120,1251.4,si
2001-05-06,0.023118,267.6,si
2001-05-07,0.353909,4096.2,si
2001-05-08,1.052429,12180.9,si
2001-05-09,0.214830,2486.5,si
2001-05-10,0.118568,1372.3,si
2001-05-11,0.084351,976.3,si
2001-05-12,-0.003562,-41.2,si
2001-05-13,0.158624,1835.9,si
2001-05-14,0.768180,8891.0,si
2001-05-15,0.047592,550.8,si
2001-05-16,0.094649,1095.5,si
2001-05-17,0.161132,1864.9,si
2001-05-18,0.095467,1104.9,si
2001-05-19,0.117113,1355.5,si
2001-05-20,0.141190,1634.1,si
2001-05-21,-0.079005,-914.4,si
2001-05-22,-0.093975,-1087.7,si
2001-05-23,-0.078918,-913.4,si
2001-05-24,0.018321,212.0,si
2001-05-25,0.141608,1639.0,si
2001-05-26,-0.014573,-168.7,si
2001-05-27,0.035829,414.7,si
2001-05-28,0.137030,1586.0,si
2001-05-29,0.113419,1312.7,si
2001-05-30,-0.020449,-236.7,si
2001-05-31,0.002216,25.6,si
2001-06-01,-0.048089,-556.6,si
2001-06-02,-0.134999,-1562.5,si
2001-06-03,-0.205324,-2376.4,si
2001-06-04,-0.122321,-1415.8,si
2001-06-05,-0.159563,-1846.8,si
2001-06-06,-0.074973,-867.7,si
2001-06-07,-0.193126,-2235.3,si
2001-06-08,-0.117515,-1360.1,si
2001-06-09,-0.024320,-281.5,si
2001-06-10,0.248956,2881.4,si
2001-06-11,0.347698,4024.3,si
2001-06-12,-0.085507,-989.7,si
2001-06-13,-0.120404,-1393.6,si
2001-06-14,-0.176526,-2043.1,si
2001-06-15,-0.009151,-105.9,si
2001-06-16,-0.189751,-2196.2,si
2001-06-17,-0.008365,-96.8,si
2001-06-18,-0.079880,-924.5,si
2001-06-19,0.277272,3209.2,si
2001-06-20,0.633724,7334.8,si
2001-06-21,0.025919,300.0,si
2001-06-22,-0.037592,-435.1,si
2001-06-23,0.054237,627.7,si
2001-06-24,0.143481,1660.7,si
2001-06-25,0.258166,2988.0,si
2001-06-26,0.649520,7517.6,si
2001-06-27,0.090152,1043.4,si
2001-06-28,-0.035914,-415.7,si
2001-06-29,0.142214,1646.0,si
2001-06-30,0.464099,5371.5,si
2001-07-01,-0.038193,-442.0,si
2001-07-02,-0.159540,-1846.5,si
2001-07-03,-0.193674,-2241.6,si
2001-07-04,-0.187503,-2170.2,si
2001-07-05,-0.192536,-2228.4,si
2001-07-06,-0.060365,-698.7,si
2001-07-07,-0.265848,-3076.9,si
2001-07-08,-0.256941,-2973.8,si
2001-07-09,-0.246898,-2857.6,si
2001-07-10,-0.078692,-910.8,si
2001-07-11,-0.053292,-616.8,si
2001-07-12,-0.230987,-2673.5,si
2001-07-13,-0.172555,-1997.2,si
2001-07-14,0.361546,4184.6,si
2001-07-15,-0.190254,-2202.0,si
2001-07-16,-0.282232,-3266.6,si
2001-07-17,-0.290530,-3362.6,si
2001-07-18,-0.233346,-2700.8,si
2001-07-19,-0.230554,-2668.4,si
2001-07-20,-0.161924,-1874.1,si
2001-07-21,-0.059375,-687.2,si
2001-07-22,0.006392,74.0,si
2001-07-23,-0.201923,-2337.1,si
2001-07-24,-0.281501,-3258.1,si
2001-07-25,-0.266916,-3089.3,si
2001-07-26,-0.181686,-2102.8,si
2001-07-27,-0.173055,-2003.0,si
2001-07-28,0.018906,218.8,si
2001-07-29,-0.142082,-1644.5,si
2001-07-30,0.553770,6409.4,si
2001-07-31,-0.143003,-1655.1,si
2001-08-01,0.055443,641.7,si
2001-08-02,-0.294628,-3410.0,si
2001-08-03,0.551625,6384.6,si
2001-08-04,-0.156560,-1812.0,si
2001-08-05,-0.234560,-2714.8,si
2001-08-06,-0.099745,-1154.5,si
2001-08-07,0.039161,453.2,si
2001-08-08,0.059485,688.5,si
2001-08-09,-0.212209,-2456.1,si
2001-08-10,0.381971,4421.0,si
2001-08-11,0.114042,1319.9,si
2001-08-12,0.066414,768.7,si
2001-08-13,0.060623,701.7,si
2001-08-14,-0.208535,-2413.6,si
2001-08-15,-0.056381,-652.6,si
2001-08-16,-0.233490,-2702.4,si
2001-08-17,-0.418475,-4843.5,si
2001-08-18,-0.149745,-1733.2,si
2001-08-19,-0.245655,-2843.2,si
2001-08-20,-0.153589,-1777.7,si
2001-08-21,-0.016903,-195.6,si
2001-08-22,-0.179649,-2079.3,si
2001-08-23,-0.416540,-4821.1,si
2001-08-24,-0.342969,-3969.5,si
2001-08-25,-0.313009,-3622.8,si
2001-08-26,-0.177597,-2055.5,si
2001-08-27,-0.095732,-1108.0,si
2001-08-28,-0.122187,-1414.2,si
2001-08-29,-0.177725,-2057.0,si
2001-08-30,-0.376533,-4358.0,si
2001-08-31,-0.198345,-2295.7,si
2001-09-01,-0.245013,-2835.8,si
2001-09-02,0.012271,142.0,si
2001-09-03,-0.025699,-297.4,si
2001-09-04,0.498351,5767.9,si
2001-09-05,0.569978,6597.0,si
2001-09-06,0.060672,702.2,si
2001-09-07,0.021836,252.7,si
2001-09-08,-0.156249,-1808.4,si
2001-09-09,-0.150632,-1743.4,si
2001-09-10,-0.204107,-2362.4,si
2001-09-11,0.138527,1603.3,si
2001-09-12,0.220528,2552.4,si
2001-09-13,0.997636,11546.7,si
2001-09-14,0.157518,1823.1,si
2001-09-15,0.032980,381.7,si
2001-09-16,0.006616,76.6,si
2001-09-17,0.134281,1554.2,si
2001-09-18,-0.110916,-1283.7,si
2001-09-19,0.306144,3543.3,si
2001-09-20,0.213220,2467.8,si
2001-09-21,0.042525,492.2,si
2001-09-22,0.153406,1775.5,si
2001-09-23,-0.067475,-781.0,si
2001-09-24,-0.120047,-1389.4,si
2001-09-25,-0.153250,-1773.7,si
2001-09-26,0.072480,838.9,si
2001-09-27,0.376365,4356.1,si
2001-09-28,0.067864,785.5,si
2001-09-29,0.523581,6060.0,si
2001-09-30,0.016526,191.3,si
2001-10-01,-0.108605,-1257.0,si
2001-10-02,0.009791,113.3,si
2001-10-03,-0.096323,-1114.8,si
2001-10-04,-0.129758,-1501.8,si
2001-10-05,-0.121863,-1410.4,si
2001-10-06,-0.094556,-1094.4,si
2001-10-07,-0.175171,-2027.4,si
2001-10-08,-0.107455,-1243.7,si
2001-10-09,-0.178753,-2068.9,si
2001-10-10,0.008763,101.4,si
2001-10-11,-0.116633,-1349.9,si
2001-10-12,-0.085505,-989.6,si
2001-10-13,-0.154827,-1792.0,si
2001-10-14,0.111126,1286.2,si
2001-10-15,-0.193342,-2237.7,si
2001-10-16,0.059099,684.0,si
2001-10-17,0.109877,1271.7,si
2001-10-18,0.035528,411.2,si
2001-10-19,-0.133586,-1546.1,si
2001-10-20,-0.146004,-1689.9,si
2001-10-21,-0.137119,-1587.0,si
2001-10-22,-0.260254,-3012.2,si
2001-10-23,0.609616,7055.7,si
2001-10-24,-0.061013,-706.2,si
2001-10-25,-0.163193,-1888.8,si
2001-10-26,-0.089020,-1030.3,si
2001-10-27,-0.016138,-186.8,si
2001-10-28,0.497176,5754.3,si
2001-10-29,0.494802,5726.9,si
2001-10-30,0.274854,3181.2,si
2001-10-31,0.131610,1523.3,si
2001-11-01,0.114717,1327.7,si
2001-11-02,1.253917,14512.9,si
2001-11-03,0.408927,4732.9,si
2001-11-04,0.238423,2759.5,si
2001-11-05,0.124779,1444.2,si
2001-11-06,0.076659,887.3,si
2001-11-07,0.051732,598.7,si
2001-11-08,0.139838,1618.5,si
2001-11-09,-0.013948,-161.4,si
2001-11-10,-0.032674,-378.2,si
2001-11-11,-0.043257,-500.7,si
2001-11-12,0.094793,1097.1,si
2001-11-13,-0.026099,-302.1,si
2001-11-14,-0.058740,-679.9,si
2001-11-15,-0.103449,-1197.3,si
2001-11-16,-0.098233,-1137.0,si
2001-11-17,-0.113756,-1316.6,si
2001-11-18,0.002468,28.6,si
2001-11-19,-0.161805,-1872.7,si
2001-11-20,-0.113470,-1313.3,si
2001-11-21,-0.082650,-956.6,si
2001-11-22,-0.105657,-1222.9,si
2001-11-23,-0.041705,-482.7,si
2001-11-24,-0.052805,-611.2,si
2001-11-25,-0.134885,-1561.2,si
2001-11-26,1.099916,12730.5,si
2001-11-27,0.389206,4504.7,si
2001-11-28,0.405620,4694.7,si
2001-11-29,0.330134,3821.0,si
2001-11-30,0.064477,746.3,si
2001-12-01,0.022272,257.8,si
2001-12-02,0.348260,4030.8,si
2001-12-03,0.417896,4836.8,si
2001-12-04,0.167678,1940.7,si
2001-12-05,0.121699,1408.6,si
2001-12-06,0.100100,1158.6,si
2001-12-07,0.060604,701.4,si
2001-12-08,0.090019,1041.9,si
2001-12-09,0.092865,1074.8,si
2001-12-10,0.096892,1121.4,si
2001-12-11,0.101197,1171.3,si
2001-12-12,0.155955,1805.0,si
2001-12-13,0.592210,6854.3,si
2001-12-14,1.144318,13244.4,si
2001-12-15,0.312583,3617.9,si
2001-12-16,0.700111,8103.1,si
2001-12-17,0.266799,3088.0,si
2001-12-18,0.403988,4675.8,si
2001-12-19,0.251977,2916.4,si
2001-12-20,0.101829,1178.6,si
2001-12-21,0.114161,1321.3,si
2001-12-22,0.194691,2253.4,si
2001-12-23,0.088265,1021.6,si
2001-12-24,0.164691,1906.1,si
2001-12-25,0.069028,798.9,si
2001-12-26,0.734302,8498.9,si
2001-12-27,0.244075,2824.9,si
2001-12-28,0.172940,2001.6,si
2001-12-29,0.150389,1740.6,si
2001-12-30,0.090471,1047.1,si
2001-12-31,0.140030,1620.7,si
2002-01-01,0.086393,999.9,si
2002-01-02,0.109243,1264.4,si
2002-01-03,0.103392,1196.7,si
2002-01-04,0.074503,862.3,si
2002-01-05,0.046843,542.2,si
2002-01-06,0.061038,706.5,si
2002-01-07,0.092683,1072.7,si
2002-01-08,0.114858,1329.4,si
2002-01-09,0.085532,990.0,si
2002-01-10,0.380089,4399.2,si
2002-01-11,0.135687,1570.5,si
2002-01-12,0.086869,1005.4,si
2002-01-13,0.078293,906.2,si
2002-01-14,0.063601,736.1,si
2002-01-15,0.068308,790.6,si
2002-01-16,0.101043,1169.5,si
2002-01-17,0.095041,1100.0,si
2002-01-18,0.119978,1388.6,si
2002-01-19,0.060120,695.8,si
2002-01-20,0.140256,1623.3,si
2002-01-21,0.146016,1690.0,si
2002-01-22,0.046668,540.1,si
2002-01-23,0.148616,1720.1,si
2002-01-24,0.062416,722.4,si
2002-01-25,0.086085,996.4,si
2002-01-26,0.103870,1202.2,si
2002-01-27,0.055313,640.2,si
2002-01-28,0.084202,974.6,si
2002-01-29,0.050433,583.7,si
2002-01-30,0.067383,779.9,si
2002-01-31,0.098520,1140.3,si
2002-02-01,0.127400,1474.5,si
2002-02-02,0.170505,1973.4,si
2002-02-03,0.905486,10480.2,si
2002-02-04,0.255227,2954.0,si
2002-02-05,0.242464,2806.3,si
2002-02-06,0.376431,4356.8,si
2002-02-07,0.328642,3803.7,si
2002-02-08,0.247370,2863.1,si
2002-02-09,0.177397,2053.2,si
2002-02-10,0.222790,2578.6,si
2002-02-11,0.138461,1602.6,si
2002-02-12,0.099892,1156.2,si
2002-02-13,0.124337,1439.1,si
2002-02-14,0.220321,2550.0,si
2002-02-15,0.221365,2562.1,si
2002-02-16,0.182029,2106.8,si
2002-02-17,0.155077,1794.9,si
2002-02-18,0.118002,1365.8,si
2002-02-19,0.114912,1330.0,si
2002-02-20,0.126023,1458.6,si
2002-02-21,0.171997,1990.7,si
2002-02-22,0.178491,2065.9,si
2002-02-23,0.094913,1098.5,si
2002-02-24,0.138049,1597.8,si
2002-02-25,0.082936,959.9,si
2002-02-26,0.133472,1544.8,si
2002-02-27,0.157672,1824.9,si
2002-02-28,0.115889,1341.3,si
2002-03-01,0.140804,1629.7,si
2002-03-02,-0.031511,-364.7,si
2002-03-03,-0.115750,-1339.7,si
2002-03-04,-0.005209,-60.3,si
2002-03-05,-0.020171,-233.5,si
2002-03-06,-0.015743,-182.2,si
2002-03-07,0.018570,214.9,si
2002-03-08,0.018271,211.5,si
2002-03-09,-0.084679,-980.1,si
2002-03-10,0.001633,18.9,si
2002-03-11,-0.000144,-1.7,si
2002-03-12,0.130119,1506.0,si
2002-03-13,0.021764,251.9,si
2002-03-14,0.167816,1942.3,si
2002-03-15,-0.022359,-258.8,si
2002-03-16,-0.109961,-1272.7,si
2002-03-17,0.698997,8090.2,si
2002-03-18,0.084482,977.8,si
2002-03-19,-0.001631,-18.9,si
2002-03-20,0.135051,1563.1,si
2002-03-21,0.133909,1549.9,si
2002-03-22,0.039960,462.5,si
2002-03-23,-0.007257,-84.0,si
2002-03-24,-0.026703,-309.1,si
2002-03-25,-0.089196,-1032.4,si
2002-03-26,0.037501,434.0,si
2002-03-27,-0.044384,-513.7,si
2002-03-28,0.193047,2234.3,si
2002-03-29,0.162008,1875.1,si
2002-03-30,0.056322,651.9,si
2002-03-31,0.047787,553.1,si
2002-04-01,-0.019674,-227.7,si
2002-04-02,-0.082240,-951.9,si
2002-04-03,-0.002551,-29.5,si
2002-04-04,0.490096,5672.4,si
2002-04-05,0.069850,808.4,si
2002-04-06,0.501036,5799.0,si
2002-04-07,0.954943,11052.6,si
2002-04-08,0.648119,7501.4,si
2002-04-09,0.845282,9783.4,si
2002-04-10,0.236324,2735.2,si
2002-04-11,0.089051,1030.7,si
2002-04-12,0.376966,4363.0,si
2002-04-13,1.340860,15519.2,si
2002-04-14,0.395045,4572.3,si
2002-04-15,0.232109,2686.4,si
2002-04-16,0.229186,2652.6,si
2002-04-17,0.469561,5434.7,si
2002-04-18,0.248549,2876.7,si
2002-04-19,0.183237,2120.8,si
2002-04-20,0.178061,2060.9,si
2002-04-21,0.165464,1915.1,si
2002-04-22,0.201689,2334.4,si
2002-04-23,0.099557,1152.3,si
2002-04-24,0.735718,8515.3,si
2002-04-25,0.195218,2259.5,si
2002-04-26,0.353422,4090.5,si
2002-04-27,0.178488,2065.8,si
2002-04-28,0.252362,2920.9,si
2002-04-29,0.175274,2028.6,si
2002-04-30,0.127456,1475.2,si
2002-05-01,0.156063,1806.3,si
2002-05-02,-0.091461,-1058.6,si
2002-05-03,-0.227034,-2627.7,si
2002-05-04,-0.202458,-2343.3,si
2002-05-05,-0.126388,-1462.8,si
2002-05-06,-0.189480,-2193.1,si
2002-05-07,-0.135601,-1569.5,si
2002-05-08,-0.237035,-2743.5,si
2002-05-09,-0.157070,-1817.9,si
2002-05-10,-0.202118,-2339.3,si
2002-05-11,-0.167772,-1941.8,si
2002-05-12,0.385663,4463.7,si
2002-05-13,-0.072610,-840.4,si
2002-05-14,-0.158223,-1831.3,si
2002-05-15,-0.235597,-2726.8,si
2002-05-16,-0.067721,-783.8,si
2002-05-17,-0.069873,-808.7,si
2002-05-18,-0.156853,-1815.4,si
2002-05-19,-0.184877,-2139.8,si
2002-05-20,-0.218882,-2533.4,si
2002-05-21,-0.285873,-3308.7,si
2002-05-22,-0.252199,-2919.0,si
2002-05-23,-0.140689,-1628.3,si
2002-05-24,-0.223630,-2588.3,si
2002-05-25,-0.127262,-1472.9,si
2002-05-26,0.523647,6060.7,si
2002-05-27,0.095060,1100.2,si
2002-05-28,0.681637,7889.3,si
2002-05-29,0.163565,1893.1,si
2002-05-30,0.579292,6704.8,si
2002-05-31,0.926448,10722.8,si
2002-06-01,0.100210,1159.8,si
2002-06-02,0.149777,1733.5,si
2002-06-03,-0.171902,-1989.6,si
2002-06-04,-0.116844,-1352.4,si
2002-06-05,0.212497,2459.5,si
2002-06-06,-0.190308,-2202.6,si
2002-06-07,0.299605,3467.6,si
2002-06-08,0.216906,2510.5,si
2002-06-09,0.224764,2601.4,si
2002-06-10,0.129161,1494.9,si
2002-06-11,-0.100448,-1162.6,si
2002-06-12,-0.171000,-1979.2,si
2002-06-13,-0.288232,-3336.0,si
2002-06-14,-0.290950,-3367.5,si
2002-06-15,-0.289065,-3345.7,si
2002-06-16,-0.110838,-1282.8,si
2002-06-17,-0.295275,-3417.5,si
2002-06-18,-0.033056,-382.6,si
2002-06-19,-0.085541,-990.1,si
2002-06-20,-0.099688,-1153.8,si
2002-06-21,1.675583,19393.3,si
2002-06-22,1.015306,11751.2,si
2002-06-23,0.528536,6117.3,si
2002-06-24,0.754540,8733.1,si
2002-06-25,1.259712,14580.0,si
2002-06-26,0.749082,8669.9,si
2002-06-27,0.211517,2448.1,si
2002-06-28,0.267519,3096.3,si
2002-06-29,0.006041,69.9,si
2002-06-30,-0.095651,-1107.1,si
2002-07-01,0.062531,723.7,si
2002-07-02,0.003992,46.2,si
2002-07-03,-0.111939,-1295.6,si
2002-07-04,-0.193065,-2234.6,si
2002-07-05,0.037294,431.6,si
2002-07-06,-0.259896,-3008.1,si
2002-07-07,-0.226183,-2617.9,si
2002-07-08,-0.343267,-3973.0,si
2002-07-09,-0.311522,-3605.6,si
2002-07-10,-0.274795,-3180.5,si
2002-07-11,-0.086166,-997.3,si
2002-07-12,-0.257147,-2976.2,si
2002-07-13,-0.182415,-2111.3,si
2002-07-14,0.885215,10245.5,si
2002-07-15,-0.048167,-557.5,si
2002-07-16,-0.202147,-2339.7,si
2002-07-17,-0.118912,-1376.3,si
2002-07-18,0.033727,390.4,si
2002-07-19,-0.103420,-1197.0,si
2002-07-20,-0.207589,-2402.7,si
2002-07-21,-0.275142,-3184.5,si
2002-07-22,-0.370218,-4284.9,si
2002-07-23,-0.336666,-3896.6,si
2002-07-24,-0.207051,-2396.4,si
2002-07-25,-0.151049,-1748.3,si
2002-07-26,-0.118127,-1367.2,si
2002-07-27,0.772390,8939.7,si
2002-07-28,0.692272,8012.4,si
2002-07-29,0.186339,2156.7,si
2002-07-30,0.232607,2692.2,si
2002-07-31,0.553043,6401.0,si
2002-08-01,0.024591,284.6,si
2002-08-02,0.038823,449.3,si
2002-08-03,0.050368,583.0,si
2002-08-04,0.870181,10071.5,si
2002-08-05,0.186814,2162.2,si
2002-08-06,0.960554,11117.5,si
2002-08-07,0.432158,5001.8,si
2002-08-08,1.332767,15425.5,si
2002-08-09,0.947517,10966.6,si
2002-08-10,0.782786,9060.0,si
2002-08-11,0.404071,4676.7,si
2002-08-12,0.255424,2956.3,si
2002-08-13,0.072640,840.7,si
2002-08-14,1.023097,11841.4,si
2002-08-15,0.726328,8406.6,si
2002-08-16,0.438643,5076.9,si
2002-08-17,0.037960,439.4,si
2002-08-18,-0.103176,-1194.2,si
2002-08-19,-0.053749,-622.1,si
2002-08-20,0.000403,4.7,si
2002-08-21,-0.092094,-1065.9,si
2002-08-22,-0.154827,-1792.0,si
2002-08-23,-0.295464,-3419.7,si
2002-08-24,-0.244503,-2829.9,si
2002-08-25,-0.223779,-2590.0,si
2002-08-26,-0.196622,-2275.7,si
2002-08-27,-0.332430,-3847.6,si
2002-08-28,-0.356566,-4126.9,si
2002-08-29,-0.246871,-2857.3,si
2002-08-30,-0.277423,-3210.9,si
2002-08-31,-0.345506,-3998.9,si
2002-09-01,0.084536,978.4,si
2002-09-02,0.071816,831.2,si
2002-09-03,-0.015246,-176.5,si
2002-09-04,0.141584,1638.7,si
2002-09-05,-0.010383,-120.2,si
2002-09-06,-0.041123,-476.0,si
2002-09-07,-0.010104,-116.9,si
2002-09-08,0.079723,922.7,si
2002-09-09,-0.074703,-864.6,si
2002-09-10,-0.043288,-501.0,si
2002-09-11,-0.073961,-856.0,si
2002-09-12,-0.025932,-300.1,si
2002-09-13,-0.149645,-1732.0,si
2002-09-14,-0.149655,-1732.1,si
2002-09-15,0.027227,315.1,si
2002-09-16,0.699078,8091.2,si
2002-09-17,0.381936,4420.6,si
2002-09-18,0.779832,9025.8,si
2002-09-19,0.255606,2958.4,si
2002-09-20,0.084261,975.2,si
2002-09-21,0.098242,1137.1,si
2002-09-22,0.073470,850.3,si
2002-09-23,0.020100,232.6,si
2002-09-24,-0.001658,-19.2,si
2002-09-25,0.062444,722.7,si
2002-09-26,0.028693,332.1,si
2002-09-27,1.070989,12395.7,si
2002-09-28,0.260361,3013.4,si
2002-09-29,0.110487,1278.8,si
2002-09-30,0.099939,1156.7,si
2002-10-01,0.003105,35.9,si
2002-10-02,-0.021241,-245.8,si
2002-10-03,-0.084314,-975.9,si
2002-10-04,-0.089149,-1031.8,si
2002-10-05,0.247408,2863.5,si
2002-10-06,-0.008048,-93.1,si
2002-10-07,-0.071550,-828.1,si
2002-10-08,-0.014675,-169.9,si
2002-10-09,-0.072584,-840.1,si
2002-10-10,-0.096517,-1117.1,si
2002-10-11,-0.043559,-504.2,si
2002-10-12,0.048122,557.0,si
2002-10-13,-0.087256,-1009.9,si
2002-10-14,-0.104152,-1205.5,si
2002-10-15,-0.053971,-624.7,si
2002-10-16,-0.109267,-1264.7,si
2002-10-17,-0.117482,-1359.7,si
2002-10-18,-0.120387,-1393.4,si
2002-10-19,-0.051957,-601.4,si
2002-10-20,0.566393,6555.5,si
2002-10-21,-0.052944,-612.8,si
2002-10-22,-0.140295,-1623.8,si
2002-10-23,-0.001655,-19.2,si
2002-10-24,-0.052167,-603.8,si
2002-10-25,-0.151064,-1748.4,si
2002-10-26,0.842506,9751.2,si
2002-10-27,0.237948,2754.0,si
2002-10-28,0.644444,7458.8,si
2002-10-29,1.137887,13170.0,si
2002-10-30,0.567849,6572.3,si
2002-10-31,0.235275,2723.1,si
2002-11-01,0.107735,1246.9,si
2002-11-02,0.289463,3350.3,si
2002-11-03,0.195712,2265.2,si
2002-11-04,0.150319,1739.8,si
2002-11-05,0.553178,6402.5,si
2002-11-06,0.272731,3156.6,si
2002-11-07,0.621052,7188.1,si
2002-11-08,0.215719,2496.7,si
2002-11-09,0.139867,1618.8,si
2002-11-10,0.132124,1529.2,si
2002-11-11,0.091658,1060.9,si
2002-11-12,0.062681,725.5,si
2002-11-13,0.070190,812.4,si
2002-11-14,0.062784,726.7,si
2002-11-15,0.038050,440.4,si
2002-11-16,0.233643,2704.2,si
2002-11-17,0.030993,358.7,si
2002-11-18,0.064107,742.0,si
2002-11-19,-0.040849,-472.8,si
2002-11-20,0.007562,87.5,si
2002-11-21,0.034375,397.9,si
2002-11-22,0.003224,37.3,si
2002-11-23,0.076808,889.0,si
2002-11-24,0.130658,1512.2,si
2002-11-25,-0.009752,-112.9,si
2002-11-26,0.052425,606.8,si
2002-11-27,-0.013825,-160.0,si
2002-11-28,0.042780,495.1,si
2002-11-29,0.041793,483.7,si
2002-11-30,-0.027276,-315.7,si
2002-12-01,-0.029095,-336.7,si
2002-12-02,0.092662,1072.5,si
2002-12-03,0.018186,210.5,si
2002-12-04,0.064047,741.3,si
2002-12-05,0.039758,460.2,si
2002-12-06,0.031255,361.7,si
2002-12-07,0.011726,135.7,si
2002-12-08,0.089796,1039.3,si
2002-12-09,0.412514,4774.5,si
2002-12-10,0.086809,1004.7,si
2002-12-11,0.095496,1105.3,si
2002-12-12,0.152063,1760.0,si
2002-12-13,0.102556,1187.0,si
2002-12-14,0.113240,1310.6,si
2002-12-15,0.471972,5462.6,si
2002-12-16,0.307607,3560.3,si
2002-12-17,0.099214,1148.3,si
2002-12-18,0.250381,2897.9,si
2002-12-19,0.114760,1328.2,si
2002-12-20,0.230117,2663.4,si
2002-12-21,0.052328,605.7,si
2002-12-22,0.067883,785.7,si
2002-12-23,0.045333,524.7,si
2002-12-24,0.025809,298.7,si
2002-12-25,0.012915,149.5,si
2002-12-26,0.021344,247.0,si
2002-12-27,0.106685,1234.8,si
2002-12-28,0.077731,899.7,si
2002-12-29,0.076695,887.7,si
2002-12-30,0.027610,319.6,si
2002-12-31,0.086116,996.7,si
2003-01-01,0.040505,468.8,si
2003-01-02,0.036348,420.7,si
2003-01-03,0.035774,414.1,si
2003-01-04,0.011432,132.3,si
2003-01-05,-0.011299,-130.8,si
2003-01-06,0.007279,84.2,si
2003-01-07,0.024673,285.6,si
2003-01-08,0.068554,793.5,si
2003-01-09,0.042475,491.6,si
2003-01-10,0.076829,889.2,si
2003-01-11,0.058199,673.6,si
2003-01-12,0.039788,460.5,si
2003-01-13,0.033903,392.4,si
2003-01-14,0.022094,255.7,si
2003-01-15,0.028443,329.2,si
2003-01-16,0.062616,724.7,si
2003-01-17,0.058886,681.5,si
2003-01-18,0.084946,983.2,si
2003-01-19,0.033330,385.8,si
2003-01-20,0.106242,1229.7,si
2003-01-21,0.113753,1316.6,si
2003-01-22,0.015219,176.1,si
2003-01-23,0.002456,28.4,si
2003-01-24,0.031274,362.0,si
2003-01-25,0.056304,651.7,si
2003-01-26,0.075375,872.4,si
2003-01-27,-0.003020,-35.0,si
2003-01-28,0.020978,242.8,si
2003-01-29,0.024654,285.3,si
2003-01-30,0.041804,483.8,si
2003-01-31,0.073953,855.9,si
2003-02-01,0.103795,1201.3,si
2003-02-02,0.084793,981.4,si
2003-02-03,0.055436,641.6,si
2003-02-04,0.064998,752.3,si
2003-02-05,0.109033,1262.0,si
2003-02-06,0.119352,1381.4,si
2003-02-07,0.074214,859.0,si
2003-02-08,0.128836,1491.2,si
2003-02-09,0.062064,718.3,si
2003-02-10,0.109491,1267.3,si
2003-02-11,0.027924,323.2,si
2003-02-12,-0.008918,-103.2,si
2003-02-13,0.017034,197.2,si
2003-02-14,0.135399,1567.1,si
2003-02-15,0.117385,1358.6,si
2003-02-16,0.112394,1300.9,si
2003-02-17,0.054121,626.4,si
2003-02-18,0.018778,217.3,si
2003-02-19,0.016534,191.4,si
2003-02-20,0.028399,328.7,si
2003-02-21,0.075738,876.6,si
2003-02-22,0.082862,959.1,si
2003-02-23,0.000648,7.5,si
2003-02-24,0.044257,512.2,si
2003-02-25,0.257163,2976.4,si
2003-02-26,0.049321,570.8,si
2003-02-27,0.237979,2754.4,si
2003-02-28,0.029631,342.9,si
2003-03-01,0.061684,713.9,si
2003-03-02,-0.061158,-707.9,si
2003-03-03,-0.144574,-1673.3,si
2003-03-04,-0.043853,-507.6,si
2003-03-05,-0.048897,-565.9,si
2003-03-06,-0.044936,-520.1,si
2003-03-07,-0.010028,-116.1,si
2003-03-08,-0.010256,-118.7,si
2003-03-09,-0.112588,-1303.1,si
2003-03-10,-0.026301,-304.4,si
2003-03-11,-0.039084,-452.4,si
2003-03-12,0.070831,819.8,si
2003-03-13,0.306496,3547.4,si
2003-03-14,0.226801,2625.0,si
2003-03-15,0.498445,5769.0,si
2003-03-16,0.524613,6071.9,si
2003-03-17,0.715659,8283.1,si
2003-03-18,0.295822,3423.9,si
2003-03-19,0.478351,5536.5,si
2003-03-20,0.088445,1023.7,si
2003-03-21,1.552450,17968.2,si
2003-03-22,1.846675,21373.6,si
2003-03-23,0.591889,6850.6,si
2003-03-24,0.368382,4263.7,si
2003-03-25,0.208498,2413.2,si
2003-03-26,0.859588,9948.9,si
2003-03-27,0.510620,5909.9,si
2003-03-28,0.262621,3039.6,si
2003-03-29,0.150041,1736.6,si
2003-03-30,0.224825,2602.1,si
2003-03-31,0.187828,2173.9,si
2003-04-01,0.099269,1148.9,si
2003-04-02,-0.037843,-438.0,si
2003-04-03,0.029136,337.2,si
2003-04-04,0.106483,1232.4,si
2003-04-05,0.043346,501.7,si
2003-04-06,-0.009115,-105.5,si
2003-04-07,0.029658,343.3,si
2003-04-08,0.514121,5950.5,si
2003-04-09,0.060568,701.0,si
2003-04-10,0.398893,4616.8,si
2003-04-11,-0.001294,-15.0,si
2003-04-12,0.173211,2004.8,si
2003-04-13,0.018547,214.7,si
2003-04-14,0.033842,391.7,si
2003-04-15,0.142694,1651.6,si
2003-04-16,0.000648,7.5,si
2003-04-17,0.513942,5948.4,si
2003-04-18,0.107693,1246.5,si
2003-04-19,1.270603,14706.1,si
2003-04-20,0.258280,2989.3,si
2003-04-21,0.383285,4436.2,si
2003-04-22,0.181571,2101.5,si
2003-04-23,0.165856,1919.6,si
2003-04-24,0.207574,2402.5,si
2003-04-25,0.210950,2441.5,si
2003-04-26,0.107587,1245.2,si
2003-04-27,0.257923,2985.2,si
2003-04-28,0.019658,227.5,si
2003-04-29,0.102459,1185.9,si
2003-04-30,0.094819,1097.4,si
2003-05-01,0.136969,1585.3,si
2003-05-02,-0.136298,-1577.5,si
2003-05-03,0.284064,3287.8,si
2003-05-04,-0.111365,-1288.9,si
2003-05-05,-0.049760,-575.9,si
2003-05-06,-0.141021,-1632.2,si
2003-05-07,0.038479,445.4,si
2003-05-08,-0.186359,-2156.9,si
2003-05-09,0.134682,1558.8,si
2003-05-10,0.000944,10.9,si
2003-05-11,0.228572,2645.5,si
2003-05-12,0.025100,290.5,si
2003-05-13,0.108455,1255.3,si
2003-05-14,-0.116389,-1347.1,si
2003-05-15,0.070857,820.1,si
2003-05-16,0.154382,1786.8,si
2003-05-17,0.315932,3656.6,si
2003-05-18,0.118331,1369.6,si
2003-05-19,0.369058,4271.5,si
2003-05-20,0.190722,2207.4,si
2003-05-21,-0.129690,-1501.0,si
2003-05-22,-0.063654,-736.7,si
2003-05-23,-0.112024,-1296.6,si
2003-05-24,-0.006349,-73.5,si
2003-05-25,-0.005672,-65.6,si
2003-05-26,-0.122521,-1418.1,si
2003-05-27,-0.064360,-744.9,si
2003-05-28,-0.065418,-757.2,si
2003-05-29,-0.115704,-1339.2,si
2003-05-30,-0.085494,-989.5,si
2003-05-31,0.208916,2418.0,si
2003-06-01,-0.158197,-1831.0,si
2003-06-02,-0.400172,-4631.6,si
2003-06-03,-0.402048,-4653.3,si
2003-06-04,-0.423278,-4899.1,si
2003-06-05,-0.466133,-5395.1,si
2003-06-06,0.608823,7046.6,si
2003-06-07,-0.357771,-4140.9,si
2003-06-08,-0.348804,-4037.1,si
2003-06-09,-0.200846,-2324.6,si
2003-06-10,-0.316855,-3667.3,si
2003-06-11,-0.320562,-3710.2,si
2003-06-12,-0.408646,-4729.7,si
2003-06-13,-0.470454,-5445.1,si
2003-06-14,-0.424176,-4909.4,si
2003-06-15,-0.416726,-4823.2,si
2003-06-16,-0.121339,-1404.4,si
2003-06-17,0.514290,5952.4,si
2003-06-18,-0.065387,-756.8,si
2003-06-19,-0.046287,-535.7,si
2003-06-20,-0.280948,-3251.7,si
2003-06-21,0.059424,687.8,si
2003-06-22,-0.177382,-2053.0,si
2003-06-23,-0.316347,-3661.4,si
2003-06-24,-0.156682,-1813.4,si
2003-06-25,-0.039048,-451.9,si
2003-06-26,-0.262318,-3036.1,si
2003-06-27,-0.024890,-288.1,si
2003-06-28,-0.006826,-79.0,si
2003-06-29,-0.323953,-3749.5,si
2003-06-30,-0.167491,-1938.5,si
2003-07-01,-0.389580,-4509.0,si
2003-07-02,-0.421307,-4876.2,si
2003-07-03,-0.336902,-3899.3,si
2003-07-04,-0.337456,-3905.7,si
2003-07-05,-0.410480,-4750.9,si
2003-07-06,-0.469241,-5431.0,si
2003-07-07,-0.465500,-5387.7,si
2003-07-08,-0.248457,-2875.7,si
2003-07-09,-0.085160,-985.7,si
2003-07-10,0.262819,3041.9,si
2003-07-11,0.870866,10079.5,si
2003-07-12,0.212711,2461.9,si
2003-07-13,0.634173,7340.0,si
2003-07-14,-0.091537,-1059.5,si
2003-07-15,-0.161383,-1867.9,si
2003-07-16,0.543024,6285.0,si
2003-07-17,0.372734,4314.1,si
2003-07-18,-0.057755,-668.5,si
2003-07-19,0.084594,979.1,si
2003-07-20,0.179946,2082.7,si
2003-07-21,-0.075876,-878.2,si
2003-07-22,0.117932,1364.9,si
2003-07-23,-0.092049,-1065.4,si
2003-07-24,0.464512,5376.3,si
2003-07-25,0.476421,5514.1,si
2003-07-26,0.766846,8875.5,si
2003-07-27,0.049846,576.9,si
2003-07-28,-0.125395,-1451.3,si
2003-07-29,0.545788,6317.0,si
2003-07-30,0.583048,6748.2,si
2003-07-31,0.633517,7332.4,si
2003-08-01,0.074837,866.2,si
2003-08-02,0.276479,3200.0,si
2003-08-03,0.349955,4050.4,si
2003-08-04,0.051035,590.7,si
2003-08-05,-0.015471,-179.1,si
2003-08-06,0.021207,245.5,si
2003-08-07,0.000600,6.9,si
2003-08-08,-0.075439,-873.1,si
2003-08-09,0.028061,324.8,si
2003-08-10,-0.035759,-413.9,si
2003-08-11,-0.062605,-724.6,si
2003-08-12,-0.060049,-695.0,si
2003-08-13,-0.045902,-531.3,si
2003-08-14,-0.092502,-1070.6,si
2003-08-15,-0.144016,-1666.9,si
2003-08-16,-0.002174,-25.2,si
2003-08-17,-0.052995,-613.4,si
2003-08-18,-0.148147,-1714.7,si
2003-08-19,-0.177548,-2055.0,si
2003-08-20,-0.085160,-985.6,si
2003-08-21,-0.099366,-1150.1,si
2003-08-22,-0.056946,-659.1,si
2003-08-23,-0.212726,-2462.1,si
2003-08-24,-0.138625,-1604.5,si
2003-08-25,0.193358,2237.9,si
2003-08-26,-0.051133,-591.8,si
2003-08-27,-0.088954,-1029.6,si
2003-08-28,-0.038400,-444.4,si
2003-08-29,-0.001166,-13.5,si
2003-08-30,-0.030968,-358.4,si
2003-08-31,-0.083397,-965.2,si
2003-09-01,-0.100284,-1160.7,si
2003-09-02,-0.156931,-1816.3,si
2003-09-03,-0.233143,-2698.4,si
2003-09-04,-0.183504,-2123.9,si
2003-09-05,-0.167879,-1943.0,si
2003-09-06,-0.202264,-2341.0,si
2003-09-07,-0.300934,-3483.0,si
2003-09-08,-0.297013,-3437.6,si
2003-09-09,1.079104,12489.6,si
2003-09-10,0.886535,10260.8,si
2003-09-11,0.165414,1914.5,si
2003-09-12,0.399112,4619.4,si
2003-09-13,0.515828,5970.2,si
2003-09-14,0.303635,3514.3,si
2003-09-15,0.178285,2063.5,si
2003-09-16,0.103564,1198.7,si
2003-09-17,0.068363,791.2,si
2003-09-18,-0.086835,-1005.0,si
2003-09-19,-0.126516,-1464.3,si
2003-09-20,0.120823,1398.4,si
2003-09-21,-0.095481,-1105.1,si
2003-09-22,0.111904,1295.2,si
2003-09-23,-0.100423,-1162.3,si
2003-09-24,-0.032003,-370.4,si
2003-09-25,-0.198083,-2292.6,si
2003-09-26,0.351546,4068.8,si
2003-09-27,0.419476,4855.0,si
2003-09-28,-0.019233,-222.6,si
2003-09-29,-0.103669,-1199.9,si
2003-09-30,0.269888,3123.7,si
2003-10-01,-0.122446,-1417.2,si
2003-10-02,-0.213971,-2476.5,si
2003-10-03,-0.279579,-3235.9,si
2003-10-04,-0.030037,-347.7,si
2003-10-05,-0.189966,-2198.7,si
2003-10-06,0.039292,454.8,si
2003-10-07,-0.261805,-3030.1,si
2003-10-08,-0.001082,-12.5,si
2003-10-09,0.162962,1886.1,si
2003-10-10,0.849522,9832.4,si
2003-10-11,0.099758,1154.6,si
2003-10-12,0.286361,3314.4,si
2003-10-13,0.272851,3158.0,si
2003-10-14,0.114400,1324.1,si
2003-10-15,-0.180864,-2093.3,si
2003-10-16,0.584058,6759.9,si
2003-10-17,0.019505,225.8,si
2003-10-18,-0.102265,-1183.6,si
2003-10-19,-0.134808,-1560.3,si
2003-10-20,-0.023918,-276.8,si
2003-10-21,-0.215843,-2498.2,si
2003-10-22,-0.308453,-3570.1,si
2003-10-23,-0.259963,-3008.8,si
2003-10-24,0.155272,1797.1,si
2003-10-25,-0.186195,-2155.0,si
2003-10-26,-0.061877,-716.2,si
2003-10-27,1.136270,13151.3,si
2003-10-28,0.687467,7956.8,si
2003-10-29,0.836601,9682.9,si
2003-10-30,0.738220,8544.2,si
2003-10-31,0.225456,2609.4,si
2003-11-01,0.073402,849.6,si
2003-11-02,0.251508,2911.0,si
2003-11-03,0.240992,2789.3,si
2003-11-04,0.051745,598.9,si
2003-11-05,0.048437,560.6,si
2003-11-06,0.005165,59.8,si
2003-11-07,0.002337,27.1,si
2003-11-08,0.664672,7693.0,si
2003-11-09,1.673775,19372.4,si
2003-11-10,0.536891,6214.0,si
2003-11-11,0.398268,4609.6,si
2003-11-12,0.208353,2411.5,si
2003-11-13,0.116503,1348.4,si
2003-11-14,0.184980,2141.0,si
2003-11-15,0.006640,76.9,si
2003-11-16,-0.019844,-229.7,si
2003-11-17,-0.056384,-652.6,si
2003-11-18,-0.009977,-115.5,si
2003-11-19,0.185597,2148.1,si
2003-11-20,0.047754,552.7,si
2003-11-21,0.290511,3362.4,si
2003-11-22,-0.026098,-302.1,si
2003-11-23,0.180423,2088.2,si
2003-11-24,0.060317,698.1,si
2003-11-25,-0.081969,-948.7,si
2003-11-26,-0.028185,-326.2,si
2003-11-27,-0.069320,-802.3,si
2003-11-28,-0.003568,-41.3,si
2003-11-29,-0.006292,-72.8,si
2003-11-30,0.035782,414.1,si
2003-12-01,0.490061,5672.0,si
2003-12-02,1.001986,11597.1,si
2003-12-03,0.324826,3759.6,si
2003-12-04,0.378478,4380.5,si
2003-12-05,0.487485,5642.2,si
2003-12-06,0.220091,2547.3,si
2003-12-07,0.122891,1422.3,si
2003-12-08,0.116283,1345.9,si
2003-12-09,0.120524,1395.0,si
2003-12-10,0.115842,1340.8,si
2003-12-11,0.122009,1412.1,si
2003-12-12,0.171147,1980.9,si
2003-12-13,0.113108,1309.1,si
2003-12-14,0.115674,1338.8,si
2003-12-15,0.083850,970.5,si
2003-12-16,0.054895,635.4,si
2003-12-17,0.042596,493.0,si
2003-12-18,0.091749,1061.9,si
2003-12-19,0.001364,15.8,si
2003-12-20,0.002294,26.5,si
2003-12-21,0.002021,23.4,si
2003-12-22,0.144372,1671.0,si
2003-12-23,-0.007466,-86.4,si
2003-12-24,-0.026987,-312.3,si
2003-12-25,0.002181,25.2,si
2003-12-26,0.184914,2140.2,si
2003-12-27,0.158621,1835.9,si
2003-12-28,0.034369,397.8,si
2003-12-29,0.031482,364.4,si
2003-12-30,-0.016956,-196.2,si
2003-12-31,0.041222,477.1,si
2004-01-01,-0.004130,-47.8,si
2004-01-02,0.108455,1255.3,si
2004-01-03,0.046977,543.7,si
2004-01-04,0.021798,252.3,si
2004-01-05,-0.001738,-20.1,si
2004-01-06,0.016110,186.5,si
2004-01-07,0.033962,393.1,si
2004-01-08,0.077191,893.4,si
2004-01-09,0.050367,583.0,si
2004-01-10,0.098971,1145.5,si
2004-01-11,0.064751,749.4,si
2004-01-12,0.054503,630.8,si
2004-01-13,0.047957,555.1,si
2004-01-14,0.027762,321.3,si
2004-01-15,0.033493,387.6,si
2004-01-16,0.068241,789.8,si
2004-01-17,0.063885,739.4,si
2004-01-18,0.089387,1034.6,si
2004-01-19,0.029874,345.8,si
2004-01-20,0.167373,1937.2,si
2004-01-21,0.185327,2145.0,si
2004-01-22,0.017089,197.8,si
2004-01-23,0.003710,42.9,si
2004-01-24,0.033156,383.7,si
2004-01-25,0.057693,667.7,si
2004-01-26,0.076274,882.8,si
2004-01-27,-0.002844,-32.9,si
2004-01-28,0.021806,252.4,si
2004-01-29,0.024963,288.9,si
2004-01-30,0.041643,482.0,si
2004-01-31,0.073361,849.1,si
2004-02-01,0.103884,1202.4,si
2004-02-02,0.078286,906.1,si
2004-02-03,0.048360,559.7,si
2004-02-04,0.059644,690.3,si
2004-02-05,0.104383,1208.1,si
2004-02-06,0.116368,1346.9,si
2004-02-07,0.072717,841.6,si
2004-02-08,0.129037,1493.5,si
2004-02-09,0.062657,725.2,si
2004-02-10,0.111712,1293.0,si
2004-02-11,0.030501,353.0,si
2004-02-12,-0.004939,-57.2,si
2004-02-13,0.020658,239.1,si
2004-02-14,0.119444,1382.5,si
2004-02-15,0.121364,1404.7,si
2004-02-16,0.083496,966.4,si
2004-02-17,0.057171,661.7,si
2004-02-18,0.021360,247.2,si
2004-02-19,0.114533,1325.6,si
2004-02-20,0.200028,2315.1,si
2004-02-21,0.666142,7710.0,si
2004-02-22,0.131689,1524.2,si
2004-02-23,0.380075,4399.0,si
2004-02-24,0.359805,4164.4,si
2004-02-25,0.215386,2492.9,si
2004-02-26,0.093872,1086.5,si
2004-02-27,0.116618,1349.7,si
2004-02-28,0.076496,885.4,si
2004-02-29,0.127602,1476.9,si
2004-03-01,0.108735,1258.5,si
2004-03-02,-0.052931,-612.6,si
2004-03-03,0.046295,535.8,si
2004-03-04,0.039572,458.0,si
2004-03-05,0.041978,485.9,si
2004-03-06,0.113486,1313.5,si
2004-03-07,0.073901,855.3,si
2004-03-08,-0.030068,-348.0,si
2004-03-09,0.095448,1104.7,si
2004-03-10,0.354423,4102.1,si
2004-03-11,0.316173,3659.4,si
2004-03-12,0.084336,976.1,si
2004-03-13,0.072827,842.9,si
2004-03-14,0.042304,489.6,si
2004-03-15,-0.052776,-610.8,si
2004-03-16,0.031482,364.4,si
2004-03-17,0.036376,421.0,si
2004-03-18,0.019088,220.9,si
2004-03-19,-0.047771,-552.9,si
2004-03-20,-0.030047,-347.8,si
2004-03-21,-0.040358,-467.1,si
2004-03-22,0.011667,135.0,si
2004-03-23,0.110046,1273.7,si
2004-03-24,0.667624,7727.1,si
2004-03-25,0.202519,2344.0,si
2004-03-26,0.560003,6481.5,si
2004-03-27,0.477751,5529.5,si
2004-03-28,0.090487,1047.3,si
2004-03-29,0.198845,2301.4,si
2004-03-30,0.213266,2468.4,si
2004-03-31,0.178464,2065.6,si
2004-04-01,-0.013024,-150.7,si
2004-04-02,-0.121322,-1404.2,si
2004-04-03,0.176150,2038.8,si
2004-04-04,-0.088509,-1024.4,si
2004-04-05,-0.128082,-1482.4,si
2004-04-06,-0.120220,-1391.4,si
2004-04-07,-0.121041,-1400.9,si
2004-04-08,-0.190300,-2202.6,si
2004-04-09,-0.304913,-3529.1,si
2004-04-10,-0.062385,-722.1,si
2004-04-11,-0.071451,-827.0,si
2004-04-12,-0.264874,-3065.7,si
2004-04-13,-0.248348,-2874.4,si
2004-04-14,0.180339,2087.3,si
2004-04-15,1.201667,13908.2,si
2004-04-16,2.249080,26031.0,si
2004-04-17,0.511771,5923.3,si
2004-04-18,0.271850,3146.4,si
2004-04-19,0.211770,2451.0,si
2004-04-20,0.940145,10881.3,si
2004-04-21,1.271233,14713.3,si
2004-04-22,1.425558,16499.5,si
2004-04-23,0.944233,10928.6,si
2004-04-24,0.475303,5501.2,si
2004-04-25,0.305333,3533.9,si
2004-04-26,0.900868,10426.7,si
2004-04-27,1.446968,16747.3,si
2004-04-28,0.501718,5806.9,si
2004-04-29,0.266268,3081.8,si
2004-04-30,0.222837,2579.1,si
2004-05-01,0.630834,7301.3,si
2004-05-02,-0.919782,-10645.6,si
2004-05-03,-0.568510,-6580.0,si
2004-05-04,-0.111311,-1288.3,si
2004-05-05,-0.739706,-8561.4,si
2004-05-06,-0.729923,-8448.2,si
2004-05-07,-0.823031,-9525.8,si
2004-05-08,-0.894931,-10358.0,si
2004-05-09,-0.804260,-9308.6,si
2004-05-10,-0.710658,-8225.2,si
2004-05-11,-1.089777,-12613.2,si
2004-05-12,-1.077294,-12468.7,si
2004-05-13,-1.080789,-12509.1,si
2004-05-14,-1.059203,-12259.3,si
2004-05-15,-0.941540,-10897.5,si
2004-05-16,-0.437334,-5061.7,si
2004-05-17,-0.420705,-4869.3,si
2004-05-18,-0.507092,-5869.1,si
2004-05-19,0.668927,7742.2,si
2004-05-20,-0.605269,-7005.4,si
2004-05-21,-0.411252,-4759.9,si
2004-05-22,-0.586256,-6785.4,si
2004-05-23,-0.363808,-4210.7,si
2004-05-24,-0.315719,-3654.2,si
2004-05-25,-0.505525,-5851.0,si
2004-05-26,0.357794,4141.1,si
2004-05-27,-0.036002,-416.7,si
2004-05-28,-0.617614,-7148.3,si
2004-05-29,-0.651957,-7545.8,si
2004-05-30,-0.932638,-10794.4,si
2004-05-31,-0.775051,-8970.5,si
2004-06-01,-0.898639,-10400.9,si
2004-06-02,0.171325,1982.9,si
2004-06-03,0.211585,2448.9,si
2004-06-04,0.416344,4818.8,si
2004-06-05,0.207356,2400.0,si
2004-06-06,0.101304,1172.5,si
2004-06-07,0.136194,1576.3,si
2004-06-08,0.153398,1775.4,si
2004-06-09,0.072154,835.1,si
2004-06-10,0.091607,1060.3,si
2004-06-11,0.318041,3681.0,si
2004-06-12,0.629106,7281.3,si
2004-06-13,0.437823,5067.4,si
2004-06-14,0.479276,5547.2,si
2004-06-15,0.384567,4451.0,si
2004-06-16,1.278643,14799.1,si
2004-06-17,0.928324,10744.5,si
2004-06-18,0.525829,6086.0,si
2004-06-19,0.480571,5562.2,si
2004-06-20,0.507811,5877.4,si
2004-06-21,0.215331,2492.3,si
2004-06-22,0.404351,4680.0,si
2004-06-23,0.325423,3766.5,si
2004-06-24,0.163114,1887.9,si
2004-06-25,0.168022,1944.7,si
2004-06-26,0.066570,770.5,si
2004-06-27,0.045527,526.9,si
2004-06-28,0.670675,7762.4,si
2004-06-29,0.355944,4119.7,si
2004-06-30,0.102252,1183.5,si
2004-07-01,0.449098,5197.9,si
2004-07-02,-0.204231,-2363.8,si
2004-07-03,-0.193609,-2240.8,si
2004-07-04,-0.021381,-247.5,si
2004-07-05,0.271769,3145.5,si
2004-07-06,-0.044478,-514.8,si
2004-07-07,-0.183807,-2127.4,si
2004-07-08,-0.251490,-2910.8,si
2004-07-09,-0.257086,-2975.5,si
2004-07-10,-0.297409,-3442.2,si
2004-07-11,-0.246428,-2852.2,si
2004-07-12,-0.208264,-2410.5,si
2004-07-13,-0.380679,-4406.0,si
2004-07-14,-0.335489,-3883.0,si
2004-07-15,0.561623,6500.3,si
2004-07-16,-0.117358,-1358.3,si
2004-07-17,-0.184343,-2133.6,si
2004-07-18,-0.015186,-175.8,si
2004-07-19,-0.165801,-1919.0,si
2004-07-20,0.048026,555.9,si
2004-07-21,-0.063122,-730.6,si
2004-07-22,-0.274078,-3172.2,si
2004-07-23,-0.339720,-3931.9,si
2004-07-24,-0.283852,-3285.3,si
2004-07-25,-0.225899,-2614.6,si
2004-07-26,1.524400,17643.5,si
2004-07-27,0.349721,4047.7,si
2004-07-28,0.394677,4568.0,si
2004-07-29,1.052915,12186.5,si
2004-07-30,1.890843,21884.8,si
2004-07-31,1.245613,14416.8,si
2004-08-01,0.718109,8311.5,si
2004-08-02,0.303519,3513.0,si
2004-08-03,0.232546,2691.5,si
2004-08-04,0.120233,1391.6,si
2004-08-05,1.853820,21456.3,si
2004-08-06,0.744562,8617.6,si
2004-08-07,1.176930,13621.9,si
2004-08-08,1.110421,12852.1,si
2004-08-09,0.687892,7961.7,si
2004-08-10,1.083786,12543.8,si
2004-08-11,0.863018,9988.6,si
2004-08-12,0.530656,6141.9,si
2004-08-13,0.585496,6776.6,si
2004-08-14,0.579191,6703.6,si
2004-08-15,0.105516,1221.3,si
2004-08-16,-0.188478,-2181.5,si
2004-08-17,-0.125627,-1454.0,si
2004-08-18,0.117540,1360.4,si
2004-08-19,-0.084764,-981.1,si
2004-08-20,-0.071426,-826.7,si
2004-08-21,0.094482,1093.5,si
2004-08-22,-0.303819,-3516.4,si
2004-08-23,-0.379532,-4392.7,si
2004-08-24,-0.264957,-3066.6,si
2004-08-25,-0.460968,-5335.3,si
2004-08-26,-0.596954,-6909.2,si
2004-08-27,-0.446745,-5170.7,si
2004-08-28,-0.104668,-1211.4,si
2004-08-29,-0.180196,-2085.6,si
2004-08-30,-0.451991,-5231.4,si
2004-08-31,-0.210283,-2433.8,si
2004-09-01,-0.584221,-6761.8,si
2004-09-02,-0.323960,-3749.5,si
2004-09-03,-0.340545,-3941.5,si
2004-09-04,-0.013082,-151.4,si
2004-09-05,-0.319243,-3694.9,si
2004-09-06,-0.313251,-3625.6,si
2004-09-07,-0.374292,-4332.1,si
2004-09-08,-0.369153,-4272.6,si
2004-09-09,-0.404804,-4685.2,si
2004-09-10,0.229192,2652.7,si
2004-09-11,-0.022779,-263.7,si
2004-09-12,-0.275710,-3191.1,si
2004-09-13,-0.335605,-3884.3,si
2004-09-14,-0.302216,-3497.9,si
2004-09-15,-0.283228,-3278.1,si
2004-09-16,-0.391930,-4536.2,si
2004-09-17,-0.430095,-4977.9,si
2004-09-18,-0.052715,-610.1,si
2004-09-19,-0.392914,-4547.6,si
2004-09-20,1.256357,14541.2,si
2004-09-21,0.158852,1838.6,si
2004-09-22,-0.072144,-835.0,si
2004-09-23,-0.165129,-1911.2,si
2004-09-24,0.452513,5237.4,si
2004-09-25,-0.014254,-165.0,si
2004-09-26,1.137496,13165.5,si
2004-09-27,0.238218,2757.2,si
2004-09-28,0.024284,281.1,si
2004-09-29,-0.023305,-269.7,si
2004-09-30,-0.166304,-1924.8,si
2004-10-01,-0.195932,-2267.7,si
2004-10-02,-0.314502,-3640.1,si
2004-10-03,-0.311896,-3609.9,si
2004-10-04,-0.323489,-3744.1,si
2004-10-05,-0.322253,-3729.8,si
2004-10-06,-0.367882,-4257.9,si
2004-10-07,0.287927,3332.5,si
2004-10-08,0.478687,5540.4,si
2004-10-09,-0.094023,-1088.2,si
2004-10-10,-0.112621,-1303.5,si
2004-10-11,-0.071225,-824.4,si
2004-10-12,-0.202816,-2347.4,si
2004-10-13,-0.224149,-2594.3,si
2004-10-14,-0.251502,-2910.9,si
2004-10-15,-0.287945,-3332.7,si
2004-10-16,-0.189503,-2193.3,si
2004-10-17,0.158767,1837.6,si
2004-10-18,0.222717,2577.7,si
2004-10-19,-0.111265,-1287.8,si
2004-10-20,-0.154910,-1792.9,si
2004-10-21,0.385113,4457.3,si
2004-10-22,1.199668,13885.0,si
2004-10-23,0.609908,7059.1,si
2004-10-24,0.736233,8521.2,si
2004-10-25,0.326970,3784.4,si
2004-10-26,0.171592,1986.0,si
2004-10-27,-0.011960,-138.4,si
2004-10-28,0.044518,515.2,si
2004-10-29,0.294195,3405.0,si
2004-10-30,0.567536,6568.7,si
2004-10-31,0.024696,285.8,si
2004-11-01,-0.085949,-994.8,si
2004-11-02,0.189433,2192.5,si
2004-11-03,-0.004926,-57.0,si
2004-11-04,0.397797,4604.1,si
2004-11-05,0.229260,2653.5,si
2004-11-06,1.716646,19868.6,si
2004-11-07,1.126481,13038.0,si
2004-11-08,0.508515,5885.6,si
2004-11-09,0.348931,4038.6,si
2004-11-10,0.251373,2909.4,si
2004-11-11,0.219594,2541.6,si
2004-11-12,0.142110,1644.8,si
2004-11-13,0.088193,1020.8,si
2004-11-14,0.037770,437.1,si
2004-11-15,0.475957,5508.8,si
2004-11-16,0.153588,1777.6,si
2004-11-17,0.130697,1512.7,si
2004-11-18,-0.021832,-252.7,si
2004-11-19,0.039584,458.1,si
2004-11-20,0.305467,3535.5,si
2004-11-21,0.059984,694.3,si
2004-11-22,0.080564,932.5,si
2004-11-23,0.135717,1570.8,si
2004-11-24,-0.008769,-101.5,si
2004-11-25,0.112942,1307.2,si
2004-11-26,-0.012411,-143.7,si
2004-11-27,0.034039,394.0,si
2004-11-28,0.239370,2770.5,si
2004-11-29,-0.024855,-287.7,si
2004-11-30,-0.011512,-133.2,si
2004-12-01,0.030629,354.5,si
2004-12-02,-0.042586,-492.9,si
2004-12-03,-0.022662,-262.3,si
2004-12-04,-0.077321,-894.9,si
2004-12-05,0.002532,29.3,si
2004-12-06,0.002161,25.0,si
2004-12-07,0.018068,209.1,si
2004-12-08,0.038341,443.8,si
2004-12-09,0.047135,545.5,si
2004-12-10,0.064438,745.8,si
2004-12-11,0.230942,2672.9,si
2004-12-12,0.202558,2344.4,si
2004-12-13,0.082309,952.7,si
2004-12-14,0.056624,655.4,si
2004-12-15,0.023405,270.9,si
2004-12-16,0.022945,265.6,si
2004-12-17,0.076300,883.1,si
2004-12-18,-0.013995,-162.0,si
2004-12-19,-0.040601,-469.9,si
2004-12-20,-0.011187,-129.5,si
2004-12-21,0.009608,111.2,si
2004-12-22,-0.010770,-124.7,si
2004-12-23,-0.027290,-315.9,si
2004-12-24,-0.039666,-459.1,si
2004-12-25,0.256731,2971.4,si
2004-12-26,0.082233,951.8,si
2004-12-27,0.047055,544.6,si
2004-12-28,0.044900,519.7,si
2004-12-29,0.038135,441.4,si
2004-12-30,0.055019,636.8,si
2004-12-31,0.052278,605.1,si
2005-01-01,0.007608,88.1,si
2005-01-02,-0.069359,-802.8,si
2005-01-03,-0.070421,-815.1,si
2005-01-04,-0.094570,-1094.6,si
2005-01-05,-0.117888,-1364.4,si
2005-01-06,-0.099772,-1154.8,si
2005-01-07,-0.082046,-949.6,si
2005-01-08,-0.036342,-420.6,si
2005-01-09,-0.063047,-729.7,si
2005-01-10,-0.031327,-362.6,si
2005-01-11,-0.049766,-576.0,si
2005-01-12,-0.068797,-796.3,si
2005-01-13,-0.074438,-861.6,si
2005-01-14,0.518263,5998.4,si
2005-01-15,0.944031,10926.3,si
2005-01-16,0.220887,2556.6,si
2005-01-17,0.243908,2823.0,si
2005-01-18,0.122221,1414.6,si
2005-01-19,0.045395,525.4,si
2005-01-20,0.111611,1291.8,si
2005-01-21,0.115203,1333.4,si
2005-01-22,0.018211,210.8,si
2005-01-23,0.013651,158.0,si
2005-01-24,0.040668,470.7,si
2005-01-25,0.017586,203.5,si
2005-01-26,0.028997,335.6,si
2005-01-27,-0.053445,-618.6,si
2005-01-28,-0.034238,-396.3,si
2005-01-29,-0.034984,-404.9,si
2005-01-30,-0.020928,-242.2,si
2005-01-31,0.007652,88.6,si
2005-02-01,0.036005,416.7,si
2005-02-02,-0.059999,-694.4,si
2005-02-03,-0.092376,-1069.2,si
2005-02-04,-0.084544,-978.5,si
2005-02-05,0.080213,928.4,si
2005-02-06,-0.007920,-91.7,si
2005-02-07,-0.074738,-865.0,si
2005-02-08,-0.017524,-202.8,si
2005-02-09,0.051301,593.8,si
2005-02-10,0.746420,8639.1,si
2005-02-11,0.928101,10741.9,si
2005-02-12,0.141144,1633.6,si
2005-02-13,0.042736,494.6,si
2005-02-14,0.110062,1273.9,si
2005-02-15,0.091031,1053.6,si
2005-02-16,0.202574,2344.6,si
2005-02-17,0.004371,50.6,si
2005-02-18,-0.050034,-579.1,si
2005-02-19,-0.062808,-726.9,si
2005-02-20,-0.058802,-680.6,si
2005-02-21,-0.019234,-222.6,si
2005-02-22,-0.017937,-207.6,si
2005-02-23,-0.105613,-1222.4,si
2005-02-24,-0.067426,-780.4,si
2005-02-25,-0.126812,-1467.7,si
2005-02-26,-0.078404,-907.5,si
2005-02-27,-0.058428,-676.2,si
2005-02-28,0.011553,133.7,si
2005-03-01,-0.080132,-927.5,si
2005-03-02,-0.210882,-2440.8,si
2005-03-03,-0.277692,-3214.0,si
2005-03-04,-0.211632,-2449.4,si
2005-03-05,-0.219122,-2536.1,si
2005-03-06,-0.104970,-1214.9,si
2005-03-07,-0.172880,-2000.9,si
2005-03-08,-0.187748,-2173.0,si
2005-03-09,-0.292448,-3384.8,si
2005-03-10,-0.207413,-2400.6,si
2005-03-11,-0.221879,-2568.0,si
2005-03-12,-0.112877,-1306.4,si
2005-03-13,-0.198145,-2293.3,si
2005-03-14,-0.203067,-2350.3,si
2005-03-15,-0.238476,-2760.1,si
2005-03-16,-0.329537,-3814.1,si
2005-03-17,-0.245816,-2845.1,si
2005-03-18,-0.240806,-2787.1,si
2005-03-19,-0.258872,-2996.2,si
2005-03-20,-0.327452,-3790.0,si
2005-03-21,-0.310403,-3592.6,si
2005-03-22,-0.312305,-3614.6,si
2005-03-23,0.087581,1013.7,si
2005-03-24,-0.245006,-2835.7,si
2005-03-25,-0.326752,-3781.9,si
2005-03-26,-0.183004,-2118.1,si
2005-03-27,-0.284171,-3289.0,si
2005-03-28,-0.303135,-3508.5,si
2005-03-29,-0.298714,-3457.3,si
2005-03-30,-0.066031,-764.2,si
2005-03-31,-0.198164,-2293.6,si
2005-04-01,-0.206333,-2388.1,si
2005-04-02,0.266071,3079.5,si
2005-04-03,-0.007122,-82.4,si
2005-04-04,0.326064,3773.9,si
2005-04-05,-0.060113,-695.8,si
2005-04-06,-0.095394,-1104.1,si
2005-04-07,-0.097956,-1133.7,si
2005-04-08,0.128020,1481.7,si
2005-04-09,-0.134381,-1555.3,si
2005-04-10,0.115619,1338.2,si
2005-04-11,-0.150939,-1747.0,si
2005-04-12,-0.050187,-580.9,si
2005-04-13,-0.067609,-782.5,si
2005-04-14,0.011650,134.8,si
2005-04-15,0.026611,308.0,si
2005-04-16,0.122603,1419.0,si
2005-04-17,-0.064796,-750.0,si
2005-04-18,-0.071167,-823.7,si
2005-04-19,-0.121146,-1402.2,si
2005-04-20,0.053595,620.3,si
2005-04-21,0.601876,6966.2,si
2005-04-22,0.122503,1417.9,si
2005-04-23,0.081454,942.8,si
2005-04-24,0.317356,3673.1,si
2005-04-25,1.080485,12505.6,si
2005-04-26,0.144043,1667.2,si
2005-04-27,0.089513,1036.0,si
2005-04-28,0.001979,22.9,si
2005-04-29,0.051398,594.9,si
2005-04-30,0.765876,8864.3,si
2005-05-01,0.302609,3502.4,si
2005-05-02,0.911354,10548.1,si
2005-05-03,0.314494,3640.0,si
2005-05-04,0.666109,7709.6,si
2005-05-05,0.913622,10574.3,si
2005-05-06,0.364925,4223.7,si
2005-05-07,0.302448,3500.6,si
2005-05-08,0.381778,4418.7,si
2005-05-09,0.665339,7700.7,si
2005-05-10,0.392332,4540.9,si
2005-05-11,0.296106,3427.2,si
2005-05-12,0.569588,6592.5,si
2005-05-13,0.268394,3106.4,si
2005-05-14,0.623917,7221.3,si
2005-05-15,0.218735,2531.7,si
2005-05-16,0.297336,3441.4,si
2005-05-17,0.304137,3520.1,si
2005-05-18,0.253893,2938.6,si
2005-05-19,0.873145,10105.8,si
2005-05-20,1.229881,14234.7,si
2005-05-21,0.527391,6104.1,si
2005-05-22,0.281578,3259.0,si
2005-05-23,0.258059,2986.8,si
2005-05-24,0.382846,4431.1,si
2005-05-25,0.342060,3959.0,si
2005-05-26,0.268158,3103.7,si
2005-05-27,0.311771,3608.5,si
2005-05-28,0.264605,3062.6,si
2005-05-29,0.235399,2724.5,si
2005-05-30,0.233348,2700.8,si
2005-05-31,0.167204,1935.2,si
2005-06-01,0.154589,1789.2,si
2005-06-02,-0.170789,-1976.7,si
2005-06-03,-0.162030,-1875.3,si
2005-06-04,-0.104060,-1204.4,si
2005-06-05,0.080165,927.8,si
2005-06-06,0.905597,10481.4,si
2005-06-07,-0.011741,-135.9,si
2005-06-08,-0.010575,-122.4,si
2005-06-09,-0.047866,-554.0,si
2005-06-10,-0.084315,-975.9,si
2005-06-11,-0.045063,-521.6,si
2005-06-12,-0.050556,-585.1,si
2005-06-13,-0.140522,-1626.4,si
2005-06-14,0.138688,1605.2,si
2005-06-15,-0.100601,-1164.4,si
2005-06-16,-0.067655,-783.0,si
2005-06-17,-0.047834,-553.6,si
2005-06-18,0.074860,866.4,si
2005-06-19,-0.131141,-1517.8,si
2005-06-20,-0.106623,-1234.1,si
2005-06-21,-0.121745,-1409.1,si
2005-06-22,-0.149190,-1726.7,si
2005-06-23,0.136544,1580.4,si
2005-06-24,-0.149863,-1734.5,si
2005-06-25,-0.136614,-1581.2,si
2005-06-26,-0.093044,-1076.9,si
2005-06-27,-0.175329,-2029.3,si
2005-06-28,-0.148190,-1715.2,si
2005-06-29,0.720987,8344.8,si
2005-06-30,0.909760,10529.6,si
2005-07-01,0.045944,531.8,si
2005-07-02,0.002338,27.1,si
2005-07-03,-0.007028,-81.3,si
2005-07-04,0.044592,516.1,si
2005-07-05,-0.048588,-562.4,si
2005-07-06,0.194180,2247.5,si
2005-07-07,0.999491,11568.2,si
2005-07-08,0.089700,1038.2,si
2005-07-09,0.057457,665.0,si
2005-07-10,-0.000920,-10.7,si
2005-07-11,-0.039288,-454.7,si
2005-07-12,-0.059904,-693.3,si
2005-07-13,-0.012043,-139.4,si
2005-07-14,-0.052420,-606.7,si
2005-07-15,-0.123669,-1431.4,si
2005-07-16,-0.167105,-1934.1,si
2005-07-17,-0.140781,-1629.4,si
2005-07-18,0.715339,8279.4,si
2005-07-19,-0.016488,-190.8,si
2005-07-20,-0.040429,-467.9,si
2005-07-21,-0.005132,-59.4,si
2005-07-22,-0.151941,-1758.6,si
2005-07-23,-0.145360,-1682.4,si
2005-07-24,-0.177990,-2060.1,si
2005-07-25,-0.148810,-1722.3,si
2005-07-26,-0.035943,-416.0,si
2005-07-27,-0.176480,-2042.6,si
2005-07-28,0.117491,1359.9,si
2005-07-29,0.216445,2505.2,si
2005-07-30,-0.111976,-1296.0,si
2005-07-31,-0.165850,-1919.6,si
2005-08-01,,,no
2005-08-02,,,no
2005-08-03,,,no
2005-08-04,,,no
2005-08-05,,,no
2005-08-06,,,no
2005-08-07,,,no
2005-08-08,,,no
2005-08-09,,,no
2005-08-10,,,no
2005-08-11,,,no
2005-08-12,,,no
2005-08-13,,,no
2005-08-14,,,no
2005-08-15,,,no
2005-08-16,,,no
2005-08-17,,,no
2005-08-18,,,no
2005-08-19,,,no
2005-08-20,,,no
2005-08-21,,,no
2005-08-22,,,no
2005-08-23,,,no
2005-08-24,,,no
2005-08-25,,,no
2005-08-26,,,no
2005-08-27,,,no
2005-08-28,,,no
2005-08-29,,,no
2005-08-30,,,no
2005-08-31,,,no
2005-09-01,,,no
2005-09-02,,,no
2005-09-03,,,no
2005-09-04,,,no
2005-09-05,,,no
2005-09-06,,,no
2005-09-07,,,no
2005-09-08,,,no
2005-09-09,,,no
2005-09-10,,,no
2005-09-11,,,no
2005-09-12,,,no
2005-09-13,,,no
2005-09-14,,,no
2005-09-15,,,no
2005-09-16,,,no
2005-09-17,,,no
2005-09-18,,,no
2005-09-19,,,no
2005-09-20,,,no
2005-09-21,,,no
2005-09-22,,,no
2005-09-23,,,no
2005-09-24,,,no
2005-09-25,,,no
2005-09-26,,,no
2005-09-27,,,no
2005-09-28,,,no
2005-09-29,,,no
2005-09-30,,,no
2005-10-01,,,no
2005-10-02,,,no
2005-10-03,,,no
2005-10-04,,,no
2005-10-05,,,no
2005-10-06,,,no
2005-10-07,,,no
2005-10-08,,,no
2005-10-09,,,no
2005-10-10,,,no
2005-10-11,,,no
2005-10-12,,,no
2005-10-13,,,no
2005-10-14,,,no
2005-10-15,,,no
2005-10-16,,,no
2005-10-17,,,no
2005-10-18,,,no
2005-10-19,,,no
2005-10-20,,,no
2005-10-21,,,no
2005-10-22,,,no
2005-10-23,,,no
2005-10-24,,,no
2005-10-25,,,no
2005-10-26,,,no
2005-10-27,,,no
2005-10-28,,,no
2005-10-29,,,no
2005-10-30,,,no
2005-10-31,,,no
2005-11-01,-0.488521,-5654.2,si
2005-11-02,-0.227586,-2634.1,si
2005-11-03,-0.236344,-2735.5,si
2005-11-04,-0.261780,-3029.9,si
2005-11-05,-0.295940,-3425.2,si
2005-11-06,-0.260831,-3018.9,si
2005-11-07,0.300866,3482.2,si
2005-11-08,-0.228341,-2642.8,si
2005-11-09,0.105885,1225.5,si
2005-11-10,-0.256799,-2972.2,si
2005-11-11,-0.053975,-624.7,si
2005-11-12,0.096158,1112.9,si
2005-11-13,-0.234485,-2713.9,si
2005-11-14,0.003019,34.9,si
2005-11-15,-0.263650,-3051.5,si
2005-11-16,-0.257327,-2978.3,si
2005-11-17,-0.272714,-3156.4,si
2005-11-18,-0.210631,-2437.9,si
2005-11-19,-0.077468,-896.6,si
2005-11-20,0.687341,7955.3,si
2005-11-21,0.492981,5705.8,si
2005-11-22,0.147921,1712.1,si
2005-11-23,0.198967,2302.9,si
2005-11-24,-0.092244,-1067.6,si
2005-11-25,-0.168829,-1954.0,si
2005-11-26,-0.113911,-1318.4,si
2005-11-27,-0.170977,-1978.9,si
2005-11-28,-0.131228,-1518.8,si
2005-11-29,-0.122207,-1414.4,si
2005-11-30,-0.195400,-2261.6,si
2005-12-01,-0.202229,-2340.6,si
2005-12-02,0.120012,1389.0,si
2005-12-03,0.037998,439.8,si
2005-12-04,0.082611,956.1,si
2005-12-05,0.285400,3303.2,si
2005-12-06,0.268115,3103.2,si
2005-12-07,0.301427,3488.7,si
2005-12-08,0.110138,1274.7,si
2005-12-09,0.069954,809.7,si
2005-12-10,0.139377,1613.2,si
2005-12-11,0.108352,1254.1,si
2005-12-12,0.153605,1777.8,si
2005-12-13,0.102561,1187.0,si
2005-12-14,0.111523,1290.8,si
2005-12-15,0.103505,1198.0,si
2005-12-16,0.051723,598.6,si
2005-12-17,0.051097,591.4,si
2005-12-18,0.102858,1190.5,si
2005-12-19,0.013964,161.6,si
2005-12-20,-0.013789,-159.6,si
2005-12-21,0.015460,178.9,si
2005-12-22,0.035567,411.7,si
2005-12-23,0.016080,186.1,si
2005-12-24,-0.001689,-19.6,si
2005-12-25,-0.013943,-161.4,si
2005-12-26,-0.003199,-37.0,si
2005-12-27,0.084584,979.0,si
2005-12-28,0.057591,666.6,si
2005-12-29,0.057564,666.3,si
2005-12-30,0.010223,118.3,si
2005-12-31,0.069905,809.1,si
2006-01-01,0.025460,294.7,si
2006-01-02,-0.026081,-301.9,si
2006-01-03,0.104027,1204.0,si
2006-01-04,0.097558,1129.1,si
2006-01-05,0.425379,4923.4,si
2006-01-06,0.241345,2793.3,si
2006-01-07,0.073442,850.0,si
2006-01-08,0.132612,1534.9,si
2006-01-09,0.002089,24.2,si
2006-01-10,0.035772,414.0,si
2006-01-11,0.150812,1745.5,si
2006-01-12,-0.001905,-22.1,si
2006-01-13,-0.008481,-98.2,si
2006-01-14,-0.020981,-242.8,si
2006-01-15,0.151450,1752.9,si
2006-01-16,0.019430,224.9,si
2006-01-17,0.015069,174.4,si
2006-01-18,0.040629,470.2,si
2006-01-19,-0.017950,-207.8,si
2006-01-20,0.062772,726.5,si
2006-01-21,0.069754,807.3,si
2006-01-22,-0.028602,-331.0,si
2006-01-23,-0.040861,-472.9,si
2006-01-24,-0.011292,-130.7,si
2006-01-25,0.019502,225.7,si
2006-01-26,0.044327,513.0,si
2006-01-27,-0.036960,-427.8,si
2006-01-28,0.018185,210.5,si
2006-01-29,-0.015436,-178.7,si
2006-01-30,0.032834,380.0,si
2006-01-31,0.034335,397.4,si
2006-02-01,0.063864,739.2,si
2006-02-02,0.018465,213.7,si
2006-02-03,-0.011367,-131.6,si
2006-02-04,-0.002154,-24.9,si
2006-02-05,0.041635,481.9,si
2006-02-06,0.049357,571.3,si
2006-02-07,0.337087,3901.5,si
2006-02-08,0.068455,792.3,si
2006-02-09,-0.002956,-34.2,si
2006-02-10,0.043624,504.9,si
2006-02-11,-0.037573,-434.9,si
2006-02-12,-0.073879,-855.1,si
2006-02-13,-0.047172,-546.0,si
2006-02-14,0.051876,600.4,si
2006-02-15,0.049266,570.2,si
2006-02-16,0.018014,208.5,si
2006-02-17,-0.006206,-71.8,si
2006-02-18,-0.042067,-486.9,si
2006-02-19,0.348420,4032.6,si
2006-02-20,-0.020457,-236.8,si
2006-02-21,0.023788,275.3,si
2006-02-22,0.030796,356.4,si
2006-02-23,-0.051216,-592.8,si
2006-02-24,-0.007987,-92.4,si
2006-02-25,-0.063939,-740.0,si
2006-02-26,-0.012656,-146.5,si
2006-02-27,0.010995,127.3,si
2006-02-28,-0.029808,-345.0,si
2006-03-01,-0.003285,-38.0,si
2006-03-02,-0.148264,-1716.0,si
2006-03-03,-0.225113,-2605.5,si
2006-03-04,-0.139151,-1610.5,si
2006-03-05,-0.135753,-1571.2,si
2006-03-06,-0.046658,-540.0,si
2006-03-07,-0.066918,-774.5,si
2006-03-08,0.319376,3696.5,si
2006-03-09,-0.186835,-2162.4,si
2006-03-10,-0.113613,-1315.0,si
2006-03-11,-0.113899,-1318.3,si
2006-03-12,0.046181,534.5,si
2006-03-13,-0.015578,-180.3,si
2006-03-14,-0.053365,-617.6,si
2006-03-15,-0.130202,-1507.0,si
2006-03-16,-0.175662,-2033.1,si
2006-03-17,1.270357,14703.2,si
2006-03-18,0.835250,9667.2,si
2006-03-19,0.024043,278.3,si
2006-03-20,0.107206,1240.8,si
2006-03-21,-0.090618,-1048.8,si
2006-03-22,0.021383,247.5,si
2006-03-23,0.213106,2466.5,si
2006-03-24,0.039109,452.6,si
2006-03-25,0.215859,2498.4,si
2006-03-26,0.022334,258.5,si
2006-03-27,-0.043542,-504.0,si
2006-03-28,-0.123201,-1425.9,si
2006-03-29,-0.129910,-1503.6,si
2006-03-30,-0.026165,-302.8,si
2006-03-31,-0.025375,-293.7,si
2006-04-01,-0.094823,-1097.5,si
2006-04-02,-0.359620,-4162.3,si
2006-04-03,-0.296119,-3427.3,si
2006-04-04,-0.192138,-2223.8,si
2006-04-05,0.803294,9297.4,si
2006-04-06,-0.017883,-207.0,si
2006-04-07,-0.115011,-1331.1,si
2006-04-08,-0.126598,-1465.3,si
2006-04-09,-0.251733,-2913.6,si
2006-04-10,0.434510,5029.1,si
2006-04-11,0.205304,2376.2,si
2006-04-12,0.313175,3624.7,si
2006-04-13,0.372793,4314.7,si
2006-04-14,0.278351,3221.7,si
2006-04-15,0.078795,912.0,si
2006-04-16,-0.072323,-837.1,si
2006-04-17,0.113996,1319.4,si
2006-04-18,-0.103408,-1196.9,si
2006-04-19,1.729080,20012.5,si
2006-04-20,0.142865,1653.5,si
2006-04-21,0.031431,363.8,si
2006-04-22,0.103776,1201.1,si
2006-04-23,-0.074890,-866.8,si
2006-04-24,-0.125459,-1452.1,si
2006-04-25,-0.115720,-1339.4,si
2006-04-26,0.318985,3692.0,si
2006-04-27,-0.024869,-287.8,si
2006-04-28,0.119392,1381.9,si
2006-04-29,0.169109,1957.3,si
2006-04-30,0.186196,2155.0,si
2006-05-01,-0.094441,-1093.1,si
2006-05-02,0.043220,500.2,si
2006-05-03,0.108620,1257.2,si
2006-05-04,1.478280,17109.7,si
2006-05-05,0.417732,4834.9,si
2006-05-06,0.199790,2312.4,si
2006-05-07,0.129996,1504.6,si
2006-05-08,0.252683,2924.6,si
2006-05-09,0.509008,5891.3,si
2006-05-10,0.634098,7339.1,si
2006-05-11,0.393811,4558.0,si
2006-05-12,-0.029369,-339.9,si
2006-05-13,-0.049840,-576.9,si
2006-05-14,-0.023371,-270.5,si
2006-05-15,-0.135383,-1566.9,si
2006-05-16,0.051599,597.2,si
2006-05-17,0.211838,2451.8,si
2006-05-18,-0.062745,-726.2,si
2006-05-19,-0.042730,-494.6,si
2006-05-20,-0.141646,-1639.4,si
2006-05-21,-0.226506,-2621.6,si
2006-05-22,-0.230171,-2664.0,si
2006-05-23,-0.148942,-1723.9,si
2006-05-24,0.142879,1653.7,si
2006-05-25,-0.082327,-952.9,si
2006-05-26,-0.028394,-328.6,si
2006-05-27,0.050598,585.6,si
2006-05-28,0.147361,1705.6,si
2006-05-29,-0.039645,-458.9,si
2006-05-30,-0.085044,-984.3,si
2006-05-31,-0.193798,-2243.0,si
2006-06-01,0.041093,475.6,si
2006-06-02,0.047071,544.8,si
2006-06-03,-0.339065,-3924.4,si
2006-06-04,-0.048220,-558.1,si
2006-06-05,-0.097169,-1124.6,si
2006-06-06,-0.144300,-1670.1,si
2006-06-07,-0.247556,-2865.2,si
2006-06-08,0.047407,548.7,si
2006-06-09,-0.143037,-1655.5,si
2006-06-10,-0.282269,-3267.0,si
2006-06-11,0.093634,1083.7,si
2006-06-12,-0.143629,-1662.4,si
2006-06-13,-0.183240,-2120.8,si
2006-06-14,0.000216,2.5,si
2006-06-15,-0.290269,-3359.6,si
2006-06-16,-0.329633,-3815.2,si
2006-06-17,-0.052400,-606.5,si
2006-06-18,-0.031135,-360.4,si
2006-06-19,-0.246979,-2858.6,si
2006-06-20,0.061105,707.2,si
2006-06-21,0.491003,5682.9,si
2006-06-22,-0.043610,-504.7,si
2006-06-23,-0.186725,-2161.2,si
2006-06-24,-0.142786,-1652.6,si
2006-06-25,-0.208969,-2418.6,si
2006-06-26,-0.146326,-1693.6,si
2006-06-27,0.158812,1838.1,si
2006-06-28,0.620669,7183.7,si
2006-06-29,0.790470,9149.0,si
2006-06-30,0.765577,8860.8,si
2006-07-01,0.480957,5566.6,si
2006-07-02,0.275247,3185.7,si
2006-07-03,0.296186,3428.1,si
2006-07-04,0.198237,2294.4,si
2006-07-05,0.047148,545.7,si
2006-07-06,-0.011091,-128.4,si
2006-07-07,-0.054679,-632.9,si
2006-07-08,-0.031662,-366.5,si
2006-07-09,0.010570,122.3,si
2006-07-10,-0.095234,-1102.2,si
2006-07-11,-0.129817,-1502.5,si
2006-07-12,0.021845,252.8,si
2006-07-13,0.325097,3762.7,si
2006-07-14,-0.081105,-938.7,si
2006-07-15,0.145250,1681.1,si
2006-07-16,0.004745,54.9,si
2006-07-17,-0.134894,-1561.3,si
2006-07-18,0.211492,2447.8,si
2006-07-19,-0.056110,-649.4,si
2006-07-20,-0.068594,-793.9,si
2006-07-21,0.014644,169.5,si
2006-07-22,0.071209,824.2,si
2006-07-23,-0.096161,-1113.0,si
2006-07-24,-0.227205,-2629.7,si
2006-07-25,0.013276,153.7,si
2006-07-26,-0.133401,-1544.0,si
2006-07-27,0.006119,70.8,si
2006-07-28,0.280094,3241.8,si
2006-07-29,-0.164160,-1900.0,si
2006-07-30,-0.129872,-1503.2,si
2006-07-31,0.126662,1466.0,si
2006-08-01,0.479052,5544.6,si
2006-08-02,0.192852,2232.1,si
2006-08-03,-0.047266,-547.1,si
2006-08-04,0.175409,2030.2,si
2006-08-05,-0.059679,-690.7,si
2006-08-06,-0.031408,-363.5,si
2006-08-07,-0.079964,-925.5,si
2006-08-08,-0.151244,-1750.5,si
2006-08-09,-0.133710,-1547.6,si
2006-08-10,-0.097479,-1128.2,si
2006-08-11,0.460115,5325.4,si
2006-08-12,-0.063925,-739.9,si
2006-08-13,-0.091100,-1054.4,si
2006-08-14,0.069584,805.4,si
2006-08-15,-0.010949,-126.7,si
2006-08-16,0.341136,3948.3,si
2006-08-17,-0.139454,-1614.0,si
2006-08-18,-0.145334,-1682.1,si
2006-08-19,0.002068,23.9,si
2006-08-20,0.519214,6009.4,si
2006-08-21,0.399574,4624.7,si
2006-08-22,0.257700,2982.6,si
2006-08-23,0.011842,137.1,si
2006-08-24,0.209960,2430.1,si
2006-08-25,0.477489,5526.5,si
2006-08-26,0.066336,767.8,si
2006-08-27,0.096881,1121.3,si
2006-08-28,-0.010011,-115.9,si
2006-08-29,0.067812,784.9,si
2006-08-30,-0.024299,-281.2,si
2006-08-31,-0.096924,-1121.8,si
2006-09-01,-0.143055,-1655.7,si
2006-09-02,-0.059869,-692.9,si
2006-09-03,0.599020,6933.1,si
2006-09-04,0.125154,1448.5,si
2006-09-05,0.068327,790.8,si
2006-09-06,0.177922,2059.3,si
2006-09-07,-0.036826,-426.2,si
2006-09-08,-0.068127,-788.5,si
2006-09-09,-0.077088,-892.2,si
2006-09-10,0.167321,1936.6,si
2006-09-11,0.041751,483.2,si
2006-09-12,0.098705,1142.4,si
2006-09-13,0.002114,24.5,si
2006-09-14,-0.112109,-1297.6,si
2006-09-15,-0.006372,-73.8,si
2006-09-16,0.210529,2436.7,si
2006-09-17,0.102959,1191.7,si
2006-09-18,0.213069,2466.1,si
2006-09-19,-0.038842,-449.6,si
2006-09-20,-0.072589,-840.2,si
2006-09-21,0.016299,188.6,si
2006-09-22,0.142637,1650.9,si
2006-09-23,0.086442,1000.5,si
2006-09-24,0.012419,143.7,si
2006-09-25,0.176019,2037.3,si
2006-09-26,0.163441,1891.7,si
2006-09-27,-0.063610,-736.2,si
2006-09-28,0.352243,4076.9,si
2006-09-29,0.242773,2809.9,si
2006-09-30,0.068584,793.8,si
2006-10-01,0.499400,5780.1,si
2006-10-02,0.094975,1099.2,si
2006-10-03,0.201806,2335.7,si
2006-10-04,-0.032061,-371.1,si
2006-10-05,0.038176,441.8,si
2006-10-06,-0.107573,-1245.1,si
2006-10-07,-0.074643,-863.9,si
2006-10-08,-0.147772,-1710.3,si
2006-10-09,-0.211740,-2450.7,si
2006-10-10,-0.216094,-2501.1,si
2006-10-11,-0.162040,-1875.5,si
2006-10-12,-0.125752,-1455.5,si
2006-10-13,0.163396,1891.2,si
2006-10-14,0.390727,4522.3,si
2006-10-15,0.187941,2175.2,si
2006-10-16,0.740000,8564.8,si
2006-10-17,0.389780,4511.3,si
2006-10-18,0.352474,4079.6,si
2006-10-19,0.497998,5763.9,si
2006-10-20,0.772869,8945.2,si
2006-10-21,0.625415,7238.6,si
2006-10-22,0.494845,5727.4,si
2006-10-23,0.586356,6786.5,si
2006-10-24,0.354308,4100.8,si
2006-10-25,0.006642,76.9,si
2006-10-26,0.453467,5248.5,si
2006-10-27,0.091681,1061.1,si
2006-10-28,-0.009717,-112.5,si
2006-10-29,-0.079718,-922.7,si
2006-10-30,0.200743,2323.4,si
2006-10-31,-0.043944,-508.6,si
2006-11-01,-0.109507,-1267.4,si
2006-11-02,0.037486,433.9,si
2006-11-03,0.012047,139.4,si
2006-11-04,-0.027308,-316.1,si
2006-11-05,-0.073258,-847.9,si
2006-11-06,-0.048282,-558.8,si
2006-11-07,0.130209,1507.1,si
2006-11-08,0.024497,283.5,si
2006-11-09,0.007906,91.5,si
2006-11-10,-0.098251,-1137.2,si
2006-11-11,-0.095161,-1101.4,si
2006-11-12,-0.004335,-50.2,si
2006-11-13,-0.025675,-297.2,si
2006-11-14,1.221597,14138.9,si
2006-11-15,0.781849,9049.2,si
2006-11-16,1.583355,18325.9,si
2006-11-17,0.828498,9589.1,si
2006-11-18,0.473807,5483.9,si
2006-11-19,0.198851,2301.5,si
2006-11-20,0.286344,3314.2,si
2006-11-21,0.265405,3071.8,si
2006-11-22,0.062532,723.8,si
2006-11-23,0.175280,2028.7,si
2006-11-24,0.058472,676.8,si
2006-11-25,0.001797,20.8,si
2006-11-26,0.035047,405.6,si
2006-11-27,-0.026071,-301.8,si
2006-11-28,-0.002935,-34.0,si
2006-11-29,0.038748,448.5,si
2006-11-30,-0.065136,-753.9,si
2006-12-01,-0.080884,-936.2,si
2006-12-02,0.160742,1860.4,si
2006-12-03,0.231359,2677.8,si
2006-12-04,0.265479,3072.7,si
2006-12-05,0.098281,1137.5,si
2006-12-06,0.088704,1026.7,si
2006-12-07,0.160949,1862.8,si
2006-12-08,0.073162,846.8,si
2006-12-09,0.092973,1076.1,si
2006-12-10,0.150097,1737.2,si
2006-12-11,0.157683,1825.0,si
2006-12-12,0.176600,2044.0,si
2006-12-13,0.695693,8052.0,si
2006-12-14,0.383764,4441.7,si
2006-12-15,0.171070,1980.0,si
2006-12-16,0.190926,2209.8,si
2006-12-17,0.133933,1550.1,si
2006-12-18,0.169147,1957.7,si
2006-12-19,0.077047,891.7,si
2006-12-20,0.046373,536.7,si
2006-12-21,0.072960,844.4,si
2006-12-22,0.126914,1468.9,si
2006-12-23,0.075032,868.4,si
2006-12-24,0.049589,573.9,si
2006-12-25,0.035601,412.1,si
2006-12-26,0.083478,966.2,si
2006-12-27,0.131204,1518.6,si
2006-12-28,0.102113,1181.9,si
2006-12-29,0.100056,1158.1,si
2006-12-30,0.050789,587.8,si
2006-12-31,0.109380,1266.0,si
2007-01-01,0.066907,774.4,si
2007-01-02,-0.012764,-147.7,si
2007-01-03,-0.011867,-137.4,si
2007-01-04,-0.036799,-425.9,si
2007-01-05,-0.050137,-580.3,si
2007-01-06,-0.040940,-473.8,si
2007-01-07,-0.024023,-278.0,si
2007-01-08,0.020600,238.4,si
2007-01-09,0.000306,3.5,si
2007-01-10,0.031461,364.1,si
2007-01-11,0.012294,142.3,si
2007-01-12,-0.005480,-63.4,si
2007-01-13,-0.011869,-137.4,si
2007-01-14,-0.024199,-280.1,si
2007-01-15,-0.017152,-198.5,si
2007-01-16,0.016606,192.2,si
2007-01-17,0.012385,143.3,si
2007-01-18,0.090954,1052.7,si
2007-01-19,0.017831,206.4,si
2007-01-20,0.059552,689.3,si
2007-01-21,0.066595,770.8,si
2007-01-22,-0.031502,-364.6,si
2007-01-23,-0.044777,-518.3,si
2007-01-24,-0.015214,-176.1,si
2007-01-25,0.009426,109.1,si
2007-01-26,0.029233,338.3,si
2007-01-27,-0.048667,-563.3,si
2007-01-28,-0.023935,-277.0,si
2007-01-29,-0.026329,-304.7,si
2007-01-30,-0.001729,-20.0,si
2007-01-31,0.030070,348.0,si
2007-02-01,0.059572,689.5,si
2007-02-02,0.105102,1216.5,si
2007-02-03,0.075265,871.1,si
2007-02-04,0.085525,989.9,si
2007-02-05,0.129273,1496.2,si
2007-02-06,0.141337,1635.8,si
2007-02-07,0.096735,1119.6,si
2007-02-08,0.152141,1760.9,si
2007-02-09,0.085848,993.6,si
2007-02-10,0.128904,1491.9,si
2007-02-11,0.051913,600.8,si
2007-02-12,0.014631,169.3,si
2007-02-13,0.043063,498.4,si
2007-02-14,0.173528,2008.4,si
2007-02-15,0.140271,1623.5,si
2007-02-16,0.102451,1185.8,si
2007-02-17,0.076178,881.7,si
2007-02-18,0.040414,467.8,si
2007-02-19,0.037868,438.3,si
2007-02-20,0.049484,572.7,si
2007-02-21,0.096686,1119.0,si
2007-02-22,0.103554,1198.5,si
2007-02-23,0.020798,240.7,si
2007-02-24,0.172222,1993.3,si
2007-02-25,0.227042,2627.8,si
2007-02-26,0.064982,752.1,si
2007-02-27,0.086870,1005.4,si
2007-02-28,0.045969,532.0,si
2007-03-01,0.082821,958.6,si
2007-03-02,-0.077585,-898.0,si
2007-03-03,-0.161401,-1868.1,si
2007-03-04,-0.061423,-710.9,si
2007-03-05,-0.066624,-771.1,si
2007-03-06,-0.062793,-726.8,si
2007-03-07,-0.000405,-4.7,si
2007-03-08,-0.020579,-238.2,si
2007-03-09,-0.131961,-1527.3,si
2007-03-10,-0.046389,-536.9,si
2007-03-11,-0.059336,-686.8,si
2007-03-12,0.110860,1283.1,si
2007-03-13,-0.025990,-300.8,si
2007-03-14,-0.035423,-410.0,si
2007-03-15,-0.069590,-805.4,si
2007-03-16,-0.159366,-1844.5,si
2007-03-17,-0.074751,-865.2,si
2007-03-18,0.029215,338.1,si
2007-03-19,-0.087657,-1014.5,si
2007-03-20,-0.156148,-1807.3,si
2007-03-21,-0.130562,-1511.1,si
2007-03-22,-0.146505,-1695.7,si
2007-03-23,-0.019727,-228.3,si
2007-03-24,-0.031019,-359.0,si
2007-03-25,-0.099752,-1154.5,si
2007-03-26,0.090128,1043.1,si
2007-03-27,-0.106179,-1228.9,si
2007-03-28,0.102573,1187.2,si
2007-03-29,0.165077,1910.6,si
2007-03-30,0.168088,1945.5,si
2007-03-31,0.202976,2349.3,si
2007-04-01,0.105970,1226.5,si
2007-04-02,0.013571,157.1,si
2007-04-03,0.066285,767.2,si
2007-04-04,0.157641,1824.5,si
2007-04-05,1.286485,14889.9,si
2007-04-06,0.654778,7578.5,si
2007-04-07,0.564368,6532.0,si
2007-04-08,0.260355,3013.4,si
2007-04-09,0.157281,1820.4,si
2007-04-10,0.041060,475.2,si
2007-04-11,0.067479,781.0,si
2007-04-12,0.095865,1109.6,si
2007-04-13,0.066905,774.4,si
2007-04-14,0.104745,1212.3,si
2007-04-15,0.173889,2012.6,si
2007-04-16,0.175935,2036.3,si
2007-04-17,0.211576,2448.8,si
2007-04-18,0.426757,4939.3,si
2007-04-19,0.212085,2454.7,si
2007-04-20,0.384903,4454.9,si
2007-04-21,0.231579,2680.3,si
2007-04-22,0.302228,3498.0,si
2007-04-23,0.105140,1216.9,si
2007-04-24,0.079418,919.2,si
2007-04-25,0.129523,1499.1,si
2007-04-26,0.129452,1498.3,si
2007-04-27,0.219735,2543.2,si
2007-04-28,0.139798,1618.0,si
2007-04-29,0.177883,2058.8,si
2007-04-30,0.203952,2360.6,si
2007-05-01,0.129010,1493.2,si
2007-05-02,0.220942,2557.2,si
2007-05-03,-0.069078,-799.5,si
2007-05-04,0.017048,197.3,si
2007-05-05,0.206262,2387.3,si
2007-05-06,0.023360,270.4,si
2007-05-07,0.280850,3250.6,si
2007-05-08,0.524518,6070.8,si
2007-05-09,0.011211,129.8,si
2007-05-10,0.031630,366.1,si
2007-05-11,-0.113886,-1318.1,si
2007-05-12,-0.076156,-881.4,si
2007-05-13,-0.079610,-921.4,si
2007-05-14,-0.148978,-1724.3,si
2007-05-15,-0.206090,-2385.3,si
2007-05-16,0.215114,2489.7,si
2007-05-17,0.007489,86.7,si
2007-05-18,0.001709,19.8,si
2007-05-19,-0.074125,-857.9,si
2007-05-20,-0.061668,-713.7,si
2007-05-21,-0.205231,-2375.4,si
2007-05-22,-0.239255,-2769.2,si
2007-05-23,0.189947,2198.5,si
2007-05-24,0.159924,1851.0,si
2007-05-25,0.066410,768.6,si
2007-05-26,0.131251,1519.1,si
2007-05-27,0.104467,1209.1,si
2007-05-28,0.126303,1461.8,si
2007-05-29,0.519091,6008.0,si
2007-05-30,0.256753,2971.7,si
2007-05-31,-0.076799,-888.9,si
2007-06-01,0.051193,592.5,si
2007-06-02,0.283383,3279.9,si
2007-06-03,0.270849,3134.8,si
2007-06-04,0.242234,2803.6,si
2007-06-05,-0.086924,-1006.1,si
2007-06-06,-0.160275,-1855.0,si
2007-06-07,-0.229690,-2658.5,si
2007-06-08,-0.039923,-462.1,si
2007-06-09,-0.152764,-1768.1,si
2007-06-10,-0.046246,-535.3,si
2007-06-11,-0.089218,-1032.6,si
2007-06-12,-0.240010,-2777.9,si
2007-06-13,0.038008,439.9,si
2007-06-14,0.045313,524.5,si
2007-06-15,-0.072610,-840.4,si
2007-06-16,-0.203121,-2350.9,si
2007-06-17,-0.104657,-1211.3,si
2007-06-18,-0.046640,-539.8,si
2007-06-19,-0.064778,-749.7,si
2007-06-20,-0.032223,-373.0,si
2007-06-21,-0.176560,-2043.5,si
2007-06-22,-0.186080,-2153.7,si
2007-06-23,0.146042,1690.3,si
2007-06-24,0.136716,1582.4,si
2007-06-25,0.364287,4216.3,si
2007-06-26,0.217555,2518.0,si
2007-06-27,0.454631,5261.9,si
2007-06-28,0.740729,8573.2,si
2007-06-29,1.589833,18400.8,si
2007-06-30,1.602191,18543.9,si
2007-07-01,1.181487,13674.6,si
2007-07-02,0.646235,7479.6,si
2007-07-03,0.302750,3504.0,si
2007-07-04,0.184588,2136.4,si
2007-07-05,0.124450,1440.4,si
2007-07-06,0.158094,1829.8,si
2007-07-07,0.050616,585.8,si
2007-07-08,0.114132,1321.0,si
2007-07-09,-0.034203,-395.9,si
2007-07-10,-0.034857,-403.4,si
2007-07-11,-0.090453,-1046.9,si
2007-07-12,0.025200,291.7,si
2007-07-13,-0.024364,-282.0,si
2007-07-14,0.359244,4157.9,si
2007-07-15,-0.067410,-780.2,si
2007-07-16,-0.013317,-154.1,si
2007-07-17,-0.164709,-1906.3,si
2007-07-18,-0.144301,-1670.2,si
2007-07-19,-0.185858,-2151.1,si
2007-07-20,0.154401,1787.1,si
2007-07-21,0.139409,1613.5,si
2007-07-22,0.098293,1137.7,si
2007-07-23,-0.087566,-1013.5,si
2007-07-24,-0.077779,-900.2,si
2007-07-25,0.570572,6603.8,si
2007-07-26,0.318545,3686.9,si
2007-07-27,0.006530,75.6,si
2007-07-28,0.079492,920.0,si
2007-07-29,0.450829,5217.9,si
2007-07-30,0.079624,921.6,si
2007-07-31,-0.100491,-1163.1,si
2007-08-01,-0.053159,-615.3,si
2007-08-02,-0.196706,-2276.7,si
2007-08-03,0.115367,1335.3,si
2007-08-04,0.370320,4286.1,si
2007-08-05,-0.103807,-1201.5,si
2007-08-06,-0.183360,-2122.2,si
2007-08-07,-0.271986,-3148.0,si
2007-08-08,-0.176161,-2038.9,si
2007-08-09,-0.263342,-3047.9,si
2007-08-10,0.805797,9326.4,si
2007-08-11,0.707707,8191.1,si
2007-08-12,0.781852,9049.2,si
2007-08-13,0.192288,2225.6,si
2007-08-14,0.218979,2534.5,si
2007-08-15,0.428795,4962.9,si
2007-08-16,-0.023581,-272.9,si
2007-08-17,-0.242593,-2807.8,si
2007-08-18,-0.179690,-2079.7,si
2007-08-19,0.121411,1405.2,si
2007-08-20,0.520692,6026.5,si
2007-08-21,1.788746,20703.1,si
2007-08-22,0.719915,8332.4,si
2007-08-23,0.074734,865.0,si
2007-08-24,-0.033985,-393.3,si
2007-08-25,0.603994,6990.7,si
2007-08-26,0.941080,10892.1,si
2007-08-27,0.092630,1072.1,si
2007-08-28,0.087670,1014.7,si
2007-08-29,0.866754,10031.9,si
2007-08-30,1.390510,16093.9,si
2007-08-31,0.484626,5609.1,si
2007-09-01,0.087529,1013.1,si
2007-09-02,1.777125,20568.6,si
2007-09-03,0.814139,9422.9,si
2007-09-04,0.628590,7275.4,si
2007-09-05,0.465693,5390.0,si
2007-09-06,0.368939,4270.1,si
2007-09-07,0.087624,1014.2,si
2007-09-08,0.529304,6126.2,si
2007-09-09,0.321247,3718.1,si
2007-09-10,0.029718,344.0,si
2007-09-11,0.054044,625.5,si
2007-09-12,0.016764,194.0,si
2007-09-13,-0.066141,-765.5,si
2007-09-14,-0.039785,-460.5,si
2007-09-15,0.086441,1000.5,si
2007-09-16,0.043201,500.0,si
2007-09-17,-0.011872,-137.4,si
2007-09-18,-0.107516,-1244.4,si
2007-09-19,0.623935,7221.5,si
2007-09-20,0.033654,389.5,si
2007-09-21,0.024831,287.4,si
2007-09-22,-0.006797,-78.7,si
2007-09-23,-0.032242,-373.2,si
2007-09-24,0.008120,94.0,si
2007-09-25,0.084570,978.8,si
2007-09-26,0.031439,363.9,si
2007-09-27,0.510576,5909.4,si
2007-09-28,0.075655,875.6,si
2007-09-29,0.068049,787.6,si
2007-09-30,0.042256,489.1,si
2007-10-01,-0.058081,-672.2,si
2007-10-02,-0.144520,-1672.7,si
2007-10-03,-0.278120,-3219.0,si
2007-10-04,-0.250815,-2903.0,si
2007-10-05,-0.088132,-1020.0,si
2007-10-06,-0.116496,-1348.3,si
2007-10-07,0.534869,6190.6,si
2007-10-08,0.072581,840.1,si
2007-10-09,-0.126648,-1465.8,si
2007-10-10,-0.149113,-1725.8,si
2007-10-11,0.339211,3926.1,si
2007-10-12,-0.011610,-134.4,si
2007-10-13,0.455629,5273.5,si
2007-10-14,-0.034467,-398.9,si
2007-10-15,-0.097456,-1128.0,si
2007-10-16,-0.052072,-602.7,si
2007-10-17,0.074576,863.1,si
2007-10-18,-0.165200,-1912.0,si
2007-10-19,0.135770,1571.4,si
2007-10-20,-0.133178,-1541.4,si
2007-10-21,-0.111781,-1293.8,si
2007-10-22,0.177997,2060.2,si
2007-10-23,-0.146152,-1691.6,si
2007-10-24,0.926282,10720.9,si
2007-10-25,0.137884,1595.9,si
2007-10-26,0.140127,1621.8,si
2007-10-27,0.322899,3737.3,si
2007-10-28,0.217280,2514.8,si
2007-10-29,-0.062643,-725.0,si
2007-10-30,-0.077196,-893.5,si
2007-10-31,-0.029952,-346.7,si
2007-11-01,0.450960,5219.4,si
2007-11-02,0.429326,4969.1,si
2007-11-03,0.486415,5629.8,si
2007-11-04,1.271052,14711.2,si
2007-11-05,0.519888,6017.2,si
2007-11-06,0.329470,3813.3,si
2007-11-07,0.526165,6089.9,si
2007-11-08,0.596604,6905.1,si
2007-11-09,0.226950,2626.7,si
2007-11-10,0.168308,1948.0,si
2007-11-11,0.194485,2251.0,si
2007-11-12,0.107670,1246.2,si
2007-11-13,0.090584,1048.4,si
2007-11-14,0.081531,943.6,si
2007-11-15,0.165296,1913.2,si
2007-11-16,0.147714,1709.7,si
2007-11-17,0.205754,2381.4,si
2007-11-18,0.079576,921.0,si
2007-11-19,-0.035211,-407.5,si
2007-11-20,0.008866,102.6,si
2007-11-21,0.036432,421.7,si
2007-11-22,0.137545,1592.0,si
2007-11-23,0.528664,6118.8,si
2007-11-24,0.156749,1814.2,si
2007-11-25,0.049498,572.9,si
2007-11-26,0.085281,987.1,si
2007-11-27,0.026408,305.6,si
2007-11-28,0.064486,746.4,si
2007-11-29,0.072156,835.1,si
2007-11-30,-0.002022,-23.4,si
2007-12-01,-0.007270,-84.1,si
2007-12-02,0.125913,1457.3,si
2007-12-03,0.058616,678.4,si
2007-12-04,0.123612,1430.7,si
2007-12-05,0.065836,762.0,si
2007-12-06,0.192769,2231.1,si
2007-12-07,0.115904,1341.5,si
2007-12-08,0.049223,569.7,si
2007-12-09,0.061824,715.6,si
2007-12-10,0.070806,819.5,si
2007-12-11,0.108563,1256.5,si
2007-12-12,0.187341,2168.3,si
2007-12-13,0.137703,1593.8,si
2007-12-14,0.129509,1498.9,si
2007-12-15,0.111504,1290.6,si
2007-12-16,0.187781,2173.4,si
2007-12-17,0.086798,1004.6,si
2007-12-18,0.331099,3832.2,si
2007-12-19,0.031964,370.0,si
2007-12-20,-0.002376,-27.5,si
2007-12-21,0.027114,313.8,si
2007-12-22,0.249510,2887.9,si
2007-12-23,0.175089,2026.5,si
2007-12-24,0.044798,518.5,si
2007-12-25,0.021134,244.6,si
2007-12-26,0.024436,282.8,si
2007-12-27,0.102959,1191.7,si
2007-12-28,0.069085,799.6,si
2007-12-29,0.074457,861.8,si
2007-12-30,0.025909,299.9,si
2007-12-31,0.084991,983.7,si
2008-01-01,0.040438,468.0,si
2008-01-02,-0.170446,-1972.8,si
2008-01-03,-0.171121,-1980.6,si
2008-01-04,-0.168656,-1952.0,si
2008-01-05,-0.217467,-2517.0,si
2008-01-06,-0.199074,-2304.1,si
2008-01-07,-0.181881,-2105.1,si
2008-01-08,-0.064961,-751.9,si
2008-01-09,0.106256,1229.8,si
2008-01-10,-0.095939,-1110.4,si
2008-01-11,0.223582,2587.7,si
2008-01-12,-0.125130,-1448.3,si
2008-01-13,-0.110569,-1279.7,si
2008-01-14,-0.128370,-1485.8,si
2008-01-15,0.032808,379.7,si
2008-01-16,-0.067403,-780.1,si
2008-01-17,-0.122804,-1421.3,si
2008-01-18,-0.098537,-1140.5,si
2008-01-19,-0.159032,-1840.6,si
2008-01-20,-0.039079,-452.3,si
2008-01-21,-0.074342,-860.4,si
2008-01-22,-0.173391,-2006.8,si
2008-01-23,-0.186480,-2158.3,si
2008-01-24,-0.158884,-1838.9,si
2008-01-25,-0.016034,-185.6,si
2008-01-26,-0.117034,-1354.6,si
2008-01-27,-0.088696,-1026.6,si
2008-01-28,-0.173651,-2009.8,si
2008-01-29,-0.170979,-1978.9,si
2008-01-30,-0.141074,-1632.8,si
2008-01-31,-0.122472,-1417.5,si
2008-02-01,-0.093474,-1081.9,si
2008-02-02,0.018604,215.3,si
2008-02-03,-0.010665,-123.4,si
2008-02-04,-0.002901,-33.6,si
2008-02-05,0.047034,544.4,si
2008-02-06,0.049996,578.7,si
2008-02-07,0.004001,46.3,si
2008-02-08,0.060223,697.0,si
2008-02-09,0.096126,1112.6,si
2008-02-10,0.037252,431.2,si
2008-02-11,-0.045172,-522.8,si
2008-02-12,-0.080543,-932.2,si
2008-02-13,-0.057348,-663.8,si
2008-02-14,0.040354,467.1,si
2008-02-15,0.042082,487.1,si
2008-02-16,0.004011,46.4,si
2008-02-17,-0.022504,-260.5,si
2008-02-18,0.487380,5641.0,si
2008-02-19,0.386750,4476.3,si
2008-02-20,0.111842,1294.5,si
2008-02-21,0.167800,1942.1,si
2008-02-22,0.047866,554.0,si
2008-02-23,-0.037464,-433.6,si
2008-02-24,0.003640,42.1,si
2008-02-25,-0.054257,-628.0,si
2008-02-26,-0.004788,-55.4,si
2008-02-27,0.017185,198.9,si
2008-02-28,0.010630,123.0,si
2008-02-29,-0.001116,-12.9,si
2008-03-01,0.003965,45.9,si
2008-03-02,0.074882,866.7,si
2008-03-03,0.174528,2020.0,si
2008-03-04,0.168105,1945.7,si
2008-03-05,0.177403,2053.3,si
2008-03-06,0.285028,3298.9,si
2008-03-07,0.255564,2957.9,si
2008-03-08,0.228838,2648.6,si
2008-03-09,0.221835,2567.5,si
2008-03-10,0.397440,4600.0,si
2008-03-11,0.425246,4921.8,si
2008-03-12,0.209197,2421.3,si
2008-03-13,0.308025,3565.1,si
2008-03-14,0.314103,3635.4,si
2008-03-15,0.101751,1177.7,si
2008-03-16,0.164289,1901.5,si
2008-03-17,0.179988,2083.2,si
2008-03-18,0.162231,1877.7,si
2008-03-19,0.087054,1007.6,si
2008-03-20,0.104287,1207.0,si
2008-03-21,0.092698,1072.9,si
2008-03-22,0.143642,1662.5,si
2008-03-23,0.131785,1525.3,si
2008-03-24,0.076609,886.7,si
2008-03-25,0.204112,2362.4,si
2008-03-26,0.122749,1420.7,si
2008-03-27,0.103348,1196.2,si
2008-03-28,0.108421,1254.9,si
2008-03-29,0.224520,2598.6,si
2008-03-30,0.304528,3524.6,si
2008-03-31,0.346918,4015.3,si
2008-04-01,0.075728,876.5,si
2008-04-02,0.087361,1011.1,si
2008-04-03,0.355755,4117.5,si
2008-04-04,0.231547,2679.9,si
2008-04-05,0.090519,1047.7,si
2008-04-06,0.132790,1536.9,si
2008-04-07,0.164397,1902.7,si
2008-04-08,0.121342,1404.4,si
2008-04-09,-0.016411,-189.9,si
2008-04-10,0.015032,174.0,si
2008-04-11,0.292680,3387.5,si
2008-04-12,0.057829,669.3,si
2008-04-13,0.038500,445.6,si
2008-04-14,0.057239,662.5,si
2008-04-15,0.109815,1271.0,si
2008-04-16,0.151042,1748.2,si
2008-04-17,0.152674,1767.1,si
2008-04-18,0.157250,1820.0,si
2008-04-19,0.145860,1688.2,si
2008-04-20,0.405629,4694.8,si
2008-04-21,0.369127,4272.3,si
2008-04-22,0.103344,1196.1,si
2008-04-23,1.165200,13486.1,si
2008-04-24,0.541356,6265.7,si
2008-04-25,0.388420,4495.6,si
2008-04-26,0.315201,3648.2,si
2008-04-27,0.180989,2094.8,si
2008-04-28,0.398730,4614.9,si
2008-04-29,0.196392,2273.1,si
2008-04-30,0.175380,2029.9,si
2008-05-01,0.206821,2393.8,si
2008-05-02,0.305767,3539.0,si
2008-05-03,-0.195750,-2265.6,si
2008-05-04,0.035504,410.9,si
2008-05-05,0.094452,1093.2,si
2008-05-06,-0.166979,-1932.6,si
2008-05-07,0.143274,1658.3,si
2008-05-08,1.211373,14020.5,si
2008-05-09,0.022079,255.5,si
2008-05-10,-0.042861,-496.1,si
2008-05-11,-0.152652,-1766.8,si
2008-05-12,-0.142654,-1651.1,si
2008-05-13,-0.127309,-1473.5,si
2008-05-14,-0.216474,-2505.5,si
2008-05-15,-0.055783,-645.6,si
2008-05-16,-0.110082,-1274.1,si
2008-05-17,-0.119528,-1383.4,si
2008-05-18,0.680615,7877.5,si
2008-05-19,-0.086337,-999.3,si
2008-05-20,-0.061021,-706.3,si
2008-05-21,0.508055,5880.3,si
2008-05-22,0.017822,206.3,si
2008-05-23,0.483416,5595.1,si
2008-05-24,0.646536,7483.1,si
2008-05-25,0.810650,9382.5,si
2008-05-26,0.271388,3141.1,si
2008-05-27,0.097075,1123.6,si
2008-05-28,0.051236,593.0,si
2008-05-29,-0.025422,-294.2,si
2008-05-30,-0.080239,-928.7,si
2008-05-31,0.166922,1932.0,si
2008-06-01,0.261426,3025.8,si
2008-06-02,0.715713,8283.7,si
2008-06-03,0.301885,3494.0,si
2008-06-04,1.101554,12749.5,si
2008-06-05,0.247968,2870.0,si
2008-06-06,0.061108,707.3,si
2008-06-07,0.072100,834.5,si
2008-06-08,-0.053441,-618.5,si
2008-06-09,-0.098758,-1143.0,si
2008-06-10,0.671462,7771.5,si
2008-06-11,0.020971,242.7,si
2008-06-12,-0.098947,-1145.2,si
2008-06-13,-0.132610,-1534.8,si
2008-06-14,-0.122579,-1418.7,si
2008-06-15,0.704835,8157.8,si
2008-06-16,0.114253,1322.4,si
2008-06-17,0.030374,351.5,si
2008-06-18,-0.136567,-1580.6,si
2008-06-19,-0.092122,-1066.2,si
2008-06-20,-0.123571,-1430.2,si
2008-06-21,0.336208,3891.3,si
2008-06-22,0.035135,406.7,si
2008-06-23,-0.120622,-1396.1,si
2008-06-24,-0.024281,-281.0,si
2008-06-25,0.179204,2074.1,si
2008-06-26,0.149893,1734.9,si
2008-06-27,-0.065728,-760.7,si
2008-06-28,0.679563,7865.3,si
2008-06-29,0.262764,3041.2,si
2008-06-30,0.047649,551.5,si
2008-07-01,0.343918,3980.5,si
2008-07-02,0.221542,2564.1,si
2008-07-03,0.241179,2791.4,si
2008-07-04,0.217815,2521.0,si
2008-07-05,0.016024,185.5,si
2008-07-06,-0.064885,-751.0,si
2008-07-07,-0.098676,-1142.1,si
2008-07-08,0.020012,231.6,si
2008-07-09,0.326538,3779.4,si
2008-07-10,1.108603,12831.1,si
2008-07-11,0.266267,3081.8,si
2008-07-12,0.165440,1914.8,si
2008-07-13,0.021012,243.2,si
2008-07-14,0.052647,609.3,si
2008-07-15,0.018803,217.6,si
2008-07-16,0.076648,887.1,si
2008-07-17,0.207166,2397.8,si
2008-07-18,1.144721,13249.1,si
2008-07-19,0.237641,2750.5,si
2008-07-20,0.161698,1871.5,si
2008-07-21,0.039742,460.0,si
2008-07-22,-0.006679,-77.3,si
2008-07-23,-0.087436,-1012.0,si
2008-07-24,-0.015123,-175.0,si
2008-07-25,0.071815,831.2,si
2008-07-26,-0.085187,-986.0,si
2008-07-27,0.317604,3676.0,si
2008-07-28,0.016666,192.9,si
2008-07-29,-0.056057,-648.8,si
2008-07-30,-0.118869,-1375.8,si
2008-07-31,-0.069289,-802.0,si
2008-08-01,-0.090709,-1049.9,si
2008-08-02,-0.166169,-1923.3,si
2008-08-03,-0.049953,-578.2,si
2008-08-04,-0.163525,-1892.6,si
2008-08-05,-0.081767,-946.4,si
2008-08-06,-0.193947,-2244.8,si
2008-08-07,-0.205615,-2379.8,si
2008-08-08,-0.182069,-2107.3,si
2008-08-09,0.325943,3772.5,si
2008-08-10,0.180292,2086.7,si
2008-08-11,0.017229,199.4,si
2008-08-12,-0.097934,-1133.5,si
2008-08-13,-0.091156,-1055.0,si
2008-08-14,-0.070097,-811.3,si
2008-08-15,-0.145108,-1679.5,si
2008-08-16,-0.189692,-2195.5,si
2008-08-17,-0.254176,-2941.8,si
2008-08-18,-0.145174,-1680.3,si
2008-08-19,-0.064307,-744.3,si
2008-08-20,0.083486,966.3,si
2008-08-21,0.004923,57.0,si
2008-08-22,0.179411,2076.5,si
2008-08-23,1.402558,16233.3,si
2008-08-24,0.604072,6991.6,si
2008-08-25,0.213876,2475.4,si
2008-08-26,0.067872,785.6,si
2008-08-27,-0.041532,-480.7,si
2008-08-28,0.028155,325.9,si
2008-08-29,0.456946,5288.7,si
2008-08-30,0.073210,847.3,si
2008-08-31,-0.008423,-97.5,si
2008-09-01,0.496935,5751.6,si
2008-09-02,0.143677,1662.9,si
2008-09-03,0.054992,636.5,si
2008-09-04,0.591753,6849.0,si
2008-09-05,0.119625,1384.6,si
2008-09-06,0.016484,190.8,si
2008-09-07,0.152934,1770.1,si
2008-09-08,0.007289,84.4,si
2008-09-09,-0.026837,-310.6,si
2008-09-10,0.025497,295.1,si
2008-09-11,0.054111,626.3,si
2008-09-12,-0.122656,-1419.6,si
2008-09-13,-0.124518,-1441.2,si
2008-09-14,0.222590,2576.3,si
2008-09-15,0.391784,4534.5,si
2008-09-16,0.399767,4626.9,si
2008-09-17,0.056729,656.6,si
2008-09-18,0.018036,208.7,si
2008-09-19,0.583587,6754.5,si
2008-09-20,0.110134,1274.7,si
2008-09-21,0.385250,4458.9,si
2008-09-22,0.218157,2525.0,si
2008-09-23,0.017952,207.8,si
2008-09-24,-0.011205,-129.7,si
2008-09-25,-0.029701,-343.8,si
2008-09-26,0.676877,7834.2,si
2008-09-27,0.080449,931.1,si
2008-09-28,0.016525,191.3,si
2008-09-29,0.060584,701.2,si
2008-09-30,-0.026820,-310.4,si
2008-10-01,0.012429,143.9,si
2008-10-02,-0.176118,-2038.4,si
2008-10-03,-0.096912,-1121.7,si
2008-10-04,0.067382,779.9,si
2008-10-05,0.303383,3511.4,si
2008-10-06,0.240935,2788.6,si
2008-10-07,0.048636,562.9,si
2008-10-08,-0.087452,-1012.2,si
2008-10-09,-0.100639,-1164.8,si
2008-10-10,0.091644,1060.7,si
2008-10-11,0.935721,10830.1,si
2008-10-12,0.127364,1474.1,si
2008-10-13,0.509133,5892.7,si
2008-10-14,0.085099,984.9,si
2008-10-15,0.019733,228.4,si
2008-10-16,0.288346,3337.3,si
2008-10-17,-0.026369,-305.2,si
2008-10-18,-0.038846,-449.6,si
2008-10-19,-0.070883,-820.4,si
2008-10-20,-0.079058,-915.0,si
2008-10-21,-0.177558,-2055.1,si
2008-10-22,-0.147948,-1712.4,si
2008-10-23,-0.143270,-1658.2,si
2008-10-24,-0.216286,-2503.3,si
2008-10-25,0.014793,171.2,si
2008-10-26,-0.132702,-1535.9,si
2008-10-27,-0.146311,-1693.4,si
2008-10-28,-0.121045,-1401.0,si
2008-10-29,-0.001225,-14.2,si
2008-10-30,-0.086480,-1000.9,si
2008-10-31,0.416302,4818.3,si
2008-11-01,0.572051,6621.0,si
2008-11-02,1.598964,18506.5,si
2008-11-03,0.533345,6173.0,si
2008-11-04,0.266335,3082.6,si
2008-11-05,0.041103,475.7,si
2008-11-06,-0.028361,-328.2,si
2008-11-07,-0.069594,-805.5,si
2008-11-08,-0.122081,-1413.0,si
2008-11-09,-0.165580,-1916.4,si
2008-11-10,-0.172895,-2001.1,si
2008-11-11,-0.046598,-539.3,si
2008-11-12,-0.044941,-520.2,si
2008-11-13,0.238430,2759.6,si
2008-11-14,1.033144,11957.7,si
2008-11-15,0.817939,9466.9,si
2008-11-16,0.621761,7196.3,si
2008-11-17,0.345945,4004.0,si
2008-11-18,1.187350,13742.5,si
2008-11-19,0.798281,9239.4,si
2008-11-20,0.734511,8501.3,si
2008-11-21,1.338701,15494.2,si
2008-11-22,0.513039,5938.0,si
2008-11-23,0.235221,2722.5,si
2008-11-24,0.044090,510.3,si
2008-11-25,0.062846,727.4,si
2008-11-26,0.772868,8945.2,si
2008-11-27,0.469699,5436.3,si
2008-11-28,1.821614,21083.5,si
2008-11-29,0.558641,6465.8,si
2008-11-30,0.249261,2885.0,si
2008-12-01,0.117213,1356.6,si
2008-12-02,0.355450,4114.0,si
2008-12-03,0.342338,3962.2,si
2008-12-04,0.275146,3184.6,si
2008-12-05,0.235512,2725.8,si
2008-12-06,0.317653,3676.5,si
2008-12-07,0.279930,3239.9,si
2008-12-08,0.208660,2415.0,si
2008-12-09,0.184817,2139.1,si
2008-12-10,0.192755,2231.0,si
2008-12-11,0.247614,2865.9,si
2008-12-12,0.410626,4752.6,si
2008-12-13,0.213464,2470.6,si
2008-12-14,0.321047,3715.8,si
2008-12-15,0.186012,2152.9,si
2008-12-16,0.126662,1466.0,si
2008-12-17,0.174188,2016.1,si
2008-12-18,0.081257,940.5,si
2008-12-19,0.050453,583.9,si
2008-12-20,0.076801,888.9,si
2008-12-21,0.107821,1247.9,si
2008-12-22,0.073171,846.9,si
2008-12-23,0.054415,629.8,si
2008-12-24,0.041330,478.4,si
2008-12-25,0.050542,585.0,si
2008-12-26,0.135691,1570.5,si
2008-12-27,0.106529,1233.0,si
2008-12-28,0.104347,1207.7,si
2008-12-29,0.055060,637.3,si
2008-12-30,0.115603,1338.0,si
2008-12-31,0.111312,1288.3,si
2009-01-01,0.066153,765.7,si
2009-01-02,0.029171,337.6,si
2009-01-03,0.029019,335.9,si
2009-01-04,0.005070,58.7,si
2009-01-05,-0.018228,-211.0,si
2009-01-06,0.001985,23.0,si
2009-01-07,0.016620,192.4,si
2009-01-08,0.062149,719.3,si
2009-01-09,0.033297,385.4,si
2009-01-10,0.075270,871.2,si
2009-01-11,0.060486,700.1,si
2009-01-12,0.086632,1002.7,si
2009-01-13,0.030684,355.1,si
2009-01-14,0.018320,212.0,si
2009-01-15,0.024120,279.2,si
2009-01-16,0.064342,744.7,si
2009-01-17,0.053460,618.7,si
2009-01-18,0.151618,1754.8,si
2009-01-19,0.479068,5544.8,si
2009-01-20,0.144497,1672.4,si
2009-01-21,0.138367,1601.5,si
2009-01-22,0.325074,3762.4,si
2009-01-23,0.265990,3078.6,si
2009-01-24,0.399149,4619.8,si
2009-01-25,0.169073,1956.9,si
2009-01-26,0.125701,1454.9,si
2009-01-27,0.042864,496.1,si
2009-01-28,0.062948,728.6,si
2009-01-29,0.063028,729.5,si
2009-01-30,0.087886,1017.2,si
2009-01-31,0.592882,6862.1,si
2009-02-01,0.186861,2162.7,si
2009-02-02,0.205295,2376.1,si
2009-02-03,0.169267,1959.1,si
2009-02-04,0.174555,2020.3,si
2009-02-05,0.214787,2486.0,si
2009-02-06,0.221691,2565.9,si
2009-02-07,0.174171,2015.9,si
2009-02-08,0.225313,2607.8,si
2009-02-09,0.155300,1797.5,si
2009-02-10,0.200472,2320.3,si
2009-02-11,0.146353,1693.9,si
2009-02-12,0.076716,887.9,si
2009-02-13,0.180530,2089.5,si
2009-02-14,0.459824,5322.0,si
2009-02-15,0.306774,3550.6,si
2009-02-16,0.184651,2137.2,si
2009-02-17,0.139480,1614.4,si
2009-02-18,0.101876,1179.1,si
2009-02-19,0.097539,1128.9,si
2009-02-20,0.108096,1251.1,si
2009-02-21,0.154227,1785.0,si
2009-02-22,0.160212,1854.3,si
2009-02-23,0.076920,890.3,si
2009-02-24,0.119542,1383.6,si
2009-02-25,0.063361,733.3,si
2009-02-26,0.114581,1326.2,si
2009-02-27,0.139478,1614.3,si
2009-02-28,0.149600,1731.5,si
2009-03-01,0.127052,1470.5,si
2009-03-02,-0.048648,-563.1,si
2009-03-03,-0.051345,-594.3,si
2009-03-04,-0.028352,-328.2,si
2009-03-05,-0.040842,-472.7,si
2009-03-06,-0.037707,-436.4,si
2009-03-07,-0.003139,-36.3,si
2009-03-08,-0.004124,-47.7,si
2009-03-09,-0.107190,-1240.6,si
2009-03-10,-0.021569,-249.6,si
2009-03-11,0.006005,69.5,si
2009-03-12,0.399101,4619.2,si
2009-03-13,0.467269,5408.2,si
2009-03-14,0.042928,496.9,si
2009-03-15,-0.012837,-148.6,si
2009-03-16,-0.099198,-1148.1,si
2009-03-17,-0.023434,-271.2,si
2009-03-18,-0.018926,-219.0,si
2009-03-19,0.186532,2158.9,si
2009-03-20,0.019083,220.9,si
2009-03-21,0.106871,1236.9,si
2009-03-22,0.024685,285.7,si
2009-03-23,-0.011805,-136.6,si
2009-03-24,0.324271,3753.1,si
2009-03-25,0.106809,1236.2,si
2009-03-26,0.518088,5996.4,si
2009-03-27,0.113417,1312.7,si
2009-03-28,-0.036754,-425.4,si
2009-03-29,-0.014038,-162.5,si
2009-03-30,0.070190,812.4,si
2009-03-31,0.358809,4152.9,si
2009-04-01,0.906860,10496.1,si
2009-04-02,0.411894,4767.3,si
2009-04-03,0.487062,5637.3,si
2009-04-04,0.231199,2675.9,si
2009-04-05,0.123133,1425.2,si
2009-04-06,0.060038,694.9,si
2009-04-07,0.294081,3403.7,si
2009-04-08,0.205039,2373.1,si
2009-04-09,0.063454,734.4,si
2009-04-10,0.020414,236.3,si
2009-04-11,0.121125,1401.9,si
2009-04-12,0.144135,1668.2,si
2009-04-13,-0.060807,-703.8,si
2009-04-14,-0.055934,-647.4,si
2009-04-15,-0.043011,-497.8,si
2009-04-16,-0.017390,-201.3,si
2009-04-17,0.040839,472.7,si
2009-04-18,0.105418,1220.1,si
2009-04-19,0.036446,421.8,si
2009-04-20,0.407084,4711.6,si
2009-04-21,0.044712,517.5,si
2009-04-22,0.057412,664.5,si
2009-04-23,-0.028703,-332.2,si
2009-04-24,-0.050981,-590.1,si
2009-04-25,-0.002514,-29.1,si
2009-04-26,-0.003794,-43.9,si
2009-04-27,0.015702,181.7,si
2009-04-28,-0.011220,-129.9,si
2009-04-29,0.181664,2102.6,si
2009-04-30,0.311410,3604.3,si
2009-05-01,0.191021,2210.9,si
2009-05-02,-0.090992,-1053.2,si
2009-05-03,1.036071,11991.6,si
2009-05-04,0.241746,2798.0,si
2009-05-05,0.282924,3274.6,si
2009-05-06,0.962170,11136.2,si
2009-05-07,0.535133,6193.7,si
2009-05-08,0.123694,1431.6,si
2009-05-09,0.106085,1227.8,si
2009-05-10,0.040446,468.1,si
2009-05-11,0.016563,191.7,si
2009-05-12,0.025306,292.9,si
2009-05-13,-0.063078,-730.1,si
2009-05-14,-0.035039,-405.5,si
2009-05-15,-0.122240,-1414.8,si
2009-05-16,-0.042276,-489.3,si
2009-05-17,0.100346,1161.4,si
2009-05-18,-0.038053,-440.4,si
2009-05-19,0.069066,799.4,si
2009-05-20,1.468091,16991.8,si
2009-05-21,0.248204,2872.7,si
2009-05-22,0.062922,728.3,si
2009-05-23,0.016902,195.6,si
2009-05-24,0.209569,2425.6,si
2009-05-25,0.071310,825.4,si
2009-05-26,-0.003851,-44.6,si
2009-05-27,0.046245,535.2,si
2009-05-28,0.024926,288.5,si
2009-05-29,-0.035505,-410.9,si
2009-05-30,-0.037301,-431.7,si
2009-05-31,-0.102814,-1190.0,si
2009-06-01,-0.112243,-1299.1,si
2009-06-02,-0.527784,-6108.6,si
2009-06-03,-0.493336,-5709.9,si
2009-06-04,0.268576,3108.5,si
2009-06-05,-0.266781,-3087.7,si
2009-06-06,-0.003160,-36.6,si
2009-06-07,-0.266900,-3089.1,si
2009-06-08,-0.395536,-4578.0,si
2009-06-09,-0.338749,-3920.7,si
2009-06-10,0.756236,8752.7,si
2009-06-11,0.329733,3816.4,si
2009-06-12,0.633663,7334.1,si
2009-06-13,-0.109081,-1262.5,si
2009-06-14,-0.228102,-2640.1,si
2009-06-15,-0.260407,-3014.0,si
2009-06-16,0.151885,1757.9,si
2009-06-17,0.159372,1844.6,si
2009-06-18,-0.218573,-2529.8,si
2009-06-19,-0.285436,-3303.7,si
2009-06-20,-0.281808,-3261.7,si
2009-06-21,0.723266,8371.1,si
2009-06-22,-0.167810,-1942.2,si
2009-06-23,-0.202047,-2338.5,si
2009-06-24,0.116520,1348.6,si
2009-06-25,0.124559,1441.7,si
2009-06-26,0.163067,1887.4,si
2009-06-27,-0.221735,-2566.4,si
2009-06-28,0.096971,1122.4,si
2009-06-29,-0.137997,-1597.2,si
2009-06-30,0.192087,2223.2,si
2009-07-01,0.182942,2117.4,si
2009-07-02,0.400061,4630.3,si
2009-07-03,0.194664,2253.1,si
2009-07-04,0.085211,986.2,si
2009-07-05,-0.018352,-212.4,si
2009-07-06,-0.065751,-761.0,si
2009-07-07,0.127450,1475.1,si
2009-07-08,0.267466,3095.7,si
2009-07-09,0.428914,4964.3,si
2009-07-10,0.093433,1081.4,si
2009-07-11,0.027955,323.6,si
2009-07-12,-0.032103,-371.6,si
2009-07-13,-0.032473,-375.8,si
2009-07-14,0.268803,3111.1,si
2009-07-15,-0.053757,-622.2,si
2009-07-16,-0.086446,-1000.5,si
2009-07-17,-0.059975,-694.2,si
2009-07-18,0.284180,3289.1,si
2009-07-19,-0.015684,-181.5,si
2009-07-20,-0.083195,-962.9,si
2009-07-21,0.349535,4045.5,si
2009-07-22,-0.127318,-1473.6,si
2009-07-23,-0.017770,-205.7,si
2009-07-24,-0.185280,-2144.4,si
2009-07-25,-0.142193,-1645.8,si
2009-07-26,-0.068838,-796.7,si
2009-07-27,-0.174070,-2014.7,si
2009-07-28,-0.135545,-1568.8,si
2009-07-29,-0.095128,-1101.0,si
2009-07-30,0.224529,2598.7,si
2009-07-31,-0.075799,-877.3,si
2009-08-01,-0.043811,-507.1,si
2009-08-02,-0.020194,-233.7,si
2009-08-03,0.024875,287.9,si
2009-08-04,-0.038957,-450.9,si
2009-08-05,0.385472,4461.5,si
2009-08-06,0.591547,6846.6,si
2009-08-07,0.837990,9699.0,si
2009-08-08,0.197463,2285.5,si
2009-08-09,0.192654,2229.8,si
2009-08-10,0.139402,1613.5,si
2009-08-11,0.237996,2754.6,si
2009-08-12,0.186005,2152.8,si
2009-08-13,0.149613,1731.6,si
2009-08-14,0.245137,2837.2,si
2009-08-15,-0.023921,-276.9,si
2009-08-16,0.162990,1886.5,si
2009-08-17,-0.129478,-1498.6,si
2009-08-18,-0.131326,-1520.0,si
2009-08-19,-0.108977,-1261.3,si
2009-08-20,0.004505,52.1,si
2009-08-21,0.088088,1019.5,si
2009-08-22,0.281160,3254.2,si
2009-08-23,-0.072560,-839.8,si
2009-08-24,0.126720,1466.7,si
2009-08-25,0.219906,2545.2,si
2009-08-26,0.053251,616.3,si
2009-08-27,0.020763,240.3,si
2009-08-28,0.184153,2131.4,si
2009-08-29,0.901633,10435.6,si
2009-08-30,0.256112,2964.3,si
2009-08-31,0.049173,569.1,si
2009-09-01,-0.008114,-93.9,si
2009-09-02,0.177470,2054.0,si
2009-09-03,0.173941,2013.2,si
2009-09-04,0.223285,2584.3,si
2009-09-05,0.127890,1480.2,si
2009-09-06,0.157202,1819.5,si
2009-09-07,0.107978,1249.7,si
2009-09-08,0.080056,926.6,si
2009-09-09,0.612795,7092.5,si
2009-09-10,0.122364,1416.3,si
2009-09-11,0.270479,3130.5,si
2009-09-12,0.180152,2085.1,si
2009-09-13,0.192276,2225.4,si
2009-09-14,0.088659,1026.1,si
2009-09-15,0.574408,6648.2,si
2009-09-16,0.224195,2594.9,si
2009-09-17,0.220435,2551.3,si
2009-09-18,0.117920,1364.8,si
2009-09-19,0.156530,1811.7,si
2009-09-20,0.289303,3348.4,si
2009-09-21,0.182691,2114.5,si
2009-09-22,0.155191,1796.2,si
2009-09-23,0.102824,1190.1,si
2009-09-24,0.110502,1279.0,si
2009-09-25,0.614202,7108.8,si
2009-09-26,0.169950,1967.0,si
2009-09-27,0.232053,2685.8,si
2009-09-28,0.186309,2156.4,si
2009-09-29,0.105762,1224.1,si
2009-09-30,0.138478,1602.8,si
2009-10-01,0.067511,781.4,si
2009-10-02,0.082220,951.6,si
2009-10-03,-0.082275,-952.3,si
2009-10-04,-0.046686,-540.3,si
2009-10-05,-0.060841,-704.2,si
2009-10-06,-0.062982,-729.0,si
2009-10-07,0.039652,458.9,si
2009-10-08,-0.022566,-261.2,si
2009-10-09,-0.091918,-1063.9,si
2009-10-10,-0.061899,-716.4,si
2009-10-11,-0.012364,-143.1,si
2009-10-12,-0.080327,-929.7,si
2009-10-13,-0.057687,-667.7,si
2009-10-14,-0.028233,-326.8,si
2009-10-15,0.164771,1907.1,si
2009-10-16,0.205576,2379.4,si
2009-10-17,-0.041665,-482.2,si
2009-10-18,-0.068211,-789.5,si
2009-10-19,0.083130,962.1,si
2009-10-20,0.034996,405.0,si
2009-10-21,0.153241,1773.6,si
2009-10-22,-0.085307,-987.4,si
2009-10-23,0.073996,856.4,si
2009-10-24,0.084286,975.5,si
2009-10-25,-0.115666,-1338.7,si
2009-10-26,-0.034459,-398.8,si
2009-10-27,-0.038221,-442.4,si
2009-10-28,-0.057872,-669.8,si
2009-10-29,-0.067299,-778.9,si
2009-10-30,0.097509,1128.6,si
2009-10-31,0.087914,1017.5,si
2009-11-01,0.092522,1070.9,si
2009-11-02,0.314551,3640.6,si
2009-11-03,0.335530,3883.5,si
2009-11-04,0.603508,6985.0,si
2009-11-05,0.355577,4115.5,si
2009-11-06,0.223171,2583.0,si
2009-11-07,0.323403,3743.1,si
2009-11-08,0.445791,5159.6,si
2009-11-09,0.284153,3288.8,si
2009-11-10,0.128465,1486.9,si
2009-11-11,0.130972,1515.9,si
2009-11-12,0.208937,2418.3,si
2009-11-13,0.125208,1449.2,si
2009-11-14,0.179768,2080.7,si
2009-11-15,0.089819,1039.6,si
2009-11-16,0.115496,1336.8,si
2009-11-17,0.098558,1140.7,si
2009-11-18,0.140774,1629.3,si
2009-11-19,0.044193,511.5,si
2009-11-20,0.095028,1099.9,si
2009-11-21,0.128154,1483.3,si
2009-11-22,0.097990,1134.1,si
2009-11-23,0.146057,1690.5,si
2009-11-24,0.145006,1678.3,si
2009-11-25,0.081926,948.2,si
2009-11-26,0.144155,1668.5,si
2009-11-27,0.093582,1083.1,si
2009-11-28,0.138984,1608.6,si
2009-11-29,0.152571,1765.9,si
2009-11-30,0.083938,971.5,si
2009-12-01,0.083283,963.9,si
2009-12-02,0.209809,2428.3,si
2009-12-03,0.136540,1580.3,si
2009-12-04,0.183160,2119.9,si
2009-12-05,0.158740,1837.3,si
2009-12-06,0.151646,1755.2,si
2009-12-07,0.123014,1423.8,si
2009-12-08,0.141690,1639.9,si
2009-12-09,0.164416,1903.0,si
2009-12-10,0.201451,2331.6,si
2009-12-11,0.195607,2264.0,si
2009-12-12,0.255698,2959.5,si
2009-12-13,0.207174,2397.8,si
2009-12-14,0.217179,2513.6,si
2009-12-15,0.193785,2242.9,si
2009-12-16,0.161930,1874.2,si
2009-12-17,0.162728,1883.4,si
2009-12-18,0.215745,2497.1,si
2009-12-19,0.138771,1606.1,si
2009-12-20,0.136810,1583.5,si
2009-12-21,0.175341,2029.4,si
2009-12-22,0.189453,2192.7,si
2009-12-23,0.135979,1573.8,si
2009-12-24,0.117012,1354.3,si
2009-12-25,0.267016,3090.5,si
2009-12-26,0.128028,1481.8,si
2009-12-27,0.203725,2357.9,si
2009-12-28,0.176877,2047.2,si
2009-12-29,0.176652,2044.6,si
2009-12-30,0.129524,1499.1,si
2009-12-31,0.189218,2190.0,si
2010-01-01,0.144891,1677.0,si
2010-01-02,0.065192,754.5,si
2010-01-03,0.065387,756.8,si
2010-01-04,0.041956,485.6,si
2010-01-05,0.020081,232.4,si
2010-01-06,0.039177,453.4,si
2010-01-07,0.063602,736.1,si
2010-01-08,0.101140,1170.6,si
2010-01-09,0.075658,875.7,si
2010-01-10,0.110129,1274.6,si
2010-01-11,0.092033,1065.2,si
2010-01-12,0.074042,857.0,si
2010-01-13,0.068539,793.3,si
2010-01-14,0.057129,661.2,si
2010-01-15,0.063630,736.5,si
2010-01-16,0.097793,1131.9,si
2010-01-17,0.094237,1090.7,si
2010-01-18,0.120295,1392.3,si
2010-01-19,0.062191,719.8,si
2010-01-20,0.141640,1639.4,si
2010-01-21,0.149130,1726.0,si
2010-01-22,0.051562,596.8,si
2010-01-23,0.039049,452.0,si
2010-01-24,0.067745,784.1,si
2010-01-25,0.092677,1072.7,si
2010-01-26,0.111694,1292.8,si
2010-01-27,0.034291,396.9,si
2010-01-28,0.058176,673.3,si
2010-01-29,0.061926,716.7,si
2010-01-30,0.078831,912.4,si
2010-01-31,0.110672,1280.9,si
2010-02-01,0.140206,1622.8,si
2010-02-02,0.019675,227.7,si
2010-02-03,-0.009259,-107.2,si
2010-02-04,0.000206,2.4,si
2010-02-05,0.043552,504.1,si
2010-02-06,0.053649,620.9,si
2010-02-07,0.009124,105.6,si
2010-02-08,0.066684,771.8,si
2010-02-09,0.008877,102.7,si
2010-02-10,0.043707,505.9,si
2010-02-11,-0.036787,-425.8,si
2010-02-12,-0.073080,-845.8,si
2010-02-13,-0.047595,-550.9,si
2010-02-14,0.052797,611.1,si
2010-02-15,0.051195,592.5,si
2010-02-16,0.014263,165.1,si
2010-02-17,-0.011236,-130.0,si
2010-02-18,-0.034246,-396.4,si
2010-02-19,0.043042,498.2,si
2010-02-20,0.030862,357.2,si
2010-02-21,0.009818,113.6,si
2010-02-22,0.016754,193.9,si
2010-02-23,0.699603,8097.3,si
2010-02-24,0.021119,244.4,si
2010-02-25,0.172085,1991.7,si
2010-02-26,0.065640,759.7,si
2010-02-27,0.023494,271.9,si
2010-02-28,-0.017131,-198.3,si
2010-03-01,0.007630,88.3,si
2010-03-02,-0.228686,-2646.8,si
2010-03-03,-0.101962,-1180.1,si
2010-03-04,-0.152629,-1766.5,si
2010-03-05,-0.182078,-2107.4,si
2010-03-06,-0.007026,-81.3,si
2010-03-07,-0.176188,-2039.2,si
2010-03-08,-0.031699,-366.9,si
2010-03-09,-0.079625,-921.6,si
2010-03-10,-0.188023,-2176.2,si
2010-03-11,-0.177298,-2052.1,si
2010-03-12,-0.098904,-1144.7,si
2010-03-13,-0.174706,-2022.1,si
2010-03-14,-0.150294,-1739.5,si
2010-03-15,-0.218169,-2525.1,si
2010-03-16,-0.190469,-2204.5,si
2010-03-17,-0.211388,-2446.6,si
2010-03-18,0.081529,943.6,si
2010-03-19,-0.211747,-2450.8,si
2010-03-20,-0.109182,-1263.7,si
2010-03-21,-0.240128,-2779.3,si
2010-03-22,-0.202181,-2340.1,si
2010-03-23,-0.240879,-2788.0,si
2010-03-24,-0.232428,-2690.1,si
2010-03-25,-0.306249,-3544.5,si
2010-03-26,-0.181199,-2097.2,si
2010-03-27,-0.254344,-2943.8,si
2010-03-28,-0.279715,-3237.4,si
2010-03-29,-0.265869,-3077.2,si
2010-03-30,0.237677,2750.9,si
2010-03-31,-0.144516,-1672.6,si
2010-04-01,-0.225978,-2615.5,si
2010-04-02,-0.371019,-4294.2,si
2010-04-03,0.151613,1754.8,si
2010-04-04,-0.229884,-2660.7,si
2010-04-05,0.088279,1021.7,si
2010-04-06,0.828339,9587.3,si
2010-04-07,-0.061735,-714.5,si
2010-04-08,0.487504,5642.4,si
2010-04-09,0.097346,1126.7,si
2010-04-10,0.217313,2515.2,si
2010-04-11,-0.005272,-61.0,si
2010-04-12,0.589966,6828.3,si
2010-04-13,0.777257,8996.0,si
2010-04-14,1.133181,13115.5,si
2010-04-15,0.708722,8202.8,si
2010-04-16,0.241858,2799.3,si
2010-04-17,0.564612,6534.9,si
2010-04-18,1.241402,14368.1,si
2010-04-19,0.324937,3760.8,si
2010-04-20,0.094065,1088.7,si
2010-04-21,0.005214,60.3,si
2010-04-22,0.050946,589.7,si
2010-04-23,0.146062,1690.5,si
2010-04-24,-0.044289,-512.6,si
2010-04-25,0.168960,1955.6,si
2010-04-26,-0.066319,-767.6,si
2010-04-27,0.032532,376.5,si
2010-04-28,-0.122287,-1415.4,si
2010-04-29,-0.135934,-1573.3,si
2010-04-30,-0.187538,-2170.6,si
2010-05-01,-0.214602,-2483.8,si
2010-05-02,0.053384,617.9,si
2010-05-03,0.026026,301.2,si
2010-05-04,0.395420,4576.6,si
2010-05-05,-0.024355,-281.9,si
2010-05-06,-0.225469,-2609.6,si
2010-05-07,-0.004338,-50.2,si
2010-05-08,-0.234138,-2709.9,si
2010-05-09,-0.120938,-1399.7,si
2010-05-10,0.330302,3822.9,si
2010-05-11,0.135555,1568.9,si
2010-05-12,-0.263621,-3051.2,si
2010-05-13,-0.207349,-2399.9,si
2010-05-14,-0.002840,-32.9,si
2010-05-15,-0.305536,-3536.3,si
2010-05-16,-0.225649,-2611.7,si
2010-05-17,-0.153125,-1772.3,si
2010-05-18,-0.215940,-2499.3,si
2010-05-19,-0.122630,-1419.3,si
2010-05-20,-0.200775,-2323.8,si
2010-05-21,-0.187433,-2169.4,si
2010-05-22,0.298374,3453.4,si
2010-05-23,0.045631,528.1,si
2010-05-24,0.316914,3668.0,si
2010-05-25,-0.084680,-980.1,si
2010-05-26,0.364304,4216.5,si
2010-05-27,0.316338,3661.3,si
2010-05-28,1.137436,13164.8,si
2010-05-29,0.430780,4985.9,si
2010-05-30,0.568267,6577.2,si
2010-05-31,0.084889,982.5,si
2010-06-01,-0.078349,-906.8,si
2010-06-02,-0.294253,-3405.7,si
2010-06-03,-0.443440,-5132.4,si
2010-06-04,-0.330163,-3821.3,si
2010-06-05,0.845797,9789.3,si
2010-06-06,-0.186382,-2157.2,si
2010-06-07,-0.288035,-3333.7,si
2010-06-08,-0.307719,-3561.6,si
2010-06-09,-0.342159,-3960.2,si
2010-06-10,-0.452157,-5233.3,si
2010-06-11,-0.415024,-4803.5,si
2010-06-12,-0.292937,-3390.5,si
2010-06-13,0.772464,8940.6,si
2010-06-14,-0.089988,-1041.5,si
2010-06-15,-0.308613,-3571.9,si
2010-06-16,-0.411268,-4760.0,si
2010-06-17,-0.368164,-4261.2,si
2010-06-18,-0.413686,-4788.0,si
2010-06-19,-0.481716,-5575.4,si
2010-06-20,0.953877,11040.2,si
2010-06-21,-0.131389,-1520.7,si
2010-06-22,0.194126,2246.8,si
2010-06-23,0.509590,5898.0,si
2010-06-24,-0.137627,-1592.9,si
2010-06-25,-0.116615,-1349.7,si
2010-06-26,-0.296149,-3427.6,si
2010-06-27,-0.321057,-3715.9,si
2010-06-28,0.279940,3240.1,si
2010-06-29,-0.331242,-3833.8,si
2010-06-30,-0.108222,-1252.6,si
2010-07-01,0.163965,1897.7,si
2010-07-02,0.483117,5591.6,si
2010-07-03,0.122992,1423.5,si
2010-07-04,0.126252,1461.3,si
2010-07-05,0.395147,4573.5,si
2010-07-06,0.146349,1693.8,si
2010-07-07,-0.051719,-598.6,si
2010-07-08,-0.162738,-1883.5,si
2010-07-09,-0.164256,-1901.1,si
2010-07-10,1.017234,11773.5,si
2010-07-11,0.368940,4270.1,si
2010-07-12,-0.052612,-608.9,si
2010-07-13,-0.142789,-1652.6,si
2010-07-14,-0.059453,-688.1,si
2010-07-15,0.763111,8832.3,si
2010-07-16,1.147137,13277.1,si
2010-07-17,0.496403,5745.4,si
2010-07-18,0.032546,376.7,si
2010-07-19,-0.158527,-1834.8,si
2010-07-20,-0.287837,-3331.4,si
2010-07-21,-0.303460,-3512.3,si
2010-07-22,1.051292,12167.7,si
2010-07-23,0.622106,7200.3,si
2010-07-24,-0.010783,-124.8,si
2010-07-25,-0.152851,-1769.1,si
2010-07-26,0.031410,363.5,si
2010-07-27,0.538137,6228.4,si
2010-07-28,-0.038656,-447.4,si
2010-07-29,0.093105,1077.6,si
2010-07-30,-0.168192,-1946.7,si
2010-07-31,-0.333912,-3864.7,si
2010-08-01,-0.388908,-4501.3,si
2010-08-02,0.216748,2508.7,si
2010-08-03,0.496926,5751.5,si
2010-08-04,0.037374,432.6,si
2010-08-05,-0.002945,-34.1,si
2010-08-06,0.004348,50.3,si
2010-08-07,-0.115574,-1337.7,si
2010-08-08,-0.153788,-1780.0,si
2010-08-09,-0.062794,-726.8,si
2010-08-10,-0.069819,-808.1,si
2010-08-11,-0.057987,-671.1,si
2010-08-12,-0.084328,-976.0,si
2010-08-13,0.854468,9889.7,si
2010-08-14,0.660813,7648.3,si
2010-08-15,0.206364,2388.5,si
2010-08-16,0.020081,232.4,si
2010-08-17,-0.156952,-1816.6,si
2010-08-18,-0.029677,-343.5,si
2010-08-19,-0.111439,-1289.8,si
2010-08-20,-0.043283,-501.0,si
2010-08-21,-0.085298,-987.2,si
2010-08-22,-0.107153,-1240.2,si
2010-08-23,-0.214871,-2486.9,si
2010-08-24,-0.167925,-1943.6,si
2010-08-25,0.105380,1219.7,si
2010-08-26,-0.163801,-1895.8,si
2010-08-27,0.056618,655.3,si
2010-08-28,0.110426,1278.1,si
2010-08-29,0.192961,2233.3,si
2010-08-30,-0.129820,-1502.5,si
2010-08-31,-0.165548,-1916.1,si
2010-09-01,-0.064868,-750.8,si
2010-09-02,-0.057216,-662.2,si
2010-09-03,0.034885,403.8,si
2010-09-04,-0.067575,-782.1,si
2010-09-05,-0.112082,-1297.2,si
2010-09-06,0.898174,10395.5,si
2010-09-07,0.108063,1250.7,si
2010-09-08,0.040371,467.3,si
2010-09-09,0.137487,1591.3,si
2010-09-10,-0.077124,-892.6,si
2010-09-11,-0.015620,-180.8,si
2010-09-12,-0.011376,-131.7,si
2010-09-13,-0.107080,-1239.3,si
2010-09-14,-0.119150,-1379.1,si
2010-09-15,-0.068173,-789.0,si
2010-09-16,-0.047755,-552.7,si
2010-09-17,-0.053631,-620.7,si
2010-09-18,-0.091034,-1053.6,si
2010-09-19,-0.047879,-554.2,si
2010-09-20,-0.082495,-954.8,si
2010-09-21,-0.062063,-718.3,si
2010-09-22,-0.040365,-467.2,si
2010-09-23,-0.118274,-1368.9,si
2010-09-24,-0.109784,-1270.6,si
2010-09-25,-0.139128,-1610.3,si
2010-09-26,-0.126501,-1464.1,si
2010-09-27,-0.043222,-500.3,si
2010-09-28,0.116599,1349.5,si
2010-09-29,0.149370,1728.8,si
2010-09-30,-0.018014,-208.5,si
2010-10-01,0.010879,125.9,si
2010-10-02,-0.463862,-5368.8,si
2010-10-03,-0.267074,-3091.1,si
2010-10-04,-0.210445,-2435.7,si
2010-10-05,-0.418539,-4844.2,si
2010-10-06,-0.345912,-4003.6,si
2010-10-07,-0.475290,-5501.0,si
2010-10-08,0.172923,2001.4,si
2010-10-09,-0.275363,-3187.1,si
2010-10-10,-0.208990,-2418.9,si
2010-10-11,-0.326989,-3784.6,si
2010-10-12,-0.225539,-2610.4,si
2010-10-13,-0.343619,-3977.1,si
2010-10-14,-0.365838,-4234.2,si
2010-10-15,-0.149403,-1729.2,si
2010-10-16,-0.388108,-4492.0,si
2010-10-17,-0.371993,-4305.5,si
2010-10-18,0.688750,7971.6,si
2010-10-19,0.142422,1648.4,si
2010-10-20,0.394802,4569.5,si
2010-10-21,0.284179,3289.1,si
2010-10-22,-0.106055,-1227.5,si
2010-10-23,-0.225475,-2609.7,si
2010-10-24,-0.004434,-51.3,si
2010-10-25,0.204035,2361.5,si
2010-10-26,0.114524,1325.5,si
2010-10-27,-0.096374,-1115.4,si
2010-10-28,-0.242772,-2809.9,si
2010-10-29,-0.115668,-1338.7,si
2010-10-30,0.427808,4951.5,si
2010-10-31,-0.066662,-771.5,si
2010-11-01,-0.282535,-3270.1,si
2010-11-02,-0.045239,-523.6,si
2010-11-03,0.049138,568.7,si
2010-11-04,-0.189166,-2189.4,si
2010-11-05,1.986336,22990.0,si
2010-11-06,1.596744,18480.8,si
2010-11-07,1.074660,12438.2,si
2010-11-08,1.481369,17145.5,si
2010-11-09,3.023745,34997.1,si
2010-11-10,1.256824,14546.6,si
2010-11-11,0.527750,6108.2,si
2010-11-12,0.577382,6682.7,si
2010-11-13,0.251948,2916.1,si
2010-11-14,1.016183,11761.4,si
2010-11-15,0.342434,3963.4,si
2010-11-16,0.691848,8007.5,si
2010-11-17,0.232270,2688.3,si
2010-11-18,0.103154,1193.9,si
2010-11-19,-0.130851,-1514.5,si
2010-11-20,-0.023816,-275.6,si
2010-11-21,-0.110999,-1284.7,si
2010-11-22,-0.190479,-2204.6,si
2010-11-23,0.192416,2227.0,si
2010-11-24,-0.026053,-301.5,si
2010-11-25,-0.215312,-2492.0,si
2010-11-26,-0.093488,-1082.0,si
2010-11-27,-0.216557,-2506.4,si
2010-11-28,-0.181087,-2095.9,si
2010-11-29,-0.206869,-2394.3,si
2010-11-30,-0.164520,-1904.2,si
2010-12-01,-0.080987,-937.4,si
2010-12-02,1.629979,18865.5,si
2010-12-03,1.048642,12137.1,si
2010-12-04,0.938360,10860.6,si
2010-12-05,0.452008,5231.6,si
2010-12-06,0.319114,3693.5,si
2010-12-07,0.214250,2479.7,si
2010-12-08,0.181677,2102.7,si
2010-12-09,0.182186,2108.6,si
2010-12-10,0.149736,1733.1,si
2010-12-11,0.146840,1699.5,si
2010-12-12,0.189828,2197.1,si
2010-12-13,0.170483,1973.2,si
2010-12-14,0.123267,1426.7,si
2010-12-15,0.339742,3932.2,si
2010-12-16,0.073653,852.5,si
2010-12-17,0.060551,700.8,si
2010-12-18,0.104401,1208.3,si
2010-12-19,0.080841,935.7,si
2010-12-20,0.024531,283.9,si
2010-12-21,-0.001133,-13.1,si
2010-12-22,0.015046,174.1,si
2010-12-23,0.165092,1910.8,si
2010-12-24,-0.019620,-227.1,si
2010-12-25,0.044727,517.7,si
2010-12-26,0.016542,191.5,si
2010-12-27,0.050298,582.2,si
2010-12-28,0.019819,229.4,si
2010-12-29,0.016720,193.5,si
2010-12-30,-0.033938,-392.8,si
2010-12-31,0.024321,281.5,si
2011-01-01,-0.023145,-267.9,si
2011-01-02,0.005477,63.4,si
2011-01-03,0.002731,31.6,si
2011-01-04,-0.023060,-266.9,si
2011-01-05,-0.047176,-546.0,si
2011-01-06,-0.029556,-342.1,si
2011-01-07,0.036942,427.6,si
2011-01-08,0.140803,1629.7,si
2011-01-09,0.085850,993.6,si
2011-01-10,0.040142,464.6,si
2011-01-11,0.021265,246.1,si
2011-01-12,0.001844,21.3,si
2011-01-13,-0.004981,-57.6,si
2011-01-14,-0.016977,-196.5,si
2011-01-15,-0.009932,-115.0,si
2011-01-16,0.023490,271.9,si
2011-01-17,0.019659,227.5,si
2011-01-18,0.044959,520.4,si
2011-01-19,-0.014118,-163.4,si
2011-01-20,0.065400,756.9,si
2011-01-21,0.072087,834.3,si
2011-01-22,-0.026875,-311.1,si
2011-01-23,-0.040528,-469.1,si
2011-01-24,-0.012407,-143.6,si
2011-01-25,0.012755,147.6,si
2011-01-26,0.032812,379.8,si
2011-01-27,-0.045791,-530.0,si
2011-01-28,-0.021575,-249.7,si
2011-01-29,-0.018646,-215.8,si
2011-01-30,-0.002172,-25.1,si
2011-01-31,0.031192,361.0,si
2011-02-01,0.060426,699.4,si
2011-02-02,-0.215054,-2489.0,si
2011-02-03,-0.245232,-2838.3,si
2011-02-04,-0.235349,-2723.9,si
2011-02-05,-0.191834,-2220.3,si
2011-02-06,-0.182147,-2108.2,si
2011-02-07,-0.203401,-2354.2,si
2011-02-08,0.247685,2866.7,si
2011-02-09,0.035480,410.7,si
2011-02-10,-0.154277,-1785.6,si
2011-02-11,-0.083172,-962.6,si
2011-02-12,-0.270697,-3133.1,si
2011-02-13,0.411698,4765.0,si
2011-02-14,0.055595,643.5,si
2011-02-15,-0.059229,-685.5,si
2011-02-16,0.833348,9645.2,si
2011-02-17,0.573406,6636.6,si
2011-02-18,0.108222,1252.6,si
2011-02-19,-0.054037,-625.4,si
2011-02-20,-0.077214,-893.7,si
2011-02-21,-0.054114,-626.3,si
2011-02-22,-0.067524,-781.5,si
2011-02-23,-0.160388,-1856.3,si
2011-02-24,0.595970,6897.8,si
2011-02-25,1.030086,11922.3,si
2011-02-26,0.410350,4749.4,si
2011-02-27,0.207402,2400.5,si
2011-02-28,0.208255,2410.4,si
2011-03-01,1.321076,15290.2,si
2011-03-02,0.773130,8948.3,si
2011-03-03,0.508967,5890.8,si
2011-03-04,0.742832,8597.6,si
2011-03-05,0.443706,5135.5,si
2011-03-06,0.661320,7654.2,si
2011-03-07,0.206613,2391.4,si
2011-03-08,0.387974,4490.4,si
2011-03-09,0.633182,7328.5,si
2011-03-10,0.210029,2430.9,si
2011-03-11,0.051227,592.9,si
2011-03-12,0.106508,1232.7,si
2011-03-13,-0.008873,-102.7,si
2011-03-14,-0.020590,-238.3,si
2011-03-15,-0.105918,-1225.9,si
2011-03-16,-0.214639,-2484.2,si
2011-03-17,-0.122060,-1412.7,si
2011-03-18,-0.141141,-1633.6,si
2011-03-19,-0.170034,-1968.0,si
2011-03-20,-0.007189,-83.2,si
2011-03-21,0.508267,5882.7,si
2011-03-22,0.593138,6865.0,si
2011-03-23,0.544107,6297.5,si
2011-03-24,0.104809,1213.1,si
2011-03-25,-0.023327,-270.0,si
2011-03-26,0.024355,281.9,si
2011-03-27,-0.108494,-1255.7,si
2011-03-28,-0.153471,-1776.3,si
2011-03-29,-0.168726,-1952.9,si
2011-03-30,-0.077693,-899.2,si
2011-03-31,-0.097277,-1125.9,si
2011-04-01,-0.178204,-2062.5,si
2011-04-02,-0.777185,-8995.2,si
2011-04-03,-0.703697,-8144.6,si
2011-04-04,-0.609647,-7056.1,si
2011-04-05,-0.549796,-6363.4,si
2011-04-06,-0.719103,-8323.0,si
2011-04-07,-0.681671,-7889.7,si
2011-04-08,-0.623558,-7217.1,si
2011-04-09,-0.210192,-2432.8,si
2011-04-10,0.343448,3975.1,si
2011-04-11,0.357862,4141.9,si
2011-04-12,0.883093,10221.0,si
2011-04-13,0.134264,1554.0,si
2011-04-14,0.059104,684.1,si
2011-04-15,-0.351059,-4063.2,si
2011-04-16,1.764639,20424.1,si
2011-04-17,0.339337,3927.5,si
2011-04-18,0.166651,1928.8,si
2011-04-19,0.264175,3057.6,si
2011-04-20,-0.204706,-2369.3,si
2011-04-21,0.681352,7886.0,si
2011-04-22,1.387608,16060.3,si
2011-04-23,1.414750,16374.4,si
2011-04-24,0.287210,3324.2,si
2011-04-25,-0.088529,-1024.6,si
2011-04-26,-0.170809,-1977.0,si
2011-04-27,-0.283161,-3277.3,si
2011-04-28,0.035342,409.0,si
2011-04-29,-0.107512,-1244.4,si
2011-04-30,-0.279849,-3239.0,si
2011-05-01,-0.029677,-343.5,si
2011-05-02,0.925227,10708.6,si
2011-05-03,0.799796,9256.9,si
2011-05-04,0.810096,9376.1,si
2011-05-05,0.310876,3598.1,si
2011-05-06,0.189769,2196.4,si
2011-05-07,0.109062,1262.3,si
2011-05-08,-0.105378,-1219.7,si
2011-05-09,0.443091,5128.4,si
2011-05-10,0.136773,1583.0,si
2011-05-11,0.187362,2168.5,si
2011-05-12,0.165561,1916.2,si
2011-05-13,0.843692,9765.0,si
2011-05-14,1.280153,14816.6,si
2011-05-15,0.942906,10913.3,si
2011-05-16,0.406453,4704.3,si
2011-05-17,-0.016821,-194.7,si
2011-05-18,0.632758,7323.6,si
2011-05-19,1.863150,21564.2,si
2011-05-20,0.508627,5886.9,si
2011-05-21,-0.074463,-861.8,si
2011-05-22,-0.268157,-3103.7,si
2011-05-23,-0.043164,-499.6,si
2011-05-24,1.040997,12048.6,si
2011-05-25,1.655026,19155.4,si
2011-05-26,0.569355,6589.8,si
2011-05-27,0.215248,2491.3,si
2011-05-28,0.160124,1853.3,si
2011-05-29,0.217695,2519.6,si
2011-05-30,0.047096,545.1,si
2011-05-31,0.391065,4526.2,si
2011-06-01,0.356509,4126.3,si
2011-06-02,-0.175562,-2032.0,si
2011-06-03,-0.117844,-1363.9,si
2011-06-04,-0.319362,-3696.3,si
2011-06-05,-0.460440,-5329.2,si
2011-06-06,-0.692372,-8013.6,si
2011-06-07,-0.542197,-6275.4,si
2011-06-08,-0.159374,-1844.6,si
2011-06-09,-0.359686,-4163.0,si
2011-06-10,-0.277452,-3211.3,si
2011-06-11,0.627752,7265.6,si
2011-06-12,0.063844,738.9,si
2011-06-13,0.314306,3637.8,si
2011-06-14,0.108599,1256.9,si
2011-06-15,0.031663,366.5,si
2011-06-16,-0.037948,-439.2,si
2011-06-17,0.361092,4179.3,si
2011-06-18,0.399428,4623.0,si
2011-06-19,-0.003630,-42.0,si
2011-06-20,-0.002946,-34.1,si
2011-06-21,-0.079166,-916.3,si
2011-06-22,-0.043434,-502.7,si
2011-06-23,0.164352,1902.2,si
2011-06-24,-0.060311,-698.0,si
2011-06-25,-0.052259,-604.8,si
2011-06-26,1.060102,12269.7,si
2011-06-27,0.650369,7527.4,si
2011-06-28,0.186830,2162.4,si
2011-06-29,0.098509,1140.1,si
2011-06-30,0.085903,994.3,si
2011-07-01,-0.023274,-269.4,si
2011-07-02,0.021563,249.6,si
2011-07-03,-0.016305,-188.7,si
2011-07-04,-0.010568,-122.3,si
2011-07-05,0.340663,3942.9,si
2011-07-06,0.181538,2101.1,si
2011-07-07,0.096499,1116.9,si
2011-07-08,-0.102644,-1188.0,si
2011-07-09,0.282042,3264.4,si
2011-07-10,0.389801,4511.6,si
2011-07-11,0.241129,2790.8,si
2011-07-12,1.349167,15615.4,si
2011-07-13,0.712830,8250.3,si
2011-07-14,0.269524,3119.5,si
2011-07-15,0.104664,1211.4,si
2011-07-16,-0.020605,-238.5,si
2011-07-17,-0.015686,-181.6,si
2011-07-18,0.340111,3936.5,si
2011-07-19,0.009154,105.9,si
2011-07-20,-0.066523,-769.9,si
2011-07-21,-0.000224,-2.6,si
2011-07-22,0.144204,1669.0,si
2011-07-23,0.299593,3467.5,si
2011-07-24,0.100011,1157.5,si
2011-07-25,0.020241,234.3,si
2011-07-26,0.104033,1204.1,si
2011-07-27,0.091279,1056.5,si
2011-07-28,-0.069142,-800.3,si
2011-07-29,0.726815,8412.2,si
2011-07-30,0.349072,4040.2,si
2011-07-31,0.140253,1623.3,si
2011-08-01,0.069011,798.7,si
2011-08-02,-0.064056,-741.4,si
2011-08-03,-0.110312,-1276.8,si
2011-08-04,0.273533,3165.9,si
2011-08-05,-0.097147,-1124.4,si
2011-08-06,0.044503,515.1,si
2011-08-07,0.655843,7590.8,si
2011-08-08,0.149609,1731.6,si
2011-08-09,0.403598,4671.3,si
2011-08-10,0.265202,3069.5,si
2011-08-11,0.318462,3685.9,si
2011-08-12,0.087944,1017.9,si
2011-08-13,-0.000887,-10.3,si
2011-08-14,0.054657,632.6,si
2011-08-15,0.050619,585.9,si
2011-08-16,-0.108570,-1256.6,si
2011-08-17,-0.226989,-2627.2,si
2011-08-18,0.276783,3203.5,si
2011-08-19,0.005511,63.8,si
2011-08-20,-0.010108,-117.0,si
2011-08-21,-0.028733,-332.6,si
2011-08-22,-0.009262,-107.2,si
2011-08-23,0.403951,4675.4,si
2011-08-24,0.091099,1054.4,si
2011-08-25,0.039711,459.6,si
2011-08-26,0.653835,7567.5,si
2011-08-27,0.099007,1145.9,si
2011-08-28,0.069198,800.9,si
2011-08-29,0.089896,1040.5,si
2011-08-30,-0.002057,-23.8,si
2011-08-31,0.335106,3878.5,si
2011-09-01,0.346206,4007.0,si
2011-09-02,1.113804,12891.2,si
2011-09-03,0.527540,6105.8,si
2011-09-04,0.223410,2585.8,si
2011-09-05,0.251823,2914.6,si
2011-09-06,0.124493,1440.9,si
2011-09-07,0.011320,131.0,si
2011-09-08,0.832531,9635.8,si
2011-09-09,0.473910,5485.1,si
2011-09-10,1.142395,13222.2,si
2011-09-11,1.987867,23007.7,si
2011-09-12,0.941944,10902.1,si
2011-09-13,0.345400,3997.7,si
2011-09-14,0.149346,1728.5,si
2011-09-15,0.111478,1290.3,si
2011-09-16,0.027135,314.1,si
2011-09-17,-0.026523,-307.0,si
2011-09-18,0.060614,701.6,si
2011-09-19,-0.123185,-1425.7,si
2011-09-20,0.062942,728.5,si
2011-09-21,0.311274,3602.7,si
2011-09-22,-0.067123,-776.9,si
2011-09-23,-0.076623,-886.8,si
2011-09-24,0.390968,4525.1,si
2011-09-25,0.224497,2598.3,si
2011-09-26,-0.024306,-281.3,si
2011-09-27,-0.140680,-1628.2,si
2011-09-28,-0.151716,-1756.0,si
2011-09-29,-0.224049,-2593.2,si
2011-09-30,-0.076697,-887.7,si
2011-10-01,-0.283788,-3284.6,si
2011-10-02,-0.263537,-3050.2,si
2011-10-03,-0.082384,-953.5,si
2011-10-04,0.233372,2701.1,si
2011-10-05,-0.086920,-1006.0,si
2011-10-06,0.447458,5178.9,si
2011-10-07,-0.046741,-541.0,si
2011-10-08,-0.037103,-429.4,si
2011-10-09,-0.113320,-1311.6,si
2011-10-10,-0.027030,-312.8,si
2011-10-11,0.161604,1870.4,si
2011-10-12,2.449296,28348.3,si
2011-10-13,1.025979,11874.8,si
2011-10-14,2.371434,27447.2,si
2011-10-15,1.454897,16839.1,si
2011-10-16,1.113231,12884.6,si
2011-10-17,0.597101,6910.9,si
2011-10-18,0.611398,7076.4,si
2011-10-19,1.538103,17802.1,si
2011-10-20,1.167205,13509.3,si
2011-10-21,0.348497,4033.5,si
2011-10-22,0.008514,98.5,si
2011-10-23,0.306704,3549.8,si
2011-10-24,0.229939,2661.3,si
2011-10-25,-0.179391,-2076.3,si
2011-10-26,-0.280825,-3250.3,si
2011-10-27,-0.275094,-3184.0,si
2011-10-28,-0.301795,-3493.0,si
2011-10-29,-0.385689,-4464.0,si
2011-10-30,-0.474769,-5495.0,si
2011-10-31,-0.483033,-5590.7,si
2011-11-01,-0.494772,-5726.5,si
2011-11-02,-0.349301,-4042.8,si
2011-11-03,-0.256774,-2971.9,si
2011-11-04,-0.214483,-2482.4,si
2011-11-05,-0.172829,-2000.3,si
2011-11-06,-0.005007,-58.0,si
2011-11-07,-0.096011,-1111.2,si
2011-11-08,-0.041758,-483.3,si
2011-11-09,-0.264165,-3057.5,si
2011-11-10,-0.226787,-2624.8,si
2011-11-11,-0.077259,-894.2,si
2011-11-12,-0.387194,-4481.4,si
2011-11-13,-0.176893,-2047.4,si
2011-11-14,-0.108617,-1257.1,si
2011-11-15,0.027922,323.2,si
2011-11-16,0.396453,4588.6,si
2011-11-17,0.044154,511.0,si
2011-11-18,-0.021708,-251.2,si
2011-11-19,0.240958,2788.9,si
2011-11-20,0.028531,330.2,si
2011-11-21,0.418980,4849.3,si
2011-11-22,-0.004910,-56.8,si
2011-11-23,-0.004799,-55.5,si
2011-11-24,-0.036676,-424.5,si
2011-11-25,0.035816,414.5,si
2011-11-26,-0.070900,-820.6,si
2011-11-27,0.103439,1197.2,si
2011-11-28,0.780404,9032.5,si
2011-11-29,0.194103,2246.6,si
2011-11-30,0.990537,11464.6,si
2011-12-01,1.126231,13035.1,si
2011-12-02,1.697990,19652.7,si
2011-12-03,0.806393,9333.3,si
2011-12-04,0.671179,7768.3,si
2011-12-05,1.599380,18511.3,si
2011-12-06,0.939730,10876.5,si
2011-12-07,0.473367,5478.8,si
2011-12-08,0.248883,2880.6,si
2011-12-09,0.177840,2058.3,si
2011-12-10,0.126144,1460.0,si
2011-12-11,0.060933,705.2,si
2011-12-12,0.089260,1033.1,si
2011-12-13,0.050137,580.3,si
2011-12-14,0.061348,710.1,si
2011-12-15,-0.001068,-12.4,si
2011-12-16,-0.013222,-153.0,si
2011-12-17,0.004359,50.5,si
2011-12-18,0.077085,892.2,si
2011-12-19,0.004988,57.7,si
2011-12-20,-0.005307,-61.4,si
2011-12-21,0.040696,471.0,si
2011-12-22,0.055636,643.9,si
2011-12-23,0.046035,532.8,si
2011-12-24,0.009074,105.0,si
2011-12-25,0.012140,140.5,si
2011-12-26,0.019204,222.3,si
2011-12-27,0.120441,1394.0,si
2011-12-28,0.089666,1037.8,si
2011-12-29,0.086455,1000.6,si
2011-12-30,0.035348,409.1,si
2011-12-31,0.093909,1086.9,si
2012-01-01,0.046005,532.5,si
2012-01-02,0.012388,143.4,si
2012-01-03,0.990755,11467.1,si
2012-01-04,0.203638,2356.9,si
2012-01-05,0.070104,811.4,si
2012-01-06,0.126259,1461.3,si
2012-01-07,0.126049,1458.9,si
2012-01-08,0.121669,1408.2,si
2012-01-09,0.116822,1352.1,si
2012-01-10,0.141848,1641.8,si
2012-01-11,0.116307,1346.1,si
2012-01-12,0.091858,1063.2,si
2012-01-13,0.078831,912.4,si
2012-01-14,0.060667,702.2,si
2012-01-15,0.061431,711.0,si
2012-01-16,0.090711,1049.9,si
2012-01-17,0.476931,5520.0,si
2012-01-18,0.500392,5791.6,si
2012-01-19,0.452380,5235.9,si
2012-01-20,0.792745,9175.3,si
2012-01-21,0.333100,3855.3,si
2012-01-22,0.206801,2393.5,si
2012-01-23,0.139412,1613.6,si
2012-01-24,0.148052,1713.6,si
2012-01-25,0.159552,1846.7,si
2012-01-26,0.162623,1882.2,si
2012-01-27,0.072099,834.5,si
2012-01-28,0.087694,1015.0,si
2012-01-29,0.082593,955.9,si
2012-01-30,0.092924,1075.5,si
2012-01-31,0.118385,1370.2,si
2012-02-01,0.143092,1656.2,si
2012-02-02,0.180373,2087.6,si
2012-02-03,0.145935,1689.1,si
2012-02-04,0.151047,1748.2,si
2012-02-05,0.429304,4968.8,si
2012-02-06,0.313476,3628.2,si
2012-02-07,0.200805,2324.1,si
2012-02-08,0.211113,2443.4,si
2012-02-09,0.144213,1669.1,si
2012-02-10,0.186216,2155.3,si
2012-02-11,0.101971,1180.2,si
2012-02-12,0.062003,717.6,si
2012-02-13,0.086224,998.0,si
2012-02-14,0.182150,2108.2,si
2012-02-15,0.182051,2107.1,si
2012-02-16,0.143122,1656.5,si
2012-02-17,0.114968,1330.6,si
2012-02-18,0.084990,983.7,si
2012-02-19,0.074204,858.8,si
2012-02-20,0.085299,987.3,si
2012-02-21,0.132158,1529.6,si
2012-02-22,0.137678,1593.5,si
2012-02-23,0.054567,631.6,si
2012-02-24,0.098055,1134.9,si
2012-02-25,0.042318,489.8,si
2012-02-26,0.092794,1074.0,si
2012-02-27,0.118015,1365.9,si
2012-02-28,0.076370,883.9,si
2012-02-29,0.103477,1197.6,si
2012-03-01,0.109185,1263.7,si
2012-03-02,-0.076077,-880.5,si
2012-03-03,-0.203625,-2356.8,si
2012-03-04,-0.304333,-3522.4,si
2012-03-05,-0.301974,-3495.1,si
2012-03-06,-0.268562,-3108.4,si
2012-03-07,-0.269225,-3116.0,si
2012-03-08,-0.289208,-3347.3,si
2012-03-09,-0.247414,-2863.6,si
2012-03-10,-0.262104,-3033.6,si
2012-03-11,-0.187592,-2171.2,si
2012-03-12,-0.256262,-2966.0,si
2012-03-13,-0.251301,-2908.6,si
2012-03-14,-0.313489,-3628.3,si
2012-03-15,-0.402116,-4654.1,si
2012-03-16,0.073192,847.1,si
2012-03-17,-0.161271,-1866.6,si
2012-03-18,0.022209,257.1,si
2012-03-19,-0.180285,-2086.6,si
2012-03-20,-0.238912,-2765.2,si
2012-03-21,0.122388,1416.5,si
2012-03-22,0.027481,318.1,si
2012-03-23,0.128536,1487.7,si
2012-03-24,0.147649,1708.9,si
2012-03-25,0.164148,1899.9,si
2012-03-26,0.165245,1912.6,si
2012-03-27,-0.128848,-1491.3,si
2012-03-28,-0.101439,-1174.1,si
2012-03-29,-0.005364,-62.1,si
2012-03-30,-0.065756,-761.1,si
2012-03-31,-0.214078,-2477.8,si
2012-04-01,-0.325920,-3772.2,si
2012-04-02,-0.678578,-7853.9,si
2012-04-03,-0.410275,-4748.6,si
2012-04-04,-0.607519,-7031.5,si
2012-04-05,-0.445521,-5156.5,si
2012-04-06,1.305876,15114.3,si
2012-04-07,0.387751,4487.9,si
2012-04-08,0.071706,829.9,si
2012-04-09,-0.429592,-4972.1,si
2012-04-10,1.077449,12470.5,si
2012-04-11,1.711654,19810.8,si
2012-04-12,2.278012,26365.9,si
2012-04-13,0.764507,8848.5,si
2012-04-14,0.765237,8856.9,si
2012-04-15,3.683463,42632.7,si
2012-04-16,1.315169,15221.9,si
2012-04-17,0.401113,4642.5,si
2012-04-18,0.665529,7702.9,si
2012-04-19,0.342124,3959.8,si
2012-04-20,-0.028050,-324.7,si
2012-04-21,2.554596,29567.1,si
2012-04-22,0.720094,8334.4,si
2012-04-23,0.084550,978.6,si
2012-04-24,-0.168884,-1954.7,si
2012-04-25,-0.160412,-1856.6,si
2012-04-26,-0.380478,-4403.7,si
2012-04-27,-0.462927,-5358.0,si
2012-04-28,-0.437467,-5063.3,si
2012-04-29,-0.519667,-6014.7,si
2012-04-30,-0.217987,-2523.0,si
2012-05-01,-0.192289,-2225.6,si
2012-05-02,0.268540,3108.1,si
2012-05-03,0.056580,654.9,si
2012-05-04,0.123287,1426.9,si
2012-05-05,0.052971,613.1,si
2012-05-06,0.075977,879.4,si
2012-05-07,0.037168,430.2,si
2012-05-08,0.006220,72.0,si
2012-05-09,0.014899,172.4,si
2012-05-10,-0.056296,-651.6,si
2012-05-11,0.329557,3814.3,si
2012-05-12,0.110126,1274.6,si
2012-05-13,-0.082774,-958.0,si
2012-05-14,-0.167533,-1939.0,si
2012-05-15,-0.057116,-661.1,si
2012-05-16,-0.033952,-393.0,si
2012-05-17,-0.080879,-936.1,si
2012-05-18,-0.094770,-1096.9,si
2012-05-19,-0.154440,-1787.5,si
2012-05-20,-0.158904,-1839.2,si
2012-05-21,-0.074146,-858.2,si
2012-05-22,-0.125737,-1455.3,si
2012-05-23,-0.123802,-1432.9,si
2012-05-24,-0.042625,-493.3,si
2012-05-25,0.016263,188.2,si
2012-05-26,-0.038249,-442.7,si
2012-05-27,-0.103171,-1194.1,si
2012-05-28,-0.095662,-1107.2,si
2012-05-29,-0.054143,-626.7,si
2012-05-30,-0.000900,-10.4,si
2012-05-31,-0.088154,-1020.3,si
2012-06-01,-0.175720,-2033.8,si
2012-06-02,0.106186,1229.0,si
2012-06-03,0.025762,298.2,si
2012-06-04,-0.192921,-2232.9,si
2012-06-05,-0.180570,-2089.9,si
2012-06-06,-0.222040,-2569.9,si
2012-06-07,0.205842,2382.4,si
2012-06-08,0.149887,1734.8,si
2012-06-09,0.000938,10.9,si
2012-06-10,0.102439,1185.6,si
2012-06-11,0.819521,9485.2,si
2012-06-12,0.406292,4702.5,si
2012-06-13,0.094677,1095.8,si
2012-06-14,0.205997,2384.2,si
2012-06-15,0.213941,2476.2,si
2012-06-16,0.203460,2354.9,si
2012-06-17,0.130675,1512.4,si
2012-06-18,0.021921,253.7,si
2012-06-19,0.021213,245.5,si
2012-06-20,0.352845,4083.9,si
2012-06-21,-0.000572,-6.6,si
2012-06-22,-0.067736,-784.0,si
2012-06-23,0.518739,6003.9,si
2012-06-24,0.311401,3604.2,si
2012-06-25,0.445876,5160.6,si
2012-06-26,0.163598,1893.5,si
2012-06-27,0.019587,226.7,si
2012-06-28,-0.052787,-611.0,si
2012-06-29,-0.028825,-333.6,si
2012-06-30,-0.024293,-281.2,si
2012-07-01,-0.019566,-226.5,si
2012-07-02,0.066868,773.9,si
2012-07-03,-0.148616,-1720.1,si
2012-07-04,0.219916,2545.3,si
2012-07-05,-0.025896,-299.7,si
2012-07-06,-0.060953,-705.5,si
2012-07-07,-0.220701,-2554.4,si
2012-07-08,-0.162059,-1875.7,si
2012-07-09,0.020089,232.5,si
2012-07-10,-0.161868,-1873.5,si
2012-07-11,0.054549,631.4,si
2012-07-12,-0.048294,-559.0,si
2012-07-13,-0.207634,-2403.2,si
2012-07-14,-0.280264,-3243.8,si
2012-07-15,0.591282,6843.5,si
2012-07-16,-0.114434,-1324.5,si
2012-07-17,0.206875,2394.4,si
2012-07-18,0.133432,1544.4,si
2012-07-19,0.113726,1316.3,si
2012-07-20,-0.126628,-1465.6,si
2012-07-21,0.379862,4396.5,si
2012-07-22,0.229290,2653.8,si
2012-07-23,0.302736,3503.9,si
2012-07-24,-0.016461,-190.5,si
2012-07-25,-0.145656,-1685.8,si
2012-07-26,0.313058,3623.4,si
2012-07-27,1.073514,12424.9,si
2012-07-28,0.353680,4093.5,si
2012-07-29,0.956570,11071.4,si
2012-07-30,0.244737,2832.6,si
2012-07-31,0.377604,4370.4,si
2012-08-01,0.004993,57.8,si
2012-08-02,0.048306,559.1,si
2012-08-03,0.095117,1100.9,si
2012-08-04,0.242686,2808.9,si
2012-08-05,0.362737,4198.3,si
2012-08-06,0.102069,1181.4,si
2012-08-07,0.395460,4577.1,si
2012-08-08,0.129884,1503.3,si
2012-08-09,0.055987,648.0,si
2012-08-10,0.036147,418.4,si
2012-08-11,0.041727,482.9,si
2012-08-12,-0.131232,-1518.9,si
2012-08-13,0.582098,6737.2,si
2012-08-14,0.181185,2097.0,si
2012-08-15,-0.213513,-2471.2,si
2012-08-16,-0.448646,-5192.7,si
2012-08-17,-0.041192,-476.8,si
2012-08-18,-0.356386,-4124.8,si
2012-08-19,-0.184645,-2137.1,si
2012-08-20,-0.376501,-4357.6,si
2012-08-21,-0.453723,-5251.4,si
2012-08-22,-0.118736,-1374.3,si
2012-08-23,-0.442278,-5119.0,si
2012-08-24,-0.442055,-5116.4,si
2012-08-25,-0.420914,-4871.7,si
2012-08-26,-0.558547,-6464.7,si
2012-08-27,-0.632419,-7319.7,si
2012-08-28,-0.290388,-3361.0,si
2012-08-29,0.095980,1110.9,si
2012-08-30,-0.275916,-3193.5,si
2012-08-31,-0.432387,-5004.5,si
2012-09-01,-0.320980,-3715.0,si
2012-09-02,-0.375103,-4341.5,si
2012-09-03,-0.111044,-1285.2,si
2012-09-04,0.523806,6062.6,si
2012-09-05,-0.009287,-107.5,si
2012-09-06,-0.022949,-265.6,si
2012-09-07,-0.286098,-3311.3,si
2012-09-08,-0.083783,-969.7,si
2012-09-09,0.044956,520.3,si
2012-09-10,0.264932,3066.3,si
2012-09-11,-0.126009,-1458.4,si
2012-09-12,0.404002,4676.0,si
2012-09-13,-0.094206,-1090.3,si
2012-09-14,0.430665,4984.5,si
2012-09-15,0.015608,180.6,si
2012-09-16,0.003423,39.6,si
2012-09-17,-0.155761,-1802.8,si
2012-09-18,-0.167322,-1936.6,si
2012-09-19,-0.251408,-2909.8,si
2012-09-20,-0.125155,-1448.6,si
2012-09-21,-0.204752,-2369.8,si
2012-09-22,-0.227091,-2628.4,si
2012-09-23,-0.237497,-2748.8,si
2012-09-24,-0.243350,-2816.5,si
2012-09-25,-0.244464,-2829.4,si
2012-09-26,-0.078961,-913.9,si
2012-09-27,-0.206829,-2393.9,si
2012-09-28,0.779778,9025.2,si
2012-09-29,0.073923,855.6,si
2012-09-30,-0.056027,-648.5,si
2012-10-01,-0.051312,-593.9,si
2012-10-02,-0.165957,-1920.8,si
2012-10-03,-0.206609,-2391.3,si
2012-10-04,-0.176583,-2043.8,si
2012-10-05,0.499584,5782.2,si
2012-10-06,0.154330,1786.2,si
2012-10-07,0.054269,628.1,si
2012-10-08,-0.091014,-1053.4,si
2012-10-09,-0.132621,-1535.0,si
2012-10-10,-0.090620,-1048.8,si
2012-10-11,0.149855,1734.4,si
2012-10-12,1.787707,20691.1,si
2012-10-13,0.538223,6229.4,si
2012-10-14,0.490134,5672.8,si
2012-10-15,0.323458,3743.7,si
2012-10-16,0.254754,2948.5,si
2012-10-17,0.998074,11551.8,si
2012-10-18,0.311455,3604.8,si
2012-10-19,2.129958,24652.3,si
2012-10-20,1.266670,14660.5,si
2012-10-21,0.732931,8483.0,si
2012-10-22,0.415350,4807.3,si
2012-10-23,0.341266,3949.8,si
2012-10-24,0.057957,670.8,si
2012-10-25,0.195186,2259.1,si
2012-10-26,0.055358,640.7,si
2012-10-27,-0.020575,-238.1,si
2012-10-28,-0.059996,-694.4,si
2012-10-29,-0.068963,-798.2,si
2012-10-30,0.010760,124.5,si
2012-10-31,-0.028356,-328.2,si
2012-11-01,-0.069196,-800.9,si
2012-11-02,0.022052,255.2,si
2012-11-03,-0.050586,-585.5,si
2012-11-04,0.020945,242.4,si
2012-11-05,0.124137,1436.8,si
2012-11-06,-0.060616,-701.6,si
2012-11-07,-0.061310,-709.6,si
2012-11-08,-0.003946,-45.7,si
2012-11-09,-0.104283,-1207.0,si
2012-11-10,-0.099617,-1153.0,si
2012-11-11,-0.139548,-1615.1,si
2012-11-12,-0.077188,-893.4,si
2012-11-13,0.233117,2698.1,si
2012-11-14,0.452866,5241.5,si
2012-11-15,0.964525,11163.5,si
2012-11-16,1.562523,18084.8,si
2012-11-17,0.683328,7908.9,si
2012-11-18,0.305852,3540.0,si
2012-11-19,0.225083,2605.1,si
2012-11-20,0.180953,2094.4,si
2012-11-21,0.097636,1130.0,si
2012-11-22,0.109081,1262.5,si
2012-11-23,0.079684,922.3,si
2012-11-24,-0.007469,-86.4,si
2012-11-25,0.146133,1691.4,si
2012-11-26,0.181372,2099.2,si
2012-11-27,0.043000,497.7,si
2012-11-28,0.023989,277.7,si
2012-11-29,-0.056648,-655.6,si
2012-11-30,0.011247,130.2,si
2012-12-01,-0.043879,-507.9,si
2012-12-02,0.049753,575.8,si
2012-12-03,0.107160,1240.3,si
2012-12-04,0.200476,2320.3,si
2012-12-05,0.606105,7015.1,si
2012-12-06,0.142784,1652.6,si
2012-12-07,0.164460,1903.5,si
2012-12-08,0.206163,2386.1,si
2012-12-09,0.200474,2320.3,si
2012-12-10,0.198506,2297.5,si
2012-12-11,0.251617,2912.2,si
2012-12-12,0.195379,2261.3,si
2012-12-13,0.199214,2305.7,si
2012-12-14,0.174700,2022.0,si
2012-12-15,0.132055,1528.4,si
2012-12-16,0.166760,1930.1,si
2012-12-17,0.178677,2068.0,si
2012-12-18,0.085658,991.4,si
2012-12-19,0.058377,675.7,si
2012-12-20,0.088453,1023.8,si
2012-12-21,0.101367,1173.2,si
2012-12-22,0.080272,929.1,si
2012-12-23,0.062923,728.3,si
2012-12-24,0.150158,1737.9,si
2012-12-25,0.086205,997.7,si
2012-12-26,0.158293,1832.1,si
2012-12-27,0.128396,1486.1,si
2012-12-28,0.119658,1384.9,si
2012-12-29,0.071310,825.4,si
2012-12-30,0.130915,1515.2,si
2012-12-31,0.129090,1494.1,si
2013-01-01,0.083033,961.0,si
2013-01-02,-0.046817,-541.9,si
2013-01-03,-0.047762,-552.8,si
2013-01-04,-0.072594,-840.2,si
2013-01-05,-0.095820,-1109.0,si
2013-01-06,-0.076830,-889.2,si
2013-01-07,-0.059821,-692.4,si
2013-01-08,-0.015463,-179.0,si
2013-01-09,-0.041303,-478.0,si
2013-01-10,-0.006512,-75.4,si
2013-01-11,-0.024873,-287.9,si
2013-01-12,-0.043015,-497.9,si
2013-01-13,-0.049429,-572.1,si
2013-01-14,-0.060944,-705.4,si
2013-01-15,-0.055094,-637.7,si
2013-01-16,-0.021339,-247.0,si
2013-01-17,-0.020647,-239.0,si
2013-01-18,0.000000,0.0,si
2013-01-19,-0.057775,-668.7,si
2013-01-20,0.021999,254.6,si
2013-01-21,0.029874,345.8,si
2013-01-22,-0.068620,-794.2,si
2013-01-23,-0.081991,-949.0,si
2013-01-24,-0.053625,-620.7,si
2013-01-25,-0.029046,-336.2,si
2013-01-26,-0.009486,-109.8,si
2013-01-27,-0.088683,-1026.4,si
2013-01-28,-0.065129,-753.8,si
2013-01-29,-0.061971,-717.3,si
2013-01-30,-0.044298,-512.7,si
2013-01-31,-0.011542,-133.6,si
2013-02-01,0.018958,219.4,si
2013-02-02,-0.076589,-886.5,si
2013-02-03,-0.106558,-1233.3,si
2013-02-04,0.192399,2226.8,si
2013-02-05,-0.024113,-279.1,si
2013-02-06,-0.032073,-371.2,si
2013-02-07,-0.078982,-914.1,si
2013-02-08,0.320389,3708.2,si
2013-02-09,0.867740,10043.3,si
2013-02-10,0.431491,4994.1,si
2013-02-11,0.281648,3259.8,si
2013-02-12,0.183211,2120.5,si
2013-02-13,0.035444,410.2,si
2013-02-14,0.070906,820.7,si
2013-02-15,0.061887,716.3,si
2013-02-16,0.065026,752.6,si
2013-02-17,-0.017218,-199.3,si
2013-02-18,-0.060074,-695.3,si
2013-02-19,-0.048309,-559.1,si
2013-02-20,-0.060407,-699.2,si
2013-02-21,-0.018104,-209.5,si
2013-02-22,-0.015681,-181.5,si
2013-02-23,-0.088714,-1026.8,si
2013-02-24,-0.061523,-712.1,si
2013-02-25,-0.120611,-1396.0,si
2013-02-26,-0.072100,-834.5,si
2013-02-27,-0.043290,-501.0,si
2013-02-28,0.040857,472.9,si
2013-03-01,-0.070854,-820.1,si
2013-03-02,-0.034193,-395.8,si
2013-03-03,-0.112434,-1301.3,si
2013-03-04,-0.013232,-153.2,si
2013-03-05,-0.002518,-29.1,si
2013-03-06,0.012399,143.5,si
2013-03-07,0.008939,103.5,si
2013-03-08,0.007168,83.0,si
2013-03-09,0.068254,790.0,si
2013-03-10,0.016950,196.2,si
2013-03-11,-0.017022,-197.0,si
2013-03-12,0.107135,1240.0,si
2013-03-13,0.006520,75.5,si
2013-03-14,0.004908,56.8,si
2013-03-15,0.001176,13.6,si
2013-03-16,-0.119936,-1388.1,si
2013-03-17,0.334660,3873.4,si
2013-03-18,0.071180,823.8,si
2013-03-19,0.193343,2237.8,si
2013-03-20,0.020604,238.5,si
2013-03-21,-0.060740,-703.0,si
2013-03-22,-0.103944,-1203.1,si
2013-03-23,-0.043591,-504.5,si
2013-03-24,-0.043634,-505.0,si
2013-03-25,-0.122299,-1415.5,si
2013-03-26,0.004727,54.7,si
2013-03-27,-0.077481,-896.8,si
2013-03-28,-0.097561,-1129.2,si
2013-03-29,-0.072134,-834.9,si
2013-03-30,0.038120,441.2,si
2013-03-31,0.012484,144.5,si
2013-04-01,-0.059484,-688.5,si
2013-04-02,-0.261545,-3027.1,si
2013-04-03,-0.179938,-2082.6,si
2013-04-04,-0.076780,-888.7,si
2013-04-05,-0.130956,-1515.7,si
2013-04-06,-0.174616,-2021.0,si
2013-04-07,-0.132458,-1533.1,si
2013-04-08,-0.095779,-1108.6,si
2013-04-09,-0.165140,-1911.3,si
2013-04-10,-0.204568,-2367.7,si
2013-04-11,-0.246073,-2848.1,si
2013-04-12,-0.211837,-2451.8,si
2013-04-13,-0.235872,-2730.0,si
2013-04-14,-0.171576,-1985.8,si
2013-04-15,-0.177439,-2053.7,si
2013-04-16,-0.175597,-2032.4,si
2013-04-17,-0.115039,-1331.5,si
2013-04-18,0.696801,8064.8,si
2013-04-19,1.280592,14821.7,si
2013-04-20,0.807455,9345.5,si
2013-04-21,0.173544,2008.6,si
2013-04-22,0.313087,3623.7,si
2013-04-23,0.142337,1647.4,si
2013-04-24,0.008507,98.5,si
2013-04-25,0.242351,2805.0,si
2013-04-26,0.006809,78.8,si
2013-04-27,0.196812,2277.9,si
2013-04-28,0.706340,8175.2,si
2013-04-29,0.422369,4888.5,si
2013-04-30,0.460553,5330.5,si
2013-05-01,0.145564,1684.8,si
2013-05-02,1.354221,15673.9,si
2013-05-03,0.615994,7129.6,si
2013-05-04,1.078140,12478.5,si
2013-05-05,2.174893,25172.4,si
2013-05-06,1.584542,18339.6,si
2013-05-07,0.703016,8136.8,si
2013-05-08,0.481211,5569.6,si
2013-05-09,0.677424,7840.6,si
2013-05-10,0.299035,3461.1,si
2013-05-11,0.232365,2689.4,si
2013-05-12,0.112560,1302.8,si
2013-05-13,0.211754,2450.9,si
2013-05-14,0.146692,1697.8,si
2013-05-15,0.059091,683.9,si
2013-05-16,0.463803,5368.1,si
2013-05-17,0.419566,4856.1,si
2013-05-18,0.167678,1940.7,si
2013-05-19,0.194798,2254.6,si
2013-05-20,0.065118,753.7,si
2013-05-21,0.449994,5208.3,si
2013-05-22,0.096445,1116.3,si
2013-05-23,0.076918,890.2,si
2013-05-24,0.157013,1817.3,si
2013-05-25,0.124973,1446.4,si
2013-05-26,0.159005,1840.3,si
2013-05-27,0.126283,1461.6,si
2013-05-28,0.060000,694.4,si
2013-05-29,0.037471,433.7,si
2013-05-30,0.135072,1563.3,si
2013-05-31,0.125839,1456.5,si
2013-06-01,0.003054,35.3,si
2013-06-02,-0.031092,-359.9,si
2013-06-03,0.491116,5684.2,si
2013-06-04,0.062784,726.7,si
2013-06-05,-0.031112,-360.1,si
2013-06-06,-0.010495,-121.5,si
2013-06-07,-0.059921,-693.5,si
2013-06-08,0.024452,283.0,si
2013-06-09,-0.021221,-245.6,si
2013-06-10,-0.057405,-664.4,si
2013-06-11,0.618254,7155.7,si
2013-06-12,0.173681,2010.2,si
2013-06-13,0.024742,286.4,si
2013-06-14,0.220495,2552.0,si
2013-06-15,0.315105,3647.0,si
2013-06-16,-0.016375,-189.5,si
2013-06-17,0.021886,253.3,si
2013-06-18,0.108339,1253.9,si
2013-06-19,0.000557,6.4,si
2013-06-20,0.353387,4090.1,si
2013-06-21,0.027396,317.1,si
2013-06-22,-0.030457,-352.5,si
2013-06-23,0.150519,1742.1,si
2013-06-24,-0.046600,-539.3,si
2013-06-25,-0.052261,-604.9,si
2013-06-26,-0.004554,-52.7,si
2013-06-27,-0.002262,-26.2,si
2013-06-28,-0.080752,-934.6,si
2013-06-29,-0.119816,-1386.8,si
2013-06-30,-0.042713,-494.4,si
2013-07-01,0.216121,2501.4,si
2013-07-02,-0.233363,-2701.0,si
2013-07-03,-0.259512,-3003.6,si
2013-07-04,-0.145625,-1685.5,si
2013-07-05,-0.243889,-2822.8,si
2013-07-06,-0.286290,-3313.5,si
2013-07-07,0.111142,1286.4,si
2013-07-08,-0.277772,-3215.0,si
2013-07-09,0.004073,47.1,si
2013-07-10,1.400991,16215.2,si
2013-07-11,0.143632,1662.4,si
2013-07-12,-0.028156,-325.9,si
2013-07-13,-0.000176,-2.0,si
2013-07-14,3.018440,34935.6,si
2013-07-15,2.507815,29025.6,si
2013-07-16,1.005284,11635.2,si
2013-07-17,0.731186,8462.8,si
2013-07-18,0.314460,3639.6,si
2013-07-19,0.154303,1785.9,si
2013-07-20,0.355193,4111.0,si
2013-07-21,0.034170,395.5,si
2013-07-22,-0.113589,-1314.7,si
2013-07-23,0.324143,3751.7,si
2013-07-24,-0.095659,-1107.2,si
2013-07-25,0.132649,1535.3,si
2013-07-26,0.361269,4181.4,si
2013-07-27,0.078047,903.3,si
2013-07-28,0.475974,5509.0,si
2013-07-29,0.725675,8399.0,si
2013-07-30,0.171639,1986.6,si
2013-07-31,-0.003031,-35.1,si
2013-08-01,0.013919,161.1,si
2013-08-02,0.563721,6524.5,si
2013-08-03,0.152468,1764.7,si
2013-08-04,0.217657,2519.2,si
2013-08-05,0.017692,204.8,si
2013-08-06,0.636311,7364.7,si
2013-08-07,0.268990,3113.3,si
2013-08-08,0.073968,856.1,si
2013-08-09,0.533273,6172.1,si
2013-08-10,0.702777,8134.0,si
2013-08-11,0.378687,4383.0,si
2013-08-12,0.148107,1714.2,si
2013-08-13,0.151503,1753.5,si
2013-08-14,0.130534,1510.8,si
2013-08-15,0.739022,8553.5,si
2013-08-16,0.155639,1801.4,si
2013-08-17,0.369724,4279.2,si
2013-08-18,0.161309,1867.0,si
2013-08-19,0.063569,735.7,si
2013-08-20,0.359967,4166.3,si
2013-08-21,0.358507,4149.4,si
2013-08-22,0.157777,1826.1,si
2013-08-23,0.011708,135.5,si
2013-08-24,0.032025,370.7,si
2013-08-25,0.374943,4339.6,si
2013-08-26,0.079093,915.4,si
2013-08-27,0.057146,661.4,si
2013-08-28,0.490898,5681.7,si
2013-08-29,0.336698,3897.0,si
2013-08-30,0.215364,2492.6,si
2013-08-31,0.289854,3354.8,si
2013-09-01,0.035853,415.0,si
2013-09-02,0.019879,230.1,si
2013-09-03,0.014547,168.4,si
2013-09-04,0.522593,6048.5,si
2013-09-05,0.124626,1442.4,si
2013-09-06,0.187852,2174.2,si
2013-09-07,0.069418,803.4,si
2013-09-08,0.010881,125.9,si
2013-09-09,0.026253,303.9,si
2013-09-10,0.225424,2609.1,si
2013-09-11,0.057711,668.0,si
2013-09-12,0.005790,67.0,si
2013-09-13,-0.064923,-751.4,si
2013-09-14,-0.041249,-477.4,si
2013-09-15,0.399109,4619.3,si
2013-09-16,0.203390,2354.1,si
2013-09-17,0.200027,2315.1,si
2013-09-18,0.061625,713.2,si
2013-09-19,0.126191,1460.5,si
2013-09-20,-0.047166,-545.9,si
2013-09-21,0.002959,34.3,si
2013-09-22,0.001793,20.8,si
2013-09-23,-0.047403,-548.6,si
2013-09-24,0.354292,4100.6,si
2013-09-25,0.015187,175.8,si
2013-09-26,-0.000809,-9.4,si
2013-09-27,-0.050344,-582.7,si
2013-09-28,0.141609,1639.0,si
2013-09-29,-0.000451,-5.2,si
2013-09-30,-0.018641,-215.7,si
2013-10-01,-0.064473,-746.2,si
2013-10-02,-0.039541,-457.6,si
2013-10-03,1.274671,14753.1,si
2013-10-04,0.297606,3444.5,si
2013-10-05,0.334760,3874.5,si
2013-10-06,0.092811,1074.2,si
2013-10-07,0.158008,1828.8,si
2013-10-08,0.167568,1939.4,si
2013-10-09,-0.018779,-217.3,si
2013-10-10,-0.023140,-267.8,si
2013-10-11,0.032491,376.1,si
2013-10-12,0.213151,2467.0,si
2013-10-13,-0.007223,-83.6,si
2013-10-14,-0.033926,-392.7,si
2013-10-15,-0.112293,-1299.7,si
2013-10-16,0.253673,2936.0,si
2013-10-17,-0.025598,-296.3,si
2013-10-18,-0.058876,-681.4,si
2013-10-19,-0.056441,-653.3,si
2013-10-20,0.043594,504.6,si
2013-10-21,-0.008451,-97.8,si
2013-10-22,-0.086870,-1005.4,si
2013-10-23,-0.031761,-367.6,si
2013-10-24,-0.086229,-998.0,si
2013-10-25,-0.154041,-1782.9,si
2013-10-26,-0.063710,-737.4,si
2013-10-27,-0.066655,-771.5,si
2013-10-28,-0.067201,-777.8,si
2013-10-29,-0.064524,-746.8,si
2013-10-30,0.254418,2944.7,si
2013-10-31,0.011592,134.2,si
2013-11-01,-0.118488,-1371.4,si
2013-11-02,0.372081,4306.5,si
2013-11-03,0.950520,11001.4,si
2013-11-04,0.713735,8260.8,si
2013-11-05,0.364436,4218.0,si
2013-11-06,1.182226,13683.2,si
2013-11-07,0.823539,9531.7,si
2013-11-08,0.387890,4489.5,si
2013-11-09,0.226681,2623.6,si
2013-11-10,0.160811,1861.2,si
2013-11-11,0.130980,1516.0,si
2013-11-12,0.074956,867.5,si
2013-11-13,0.057867,669.8,si
2013-11-14,0.046001,532.4,si
2013-11-15,0.045382,525.3,si
2013-11-16,-0.003678,-42.6,si
2013-11-17,0.001789,20.7,si
2013-11-18,0.113081,1308.8,si
2013-11-19,0.442926,5126.5,si
2013-11-20,0.263822,3053.5,si
2013-11-21,0.072320,837.0,si
2013-11-22,0.014017,162.2,si
2013-11-23,0.077583,898.0,si
2013-11-24,0.106993,1238.3,si
2013-11-25,0.139468,1614.2,si
2013-11-26,0.445342,5154.4,si
2013-11-27,0.424700,4915.5,si
2013-11-28,0.491721,5691.2,si
2013-11-29,0.309663,3584.1,si
2013-11-30,0.834095,9653.9,si
2013-12-01,0.474554,5492.5,si
2013-12-02,0.247821,2868.3,si
2013-12-03,0.120136,1390.5,si
2013-12-04,0.133215,1541.8,si
2013-12-05,0.083318,964.3,si
2013-12-06,0.055448,641.8,si
2013-12-07,0.010391,120.3,si
2013-12-08,0.022759,263.4,si
2013-12-09,0.028728,332.5,si
2013-12-10,0.034841,403.3,si
2013-12-11,0.040611,470.0,si
2013-12-12,0.090559,1048.1,si
2013-12-13,0.035590,411.9,si
2013-12-14,0.039674,459.2,si
2013-12-15,0.010861,125.7,si
2013-12-16,-0.011034,-127.7,si
2013-12-17,-0.026960,-312.0,si
2013-12-18,0.131353,1520.3,si
2013-12-19,-0.001365,-15.8,si
2013-12-20,-0.096294,-1114.5,si
2013-12-21,-0.067744,-784.1,si
2013-12-22,-0.048939,-566.4,si
2013-12-23,0.216205,2502.4,si
2013-12-24,0.695434,8049.0,si
2013-12-25,0.032720,378.7,si
2013-12-26,0.006437,74.5,si
2013-12-27,0.078094,903.9,si
2013-12-28,0.040719,471.3,si
2013-12-29,0.032572,377.0,si
2013-12-30,-0.022603,-261.6,si
2013-12-31,0.045527,526.9,si
2014-01-01,-0.019964,-231.1,si
2014-01-02,0.050796,587.9,si
2014-01-03,0.121116,1401.8,si
2014-01-04,0.019267,223.0,si
2014-01-05,0.001004,11.6,si
2014-01-06,0.034253,396.5,si
2014-01-07,1.139706,13191.0,si
2014-01-08,0.255012,2951.5,si
2014-01-09,0.173848,2012.1,si
2014-01-10,0.183325,2121.8,si
2014-01-11,0.148788,1722.1,si
2014-01-12,0.117111,1355.5,si
2014-01-13,0.100015,1157.6,si
2014-01-14,0.079536,920.6,si
2014-01-15,0.077571,897.8,si
2014-01-16,0.104482,1209.3,si
2014-01-17,0.094325,1091.7,si
2014-01-18,0.117447,1359.3,si
2014-01-19,0.051683,598.2,si
2014-01-20,0.127184,1472.0,si
2014-01-21,0.130511,1510.5,si
2014-01-22,0.028080,325.0,si
2014-01-23,0.140626,1627.6,si
2014-01-24,0.037485,433.9,si
2014-01-25,0.125123,1448.2,si
2014-01-26,0.656134,7594.1,si
2014-01-27,0.060496,700.2,si
2014-01-28,0.064915,751.3,si
2014-01-29,0.060298,697.9,si
2014-01-30,0.072045,833.8,si
2014-01-31,0.099340,1149.8,si
2014-02-01,0.124796,1444.4,si
2014-02-02,0.239690,2774.2,si
2014-02-03,0.206608,2391.3,si
2014-02-04,0.273347,3163.7,si
2014-02-05,0.253791,2937.4,si
2014-02-06,0.359871,4165.2,si
2014-02-07,0.222860,2579.4,si
2014-02-08,0.267381,3094.7,si
2014-02-09,0.199064,2304.0,si
2014-02-10,0.244402,2828.7,si
2014-02-11,0.160688,1859.8,si
2014-02-12,0.121888,1410.7,si
2014-02-13,0.146955,1700.9,si
2014-02-14,0.245141,2837.3,si
2014-02-15,0.247475,2864.3,si
2014-02-16,0.210087,2431.6,si
2014-02-17,0.184256,2132.6,si
2014-02-18,0.148972,1724.2,si
2014-02-19,0.154545,1788.7,si
2014-02-20,0.206644,2391.7,si
2014-02-21,0.580159,6714.8,si
2014-02-22,0.250546,2899.8,si
2014-02-23,0.147581,1708.1,si
2014-02-24,0.188363,2180.1,si
2014-02-25,0.316487,3663.0,si
2014-02-26,0.295612,3421.4,si
2014-02-27,0.304034,3518.9,si
2014-02-28,1.259658,14579.4,si
2014-03-01,1.049661,12148.9,si
2014-03-02,0.575202,6657.4,si
2014-03-03,0.480587,5562.4,si
2014-03-04,0.460804,5333.4,si
2014-03-05,0.241852,2799.2,si
2014-03-06,0.216046,2500.5,si
2014-03-07,0.890362,10305.1,si
2014-03-08,0.713981,8263.7,si
2014-03-09,0.221541,2564.1,si
2014-03-10,0.308254,3567.8,si
2014-03-11,0.233413,2701.5,si
2014-03-12,0.324786,3759.1,si
2014-03-13,0.417780,4835.4,si
2014-03-14,0.213969,2476.5,si
2014-03-15,0.238816,2764.1,si
2014-03-16,0.069199,800.9,si
2014-03-17,0.145640,1685.7,si
2014-03-18,0.152391,1763.8,si
2014-03-19,0.129291,1496.4,si
2014-03-20,0.048931,566.3,si
2014-03-21,0.061973,717.3,si
2014-03-22,0.046748,541.1,si
2014-03-23,0.093392,1080.9,si
2014-03-24,0.078609,909.8,si
2014-03-25,0.020956,242.5,si
2014-03-26,0.145245,1681.1,si
2014-03-27,0.061750,714.7,si
2014-03-28,0.040177,465.0,si
2014-03-29,0.043166,499.6,si
2014-03-30,0.148133,1714.5,si
2014-03-31,0.140602,1627.3,si
2014-04-01,0.240237,2780.5,si
2014-04-02,-0.015659,-181.2,si
2014-04-03,0.061019,706.2,si
2014-04-04,0.616514,7135.6,si
2014-04-05,0.253174,2930.3,si
2014-04-06,0.102589,1187.4,si
2014-04-07,0.192526,2228.3,si
2014-04-08,0.145689,1686.2,si
2014-04-09,0.074857,866.4,si
2014-04-10,-0.035740,-413.7,si
2014-04-11,-0.005646,-65.3,si
2014-04-12,0.025851,299.2,si
2014-04-13,0.000617,7.1,si
2014-04-14,0.046885,542.6,si
2014-04-15,0.070592,817.0,si
2014-04-16,0.178554,2066.6,si
2014-04-17,0.126088,1459.4,si
2014-04-18,0.277693,3214.0,si
2014-04-19,0.173047,2002.9,si
2014-04-20,0.117092,1355.2,si
2014-04-21,0.117421,1359.0,si
2014-04-22,0.282140,3265.5,si
2014-04-23,0.812054,9398.8,si
2014-04-24,0.162906,1885.5,si
2014-04-25,0.169372,1960.3,si
2014-04-26,0.295715,3422.6,si
2014-04-27,0.137857,1595.6,si
2014-04-28,0.090343,1045.6,si
2014-04-29,0.278452,3222.8,si
2014-04-30,0.121415,1405.3,si
2014-05-01,0.099852,1155.7,si
2014-05-02,-0.060165,-696.4,si
2014-05-03,-0.123939,-1434.5,si
2014-05-04,-0.096081,-1112.1,si
2014-05-05,-0.017343,-200.7,si
2014-05-06,-0.084286,-975.5,si
2014-05-07,0.022430,259.6,si
2014-05-08,0.239855,2776.1,si
2014-05-09,0.544904,6306.8,si
2014-05-10,0.468970,5427.9,si
2014-05-11,0.628233,7271.2,si
2014-05-12,0.054362,629.2,si
2014-05-13,0.002695,31.2,si
2014-05-14,0.003608,41.8,si
2014-05-15,0.045934,531.6,si
2014-05-16,0.031921,369.5,si
2014-05-17,0.103256,1195.1,si
2014-05-18,0.027997,324.0,si
2014-05-19,0.569496,6591.4,si
2014-05-20,0.014498,167.8,si
2014-05-21,0.025487,295.0,si
2014-05-22,0.032438,375.4,si
2014-05-23,-0.064703,-748.9,si
2014-05-24,-0.031647,-366.3,si
2014-05-25,0.032244,373.2,si
2014-05-26,0.024173,279.8,si
2014-05-27,0.092568,1071.4,si
2014-05-28,0.118976,1377.0,si
2014-05-29,-0.030930,-358.0,si
2014-05-30,0.086678,1003.2,si
2014-05-31,-0.084570,-978.8,si
2014-06-01,0.076560,886.1,si
2014-06-02,-0.608055,-7037.7,si
2014-06-03,-0.615218,-7120.6,si
2014-06-04,-0.555390,-6428.1,si
2014-06-05,-0.582551,-6742.5,si
2014-06-06,-0.259862,-3007.7,si
2014-06-07,-0.351055,-4063.1,si
2014-06-08,-0.480228,-5558.2,si
2014-06-09,-0.518749,-6004.0,si
2014-06-10,0.364677,4220.8,si
2014-06-11,-0.425992,-4930.5,si
2014-06-12,-0.505215,-5847.4,si
2014-06-13,-0.198227,-2294.3,si
2014-06-14,-0.209781,-2428.0,si
2014-06-15,-0.144091,-1667.7,si
2014-06-16,-0.476636,-5516.6,si
2014-06-17,-0.418308,-4841.5,si
2014-06-18,0.630884,7301.9,si
2014-06-19,0.915049,10590.8,si
2014-06-20,0.548681,6350.5,si
2014-06-21,0.091103,1054.4,si
2014-06-22,0.206149,2386.0,si
2014-06-23,1.261239,14597.7,si
2014-06-24,0.097558,1129.1,si
2014-06-25,0.115348,1335.0,si
2014-06-26,-0.136228,-1576.7,si
2014-06-27,-0.324539,-3756.2,si
2014-06-28,-0.050393,-583.3,si
2014-06-29,-0.250575,-2900.2,si
2014-06-30,-0.172728,-1999.2,si
2014-07-01,-0.121412,-1405.2,si
2014-07-02,-0.080793,-935.1,si
2014-07-03,-0.254255,-2942.8,si
2014-07-04,-0.196685,-2276.5,si
2014-07-05,-0.305021,-3530.3,si
2014-07-06,-0.263328,-3047.8,si
2014-07-07,-0.093105,-1077.6,si
2014-07-08,-0.305965,-3541.3,si
2014-07-09,-0.171396,-1983.7,si
2014-07-10,-0.146196,-1692.1,si
2014-07-11,0.038988,451.2,si
2014-07-12,0.305087,3531.1,si
2014-07-13,0.738843,8551.4,si
2014-07-14,0.582294,6739.5,si
2014-07-15,0.482437,5583.8,si
2014-07-16,0.294474,3408.3,si
2014-07-17,1.069438,12377.7,si
2014-07-18,0.266169,3080.7,si
2014-07-19,0.079212,916.8,si
2014-07-20,0.078785,911.9,si
2014-07-21,-0.014336,-165.9,si
2014-07-22,-0.287137,-3323.3,si
2014-07-23,-0.069882,-808.8,si
2014-07-24,-0.198557,-2298.1,si
2014-07-25,-0.328106,-3797.5,si
2014-07-26,0.503453,5827.0,si
2014-07-27,-0.117282,-1357.4,si
2014-07-28,-0.085656,-991.4,si
2014-07-29,-0.307443,-3558.4,si
2014-07-30,-0.300836,-3481.9,si
2014-07-31,-0.344398,-3986.1,si
2014-08-01,-0.086643,-1002.8,si
2014-08-02,0.229868,2660.5,si
2014-08-03,-0.088856,-1028.4,si
2014-08-04,-0.209147,-2420.7,si
2014-08-05,0.214499,2482.6,si
2014-08-06,0.158141,1830.3,si
2014-08-07,-0.121197,-1402.7,si
2014-08-08,0.189790,2196.6,si
2014-08-09,-0.073381,-849.3,si
2014-08-10,-0.035571,-411.7,si
2014-08-11,0.078628,910.0,si
2014-08-12,0.029296,339.1,si
2014-08-13,0.510834,5912.4,si
2014-08-14,0.055250,639.5,si
2014-08-15,0.234064,2709.1,si
2014-08-16,0.343716,3978.2,si
2014-08-17,0.339041,3924.1,si
2014-08-18,0.149517,1730.5,si
2014-08-19,0.156493,1811.3,si
2014-08-20,-0.006110,-70.7,si
2014-08-21,-0.042390,-490.6,si
2014-08-22,-0.068224,-789.6,si
2014-08-23,-0.183343,-2122.0,si
2014-08-24,-0.018635,-215.7,si
2014-08-25,0.005090,58.9,si
2014-08-26,0.046973,543.7,si
2014-08-27,-0.039190,-453.6,si
2014-08-28,-0.162636,-1882.4,si
2014-08-29,-0.150444,-1741.2,si
2014-08-30,-0.156157,-1807.4,si
2014-08-31,-0.241723,-2797.7,si
2014-09-01,-0.240461,-2783.1,si
2014-09-02,0.197769,2289.0,si
2014-09-03,-0.038275,-443.0,si
2014-09-04,0.215249,2491.3,si
2014-09-05,0.245716,2843.9,si
2014-09-06,0.089106,1031.3,si
2014-09-07,-0.088910,-1029.0,si
2014-09-08,-0.181337,-2098.8,si
2014-09-09,-0.142582,-1650.2,si
2014-09-10,-0.138766,-1606.1,si
2014-09-11,-0.116723,-1351.0,si
2014-09-12,-0.080757,-934.7,si
2014-09-13,-0.237772,-2752.0,si
2014-09-14,0.210276,2433.7,si
2014-09-15,0.254138,2941.4,si
2014-09-16,-0.060922,-705.1,si
2014-09-17,-0.001239,-14.3,si
2014-09-18,0.090697,1049.7,si
2014-09-19,-0.033877,-392.1,si
2014-09-20,-0.174249,-2016.8,si
2014-09-21,-0.097283,-1126.0,si
2014-09-22,-0.127868,-1480.0,si
2014-09-23,-0.159027,-1840.6,si
2014-09-24,-0.184118,-2131.0,si
2014-09-25,-0.207930,-2406.6,si
2014-09-26,-0.124874,-1445.3,si
2014-09-27,-0.231320,-2677.3,si
2014-09-28,-0.112998,-1307.8,si
2014-09-29,-0.232879,-2695.4,si
2014-09-30,-0.046758,-541.2,si
2014-10-01,0.023573,272.8,si
2014-10-02,-0.037647,-435.7,si
2014-10-03,-0.146874,-1699.9,si
2014-10-04,-0.248417,-2875.2,si
2014-10-05,-0.165834,-1919.4,si
2014-10-06,-0.034329,-397.3,si
2014-10-07,-0.122835,-1421.7,si
2014-10-08,1.675800,19395.8,si
2014-10-09,1.029479,11915.3,si
2014-10-10,0.421249,4875.6,si
2014-10-11,0.334097,3866.9,si
2014-10-12,0.169927,1966.7,si
2014-10-13,0.121904,1410.9,si
2014-10-14,0.204428,2366.1,si
2014-10-15,-0.102030,-1180.9,si
2014-10-16,-0.026012,-301.1,si
2014-10-17,-0.065960,-763.4,si
2014-10-18,-0.129129,-1494.5,si
2014-10-19,-0.138561,-1603.7,si
2014-10-20,-0.133865,-1549.4,si
2014-10-21,-0.186684,-2160.7,si
2014-10-22,-0.188013,-2176.1,si
2014-10-23,-0.186908,-2163.3,si
2014-10-24,-0.168782,-1953.5,si
2014-10-25,-0.187876,-2174.5,si
2014-10-26,0.272655,3155.7,si
2014-10-27,0.100691,1165.4,si
2014-10-28,0.342998,3969.9,si
2014-10-29,0.586622,6789.6,si
2014-10-30,0.109418,1266.4,si
2014-10-31,-0.012518,-144.9,si
2014-11-01,-0.101534,-1175.2,si
2014-11-02,-0.039397,-456.0,si
2014-11-03,-0.067014,-775.6,si
2014-11-04,0.224458,2597.9,si
2014-11-05,-0.041973,-485.8,si
2014-11-06,0.160159,1853.7,si
2014-11-07,-0.052532,-608.0,si
2014-11-08,-0.085522,-989.8,si
2014-11-09,-0.136168,-1576.0,si
2014-11-10,0.748454,8662.7,si
2014-11-11,0.288872,3343.4,si
2014-11-12,0.287630,3329.1,si
2014-11-13,0.068820,796.5,si
2014-11-14,0.098103,1135.5,si
2014-11-15,0.573579,6638.6,si
2014-11-16,0.114731,1327.9,si
2014-11-17,-0.016018,-185.4,si
2014-11-18,0.536450,6208.9,si
2014-11-19,0.020462,236.8,si
2014-11-20,0.178328,2064.0,si
2014-11-21,0.056382,652.6,si
2014-11-22,-0.058147,-673.0,si
2014-11-23,-0.040836,-472.6,si
2014-11-24,-0.055772,-645.5,si
2014-11-25,-0.136159,-1575.9,si
2014-11-26,-0.084616,-979.4,si
2014-11-27,-0.145657,-1685.8,si
2014-11-28,-0.108512,-1255.9,si
2014-11-29,-0.101579,-1175.7,si
2014-11-30,-0.169661,-1963.7,si
2014-12-01,-0.173191,-2004.5,si
2014-12-02,0.117533,1360.3,si
2014-12-03,0.033425,386.9,si
2014-12-04,0.076693,887.7,si
2014-12-05,0.083759,969.4,si
2014-12-06,0.059971,694.1,si
2014-12-07,0.025922,300.0,si
2014-12-08,0.025225,292.0,si
2014-12-09,0.320474,3709.2,si
2014-12-10,0.483925,5601.0,si
2014-12-11,0.147119,1702.8,si
2014-12-12,0.175684,2033.4,si
2014-12-13,1.209621,14000.2,si
2014-12-14,0.660750,7647.6,si
2014-12-15,0.779432,9021.2,si
2014-12-16,0.313551,3629.1,si
2014-12-17,0.250277,2896.7,si
2014-12-18,0.265992,3078.6,si
2014-12-19,0.150638,1743.5,si
2014-12-20,0.102603,1187.5,si
2014-12-21,0.115406,1335.7,si
2014-12-22,0.121275,1403.6,si
2014-12-23,0.098716,1142.5,si
2014-12-24,0.062738,726.1,si
2014-12-25,0.042460,491.4,si
2014-12-26,0.046519,538.4,si
2014-12-27,0.125105,1448.0,si
2014-12-28,0.092084,1065.8,si
2014-12-29,0.087728,1015.4,si
2014-12-30,0.036640,424.1,si
2014-12-31,0.093626,1083.6,si
2015-01-01,0.046217,534.9,si
2015-01-02,-0.055822,-646.1,si
2015-01-03,-0.057699,-667.8,si
2015-01-04,-0.083190,-962.9,si
2015-01-05,-0.106900,-1237.3,si
2015-01-06,-0.089131,-1031.6,si
2015-01-07,-0.071373,-826.1,si
2015-01-08,-0.028071,-324.9,si
2015-01-09,-0.055708,-644.8,si
2015-01-10,-0.022779,-263.6,si
2015-01-11,-0.025714,-297.6,si
2015-01-12,-0.062514,-723.5,si
2015-01-13,-0.069630,-805.9,si
2015-01-14,-0.081600,-944.4,si
2015-01-15,-0.075342,-872.0,si
2015-01-16,-0.041203,-476.9,si
2015-01-17,0.013400,155.1,si
2015-01-18,-0.018883,-218.6,si
2015-01-19,-0.078671,-910.5,si
2015-01-20,0.009359,108.3,si
2015-01-21,0.007173,83.0,si
2015-01-22,-0.070863,-820.2,si
2015-01-23,-0.088886,-1028.8,si
2015-01-24,-0.077901,-901.6,si
2015-01-25,-0.053605,-620.4,si
2015-01-26,-0.035242,-407.9,si
2015-01-27,0.096314,1114.7,si
2015-01-28,-0.086179,-997.4,si
2015-01-29,-0.084915,-982.8,si
2015-01-30,-0.049462,-572.5,si
2015-01-31,0.024925,288.5,si
2015-02-01,0.003844,44.5,si
2015-02-02,0.021634,250.4,si
2015-02-03,0.000895,10.4,si
2015-02-04,0.001385,16.0,si
2015-02-05,0.044838,519.0,si
2015-02-06,0.181713,2103.2,si
2015-02-07,0.516700,5980.3,si
2015-02-08,0.892556,10330.5,si
2015-02-09,0.281582,3259.0,si
2015-02-10,0.131464,1521.6,si
2015-02-11,0.134188,1553.1,si
2015-02-12,-0.001374,-15.9,si
2015-02-13,0.040044,463.5,si
2015-02-14,0.110223,1275.7,si
2015-02-15,0.108047,1250.5,si
2015-02-16,0.066479,769.4,si
2015-02-17,0.036798,425.9,si
2015-02-18,-0.002069,-23.9,si
2015-02-19,0.005743,66.5,si
2015-02-20,0.082442,954.2,si
2015-02-21,0.047211,546.4,si
2015-02-22,0.053648,620.9,si
2015-02-23,-0.029341,-339.6,si
2015-02-24,0.013891,160.8,si
2015-02-25,-0.042688,-494.1,si
2015-02-26,0.007921,91.7,si
2015-02-27,0.037910,438.8,si
2015-02-28,0.077880,901.4,si
2015-03-01,0.012539,145.1,si
2015-03-02,0.079976,925.6,si
2015-03-03,-0.026392,-305.5,si
2015-03-04,0.073352,849.0,si
2015-03-05,0.067954,786.5,si
2015-03-06,0.070836,819.9,si
2015-03-07,0.104795,1212.9,si
2015-03-08,0.103585,1198.9,si
2015-03-09,0.021500,248.8,si
2015-03-10,0.092299,1068.3,si
2015-03-11,0.072041,833.8,si
2015-03-12,0.181480,2100.5,si
2015-03-13,0.104026,1204.0,si
2015-03-14,0.093980,1087.7,si
2015-03-15,0.059248,685.7,si
2015-03-16,-0.010676,-123.6,si
2015-03-17,0.565230,6542.0,si
2015-03-18,0.420063,4861.8,si
2015-03-19,0.597663,6917.4,si
2015-03-20,0.663610,7680.7,si
2015-03-21,0.116087,1343.6,si
2015-03-22,0.123863,1433.6,si
2015-03-23,0.116430,1347.6,si
2015-03-24,0.098325,1138.0,si
2015-03-25,0.037658,435.9,si
2015-03-26,0.160238,1854.6,si
2015-03-27,0.074544,862.8,si
2015-03-28,0.068291,790.4,si
2015-03-29,0.052798,611.1,si
2015-03-30,0.262466,3037.8,si
2015-03-31,0.323471,3743.9,si
2015-04-01,0.087828,1016.5,si
2015-04-02,0.278750,3226.3,si
2015-04-03,0.131946,1527.1,si
2015-04-04,0.197706,2288.3,si
2015-04-05,0.147776,1710.4,si
2015-04-06,0.096191,1113.3,si
2015-04-07,0.146794,1699.0,si
2015-04-08,0.649495,7517.3,si
2015-04-09,0.142629,1650.8,si
2015-04-10,0.015427,178.6,si
2015-04-11,0.279711,3237.4,si
2015-04-12,0.097735,1131.2,si
2015-04-13,0.129014,1493.2,si
2015-04-14,0.122610,1419.1,si
2015-04-15,0.079787,923.5,si
2015-04-16,0.160113,1853.2,si
2015-04-17,0.377251,4366.3,si
2015-04-18,0.192882,2232.4,si
2015-04-19,0.194487,2251.0,si
2015-04-20,0.219462,2540.1,si
2015-04-21,0.155223,1796.6,si
2015-04-22,0.164700,1906.3,si
2015-04-23,0.136649,1581.6,si
2015-04-24,0.303202,3509.3,si
2015-04-25,0.528866,6121.1,si
2015-04-26,0.313537,3628.9,si
2015-04-27,0.194489,2251.0,si
2015-04-28,0.122404,1416.7,si
2015-04-29,0.187016,2164.5,si
2015-04-30,0.145655,1685.8,si
2015-05-01,0.127817,1479.4,si
2015-05-02,-0.379195,-4388.8,si
2015-05-03,-0.442400,-5120.4,si
2015-05-04,-0.413610,-4787.2,si
2015-05-05,-0.333693,-3862.2,si
2015-05-06,-0.399934,-4628.9,si
2015-05-07,-0.395964,-4582.9,si
2015-05-08,0.147331,1705.2,si
2015-05-09,-0.205397,-2377.3,si
2015-05-10,-0.371268,-4297.1,si
2015-05-11,-0.372947,-4316.5,si
2015-05-12,-0.450048,-5208.9,si
2015-05-13,-0.418897,-4848.3,si
2015-05-14,0.055840,646.3,si
2015-05-15,-0.325191,-3763.8,si
2015-05-16,-0.159534,-1846.5,si
2015-05-17,0.788191,9122.6,si
2015-05-18,-0.165258,-1912.7,si
2015-05-19,-0.246968,-2858.4,si
2015-05-20,-0.263557,-3050.4,si
2015-05-21,-0.334327,-3869.5,si
2015-05-22,-0.322597,-3733.8,si
2015-05-23,-0.096295,-1114.5,si
2015-05-24,-0.219947,-2545.7,si
2015-05-25,0.276369,3198.7,si
2015-05-26,-0.232531,-2691.3,si
2015-05-27,-0.231464,-2679.0,si
2015-05-28,0.541762,6270.4,si
2015-05-29,-0.133470,-1544.8,si
2015-05-30,-0.126692,-1466.3,si
2015-05-31,0.065876,762.5,si
2015-06-01,0.470143,5441.5,si
2015-06-02,-0.465293,-5385.3,si
2015-06-03,1.213869,14049.4,si
2015-06-04,0.644490,7459.4,si
2015-06-05,0.131147,1517.9,si
2015-06-06,-0.336208,-3891.3,si
2015-06-07,-0.468642,-5424.1,si
2015-06-08,-0.509257,-5894.2,si
2015-06-09,-0.487600,-5643.5,si
2015-06-10,0.031487,364.4,si
2015-06-11,-0.385701,-4464.1,si
2015-06-12,-0.493201,-5708.3,si
2015-06-13,-0.628576,-7275.2,si
2015-06-14,-0.557229,-6449.4,si
2015-06-15,-0.227226,-2629.9,si
2015-06-16,-0.649195,-7513.8,si
2015-06-17,-0.433659,-5019.2,si
2015-06-18,0.063345,733.2,si
2015-06-19,-0.229745,-2659.1,si
2015-06-20,-0.331250,-3833.9,si
2015-06-21,-0.149731,-1733.0,si
2015-06-22,-0.203192,-2351.8,si
2015-06-23,-0.232257,-2688.2,si
2015-06-24,1.891929,21897.3,si
2015-06-25,1.494961,17302.8,si
2015-06-26,1.199022,13877.6,si
2015-06-27,1.029756,11918.5,si
2015-06-28,0.485033,5613.8,si
2015-06-29,-0.154060,-1783.1,si
2015-06-30,-0.229720,-2658.8,si
2015-07-01,-0.479914,-5554.6,si
2015-07-02,-0.394513,-4566.1,si
2015-07-03,-0.329419,-3812.7,si
2015-07-04,-0.407524,-4716.7,si
2015-07-05,-0.507379,-5872.4,si
2015-07-06,-0.478763,-5541.2,si
2015-07-07,-0.601296,-6959.4,si
2015-07-08,-0.625613,-7240.9,si
2015-07-09,-0.502176,-5812.2,si
2015-07-10,-0.541213,-6264.0,si
2015-07-11,-0.640146,-7409.1,si
2015-07-12,-0.644665,-7461.4,si
2015-07-13,-0.567346,-6566.5,si
2015-07-14,-0.131674,-1524.0,si
2015-07-15,0.275029,3183.2,si
2015-07-16,0.310501,3593.8,si
2015-07-17,0.201098,2327.5,si
2015-07-18,-0.225797,-2613.4,si
2015-07-19,-0.074813,-865.9,si
2015-07-20,-0.193362,-2238.0,si
2015-07-21,-0.372805,-4314.9,si
2015-07-22,0.551213,6379.8,si
2015-07-23,0.871128,10082.5,si
2015-07-24,-0.050544,-585.0,si
2015-07-25,-0.258377,-2990.5,si
2015-07-26,1.726271,19980.0,si
2015-07-27,0.353769,4094.6,si
2015-07-28,0.491680,5690.7,si
2015-07-29,0.389808,4511.7,si
2015-07-30,-0.027039,-313.0,si
2015-07-31,-0.266516,-3084.7,si
2015-08-01,-0.203845,-2359.3,si
2015-08-02,0.012798,148.1,si
2015-08-03,-0.101670,-1176.7,si
2015-08-04,0.224024,2592.9,si
2015-08-05,0.047916,554.6,si
2015-08-06,0.112000,1296.3,si
2015-08-07,-0.126028,-1458.7,si
2015-08-08,0.035799,414.3,si
2015-08-09,-0.152798,-1768.5,si
2015-08-10,0.310677,3595.8,si
2015-08-11,-0.093977,-1087.7,si
2015-08-12,1.588315,18383.3,si
2015-08-13,0.521760,6038.9,si
2015-08-14,0.545688,6315.8,si
2015-08-15,0.638510,7390.2,si
2015-08-16,0.597779,6918.7,si
2015-08-17,0.794210,9192.3,si
2015-08-18,0.163456,1891.9,si
2015-08-19,0.088604,1025.5,si
2015-08-20,0.148020,1713.2,si
2015-08-21,-0.059476,-688.4,si
2015-08-22,-0.091462,-1058.6,si
2015-08-23,-0.215766,-2497.3,si
2015-08-24,0.192128,2223.7,si
2015-08-25,0.155099,1795.1,si
2015-08-26,-0.167307,-1936.4,si
2015-08-27,-0.220818,-2555.8,si
2015-08-28,-0.231613,-2680.7,si
2015-08-29,-0.118662,-1373.4,si
2015-08-30,-0.221388,-2562.4,si
2015-08-31,-0.119239,-1380.1,si
2015-09-01,0.029021,335.9,si
2015-09-02,0.320250,3706.6,si
2015-09-03,0.047410,548.7,si
2015-09-04,0.034499,399.3,si
2015-09-05,-0.015266,-176.7,si
2015-09-06,1.188742,13758.6,si
2015-09-07,0.385403,4460.7,si
2015-09-08,0.372091,4306.6,si
2015-09-09,0.215705,2496.6,si
2015-09-10,0.400790,4638.8,si
2015-09-11,0.449030,5197.1,si
2015-09-12,0.128912,1492.0,si
2015-09-13,0.820629,9498.0,si
2015-09-14,0.229227,2653.1,si
2015-09-15,0.205591,2379.5,si
2015-09-16,0.291466,3373.4,si
2015-09-17,1.519857,17590.9,si
2015-09-18,0.534371,6184.9,si
2015-09-19,0.427953,4953.2,si
2015-09-20,0.154048,1783.0,si
2015-09-21,0.107185,1240.6,si
2015-09-22,0.061394,710.6,si
2015-09-23,-0.013270,-153.6,si
2015-09-24,-0.026548,-307.3,si
2015-09-25,-0.065471,-757.8,si
2015-09-26,-0.040736,-471.5,si
2015-09-27,-0.055257,-639.6,si
2015-09-28,0.039119,452.8,si
2015-09-29,-0.048451,-560.8,si
2015-09-30,0.313253,3625.6,si
2015-10-01,-0.027530,-318.6,si
2015-10-02,0.002651,30.7,si
2015-10-03,-0.187993,-2175.9,si
2015-10-04,-0.189544,-2193.8,si
2015-10-05,-0.110117,-1274.5,si
2015-10-06,-0.136086,-1575.1,si
2015-10-07,-0.100694,-1165.4,si
2015-10-08,-0.091484,-1058.8,si
2015-10-09,-0.149660,-1732.2,si
2015-10-10,-0.135491,-1568.2,si
2015-10-11,-0.052817,-611.3,si
2015-10-12,0.042107,487.3,si
2015-10-13,0.289345,3348.9,si
2015-10-14,-0.053500,-619.2,si
2015-10-15,-0.009895,-114.5,si
2015-10-16,-0.091647,-1060.7,si
2015-10-17,-0.019757,-228.7,si
2015-10-18,-0.113507,-1313.7,si
2015-10-19,-0.103801,-1201.4,si
2015-10-20,-0.093646,-1083.9,si
2015-10-21,-0.142363,-1647.7,si
2015-10-22,0.307161,3555.1,si
2015-10-23,0.104749,1212.4,si
2015-10-24,-0.050328,-582.5,si
2015-10-25,-0.098802,-1143.5,si
2015-10-26,-0.030771,-356.1,si
2015-10-27,0.233631,2704.1,si
2015-10-28,-0.049351,-571.2,si
2015-10-29,-0.074225,-859.1,si
2015-10-30,-0.086097,-996.5,si
2015-10-31,0.189801,2196.8,si
2015-11-01,0.041915,485.1,si
2015-11-02,0.322720,3735.2,si
2015-11-03,0.173566,2008.9,si
2015-11-04,0.548324,6346.3,si
2015-11-05,2.018515,23362.4,si
2015-11-06,0.753425,8720.2,si
2015-11-07,0.657274,7607.3,si
2015-11-08,0.341816,3956.2,si
2015-11-09,0.209522,2425.0,si
2015-11-10,0.193322,2237.5,si
2015-11-11,0.128182,1483.6,si
2015-11-12,0.077550,897.6,si
2015-11-13,0.076834,889.3,si
2015-11-14,0.225430,2609.1,si
2015-11-15,0.030323,351.0,si
2015-11-16,0.007239,83.8,si
2015-11-17,-0.003977,-46.0,si
2015-11-18,0.030318,350.9,si
2015-11-19,0.144841,1676.4,si
2015-11-20,0.546492,6325.1,si
2015-11-21,0.172082,1991.7,si
2015-11-22,0.048494,561.3,si
2015-11-23,0.081175,939.5,si
2015-11-24,0.068225,789.6,si
2015-11-25,-0.006398,-74.0,si
2015-11-26,0.048449,560.7,si
2015-11-27,-0.010059,-116.4,si
2015-11-28,0.031304,362.3,si
2015-11-29,0.082504,954.9,si
2015-11-30,0.017900,207.2,si
2015-12-01,-0.025292,-292.7,si
2015-12-02,0.169661,1963.7,si
2015-12-03,0.848921,9825.5,si
2015-12-04,0.860192,9955.9,si
2015-12-05,0.288438,3338.4,si
2015-12-06,0.219926,2545.4,si
2015-12-07,0.157758,1825.9,si
2015-12-08,0.151722,1756.0,si
2015-12-09,0.154746,1791.0,si
2015-12-10,0.149791,1733.7,si
2015-12-11,0.155825,1803.5,si
2015-12-12,0.205183,2374.8,si
2015-12-13,0.146630,1697.1,si
2015-12-14,0.148213,1715.4,si
2015-12-15,0.132240,1530.6,si
2015-12-16,0.101280,1172.2,si
2015-12-17,0.076995,891.1,si
2015-12-18,0.137924,1596.3,si
2015-12-19,0.037396,432.8,si
2015-12-20,0.001905,22.0,si
2015-12-21,0.028681,332.0,si
2015-12-22,0.047330,547.8,si
2015-12-23,0.025069,290.1,si
2015-12-24,0.005475,63.4,si
2015-12-25,-0.008443,-97.7,si
2015-12-26,0.000778,9.0,si
2015-12-27,0.087159,1008.8,si
2015-12-28,0.058876,681.4,si
2015-12-29,0.056857,658.1,si
2015-12-30,0.008390,97.1,si
2015-12-31,0.068669,794.8,si
2016-01-01,0.020806,240.8,si
2016-01-02,0.001775,20.5,si
2016-01-03,-0.000898,-10.4,si
2016-01-04,-0.025045,-289.9,si
2016-01-05,-0.022910,-265.2,si
2016-01-06,-0.030191,-349.4,si
2016-01-07,-0.012827,-148.5,si
2016-01-08,0.031157,360.6,si
2016-01-09,0.005252,60.8,si
2016-01-10,0.039248,454.3,si
2016-01-11,0.050420,583.6,si
2016-01-12,0.001534,17.8,si
2016-01-13,-0.004418,-51.1,si
2016-01-14,-0.016763,-194.0,si
2016-01-15,-0.010885,-126.0,si
2016-01-16,0.022900,265.1,si
2016-01-17,0.018667,216.1,si
2016-01-18,0.044835,518.9,si
2016-01-19,-0.013365,-154.7,si
2016-01-20,0.066572,770.5,si
2016-01-21,0.074429,861.4,si
2016-01-22,-0.024858,-287.7,si
2016-01-23,-0.038161,-441.7,si
2016-01-24,-0.008746,-101.2,si
2016-01-25,0.016989,196.6,si
2016-01-26,0.037155,430.0,si
2016-01-27,-0.041271,-477.7,si
2016-01-28,-0.017646,-204.2,si
2016-01-29,-0.014411,-166.8,si
2016-01-30,0.004161,48.2,si
2016-01-31,0.038340,443.7,si
2016-02-01,0.068430,792.0,si
2016-02-02,0.046116,533.8,si
2016-02-03,0.017253,199.7,si
2016-02-04,0.026499,306.7,si
2016-02-05,0.070258,813.2,si
2016-02-06,0.087926,1017.7,si
2016-02-07,0.035089,406.1,si
2016-02-08,0.090072,1042.5,si
2016-02-09,0.022685,262.6,si
2016-02-10,0.069895,809.0,si
2016-02-11,-0.011182,-129.4,si
2016-02-12,-0.047296,-547.4,si
2016-02-13,-0.020566,-238.0,si
2016-02-14,0.078509,908.7,si
2016-02-15,0.083304,964.2,si
2016-02-16,0.042685,494.0,si
2016-02-17,0.016930,195.9,si
2016-02-18,-0.018323,-212.1,si
2016-02-19,-0.020887,-241.8,si
2016-02-20,-0.009280,-107.4,si
2016-02-21,0.040691,471.0,si
2016-02-22,0.044792,518.4,si
2016-02-23,0.005567,64.4,si
2016-02-24,0.007576,87.7,si
2016-02-25,-0.040387,-467.4,si
2016-02-26,0.088824,1028.1,si
2016-02-27,0.027286,315.8,si
2016-02-28,-0.013336,-154.4,si
2016-02-29,0.012361,143.1,si
2016-03-01,0.018973,219.6,si
2016-03-02,-0.237491,-2748.7,si
2016-03-03,-0.136453,-1579.3,si
2016-03-04,-0.141615,-1639.1,si
2016-03-05,-0.137734,-1594.1,si
2016-03-06,-0.102772,-1189.5,si
2016-03-07,-0.102561,-1187.0,si
2016-03-08,-0.204834,-2370.8,si
2016-03-09,-0.117312,-1357.8,si
2016-03-10,-0.112543,-1302.6,si
2016-03-11,0.041331,478.4,si
2016-03-12,-0.053167,-615.4,si
2016-03-13,-0.103597,-1199.0,si
2016-03-14,-0.137187,-1587.8,si
2016-03-15,-0.226420,-2620.6,si
2016-03-16,-0.131517,-1522.2,si
2016-03-17,-0.026844,-310.7,si
2016-03-18,-0.103004,-1192.2,si
2016-03-19,-0.195523,-2263.0,si
2016-03-20,-0.191388,-2215.1,si
2016-03-21,-0.206558,-2390.7,si
2016-03-22,-0.154463,-1787.8,si
2016-03-23,-0.165695,-1917.8,si
2016-03-24,-0.219432,-2539.7,si
2016-03-25,-0.089970,-1041.3,si
2016-03-26,-0.170416,-1972.4,si
2016-03-27,-0.183938,-2128.9,si
2016-03-28,0.492134,5696.0,si
2016-03-29,0.024883,288.0,si
2016-03-30,0.313464,3628.1,si
2016-03-31,0.029832,345.3,si
2016-04-01,0.391324,4529.2,si
2016-04-02,0.574144,6645.2,si
2016-04-03,0.566489,6556.6,si
2016-04-04,0.510839,5912.5,si
2016-04-05,0.326907,3783.6,si
2016-04-06,0.016550,191.5,si
2016-04-07,0.006498,75.2,si
2016-04-08,0.017060,197.5,si
2016-04-09,-0.120315,-1392.5,si
2016-04-10,-0.018766,-217.2,si
2016-04-11,0.767339,8881.2,si
2016-04-12,1.179220,13648.4,si
2016-04-13,0.897250,10384.8,si
2016-04-14,0.186155,2154.6,si
2016-04-15,0.134057,1551.6,si
2016-04-16,0.510578,5909.5,si
2016-04-17,0.405110,4688.8,si
2016-04-18,0.064281,744.0,si
2016-04-19,0.057245,662.6,si
2016-04-20,0.028689,332.0,si
2016-04-21,0.230177,2664.1,si
2016-04-22,0.010712,124.0,si
2016-04-23,0.597414,6914.5,si
2016-04-24,0.977377,11312.2,si
2016-04-25,0.172856,2000.7,si
2016-04-26,0.108468,1255.4,si
2016-04-27,0.078517,908.8,si
2016-04-28,0.844522,9774.6,si
2016-04-29,0.222417,2574.3,si
2016-04-30,0.136654,1581.6,si
2016-05-01,0.624750,7230.9,si
2016-05-02,0.029467,341.0,si
2016-05-03,0.027130,314.0,si
2016-05-04,0.517342,5987.8,si
2016-05-05,0.013407,155.2,si
2016-05-06,0.493184,5708.1,si
2016-05-07,-0.028118,-325.4,si
2016-05-08,0.023615,273.3,si
2016-05-09,0.140038,1620.8,si
2016-05-10,-0.048092,-556.6,si
2016-05-11,-0.147224,-1704.0,si
2016-05-12,-0.078647,-910.3,si
2016-05-13,-0.114573,-1326.1,si
2016-05-14,1.077565,12471.8,si
2016-05-15,0.453246,5245.9,si
2016-05-16,0.274246,3174.1,si
2016-05-17,0.179018,2072.0,si
2016-05-18,0.156929,1816.3,si
2016-05-19,-0.055959,-647.7,si
2016-05-20,-0.144247,-1669.5,si
2016-05-21,-0.149207,-1726.9,si
2016-05-22,-0.123647,-1431.1,si
2016-05-23,0.799504,9253.5,si
2016-05-24,0.778242,9007.4,si
2016-05-25,0.617132,7142.7,si
2016-05-26,0.550113,6367.0,si
2016-05-27,0.407713,4718.9,si
2016-05-28,0.252185,2918.8,si
2016-05-29,0.072585,840.1,si
2016-05-30,-0.036857,-426.6,si
2016-05-31,-0.064714,-749.0,si
2016-06-01,0.133425,1544.3,si
2016-06-02,-0.244097,-2825.2,si
2016-06-03,0.527929,6110.3,si
2016-06-04,-0.050427,-583.6,si
2016-06-05,-0.148385,-1717.4,si
2016-06-06,-0.256628,-2970.2,si
2016-06-07,-0.155593,-1800.8,si
2016-06-08,-0.143273,-1658.3,si
2016-06-09,-0.092712,-1073.1,si
2016-06-10,0.110448,1278.3,si
2016-06-11,-0.214649,-2484.4,si
2016-06-12,-0.111081,-1285.7,si
2016-06-13,-0.224346,-2596.6,si
2016-06-14,-0.004112,-47.6,si
2016-06-15,-0.063755,-737.9,si
2016-06-16,-0.216335,-2503.9,si
2016-06-17,-0.139446,-1614.0,si
2016-06-18,-0.124795,-1444.4,si
2016-06-19,-0.141473,-1637.4,si
2016-06-20,0.235042,2720.4,si
2016-06-21,0.010735,124.2,si
2016-06-22,-0.135648,-1570.0,si
2016-06-23,-0.138222,-1599.8,si
2016-06-24,0.761661,8815.5,si
2016-06-25,0.534199,6182.9,si
2016-06-26,0.177743,2057.2,si
2016-06-27,0.205446,2377.9,si
2016-06-28,-0.029066,-336.4,si
2016-06-29,0.081783,946.6,si
2016-06-30,0.223785,2590.1,si
2016-07-01,0.435229,5037.4,si
2016-07-02,0.106367,1231.1,si
2016-07-03,-0.035374,-409.4,si
2016-07-04,0.080216,928.4,si
2016-07-05,0.534268,6183.7,si
2016-07-06,0.079020,914.6,si
2016-07-07,0.421693,4880.7,si
2016-07-08,0.049292,570.5,si
2016-07-09,-0.108403,-1254.7,si
2016-07-10,0.377570,4370.0,si
2016-07-11,0.140553,1626.8,si
2016-07-12,0.259591,3004.5,si
2016-07-13,-0.166542,-1927.6,si
2016-07-14,0.628813,7277.9,si
2016-07-15,0.599091,6933.9,si
2016-07-16,0.709384,8210.5,si
2016-07-17,0.470764,5448.7,si
2016-07-18,0.079348,918.4,si
2016-07-19,-0.025935,-300.2,si
2016-07-20,-0.042404,-490.8,si
2016-07-21,-0.001653,-19.1,si
2016-07-22,0.103416,1196.9,si
2016-07-23,-0.220131,-2547.8,si
2016-07-24,-0.137729,-1594.1,si
2016-07-25,-0.201385,-2330.8,si
2016-07-26,-0.246738,-2855.8,si
2016-07-27,0.681892,7892.3,si
2016-07-28,0.092601,1071.8,si
2016-07-29,-0.091725,-1061.6,si
2016-07-30,0.052825,611.4,si
2016-07-31,-0.017909,-207.3,si
2016-08-01,-0.082148,-950.8,si
2016-08-02,-0.017889,-207.1,si
2016-08-03,0.303131,3508.5,si
2016-08-04,-0.100320,-1161.1,si
2016-08-05,0.632266,7317.9,si
2016-08-06,-0.004856,-56.2,si
2016-08-07,-0.084881,-982.4,si
2016-08-08,-0.014927,-172.8,si
2016-08-09,0.241612,2796.4,si
2016-08-10,0.039414,456.2,si
2016-08-11,-0.058665,-679.0,si
2016-08-12,-0.092827,-1074.4,si
2016-08-13,-0.088746,-1027.2,si
2016-08-14,-0.085759,-992.6,si
2016-08-15,-0.116501,-1348.4,si
2016-08-16,-0.132760,-1536.6,si
2016-08-17,-0.115198,-1333.3,si
2016-08-18,0.120518,1394.9,si
2016-08-19,-0.175507,-2031.3,si
2016-08-20,-0.144404,-1671.3,si
2016-08-21,-0.083606,-967.7,si
2016-08-22,-0.272289,-3151.5,si
2016-08-23,-0.002138,-24.7,si
2016-08-24,-0.103919,-1202.8,si
2016-08-25,-0.039689,-459.4,si
2016-08-26,-0.012107,-140.1,si
2016-08-27,-0.114182,-1321.5,si
2016-08-28,-0.122397,-1416.6,si
2016-08-29,-0.201353,-2330.5,si
2016-08-30,-0.196812,-2277.9,si
2016-08-31,0.601152,6957.8,si
2016-09-01,-0.101163,-1170.9,si
2016-09-02,-0.113468,-1313.3,si
2016-09-03,-0.135450,-1567.7,si
2016-09-04,-0.061974,-717.3,si
2016-09-05,0.103563,1198.6,si
2016-09-06,0.860949,9964.7,si
2016-09-07,0.083332,964.5,si
2016-09-08,0.006919,80.1,si
2016-09-09,-0.125007,-1446.8,si
2016-09-10,0.009504,110.0,si
2016-09-11,-0.118375,-1370.1,si
2016-09-12,-0.173276,-2005.5,si
2016-09-13,0.044575,515.9,si
2016-09-14,0.049983,578.5,si
2016-09-15,-0.119040,-1377.8,si
2016-09-16,-0.082748,-957.7,si
2016-09-17,-0.124841,-1444.9,si
2016-09-18,0.931169,10777.4,si
2016-09-19,0.066388,768.4,si
2016-09-20,1.620975,18761.3,si
2016-09-21,0.465734,5390.4,si
2016-09-22,0.198935,2302.5,si
2016-09-23,0.195593,2263.8,si
2016-09-24,0.080922,936.6,si
2016-09-25,-0.044202,-511.6,si
2016-09-26,-0.103379,-1196.5,si
2016-09-27,-0.118435,-1370.8,si
2016-09-28,-0.158091,-1829.8,si
2016-09-29,-0.122852,-1421.9,si
2016-09-30,0.822177,9515.9,si
2016-10-01,0.433275,5014.8,si
2016-10-02,0.189553,2193.9,si
2016-10-03,-0.075540,-874.3,si
2016-10-04,0.275366,3187.1,si
2016-10-05,0.001005,11.6,si
2016-10-06,0.009434,109.2,si
2016-10-07,0.005701,66.0,si
2016-10-08,-0.159510,-1846.2,si
2016-10-09,0.473097,5475.7,si
2016-10-10,-0.004261,-49.3,si
2016-10-11,0.090257,1044.6,si
2016-10-12,-0.096653,-1118.7,si
2016-10-13,-0.036531,-422.8,si
2016-10-14,-0.120898,-1399.3,si
2016-10-15,-0.198412,-2296.4,si
2016-10-16,-0.207933,-2406.6,si
2016-10-17,-0.235846,-2729.7,si
2016-10-18,-0.235905,-2730.4,si
2016-10-19,-0.230529,-2668.2,si
2016-10-20,-0.278064,-3218.3,si
2016-10-21,-0.339595,-3930.5,si
2016-10-22,-0.278591,-3224.4,si
2016-10-23,0.002899,33.6,si
2016-10-24,-0.132627,-1535.0,si
2016-10-25,0.018769,217.2,si
2016-10-26,0.429202,4967.6,si
2016-10-27,-0.100134,-1159.0,si
2016-10-28,0.416389,4819.3,si
2016-10-29,0.494196,5719.9,si
2016-10-30,0.002943,34.1,si
2016-10-31,-0.107202,-1240.8,si
2016-11-01,0.177976,2059.9,si
2016-11-02,0.278718,3225.9,si
2016-11-03,0.050097,579.8,si
2016-11-04,0.077707,899.4,si
2016-11-05,-0.059017,-683.1,si
2016-11-06,-0.076573,-886.3,si
2016-11-07,-0.041987,-486.0,si
2016-11-08,-0.040763,-471.8,si
2016-11-09,-0.145907,-1688.7,si
2016-11-10,0.645580,7472.0,si
2016-11-11,1.181668,13676.7,si
2016-11-12,0.343177,3972.0,si
2016-11-13,0.731317,8464.3,si
2016-11-14,1.525388,17655.0,si
2016-11-15,1.000976,11585.4,si
2016-11-16,0.913407,10571.8,si
2016-11-17,1.072636,12414.8,si
2016-11-18,0.385568,4462.6,si
2016-11-19,0.967015,11192.3,si
2016-11-20,0.350746,4059.6,si
2016-11-21,0.050177,580.8,si
2016-11-22,-0.010510,-121.6,si
2016-11-23,-0.061363,-710.2,si
2016-11-24,-0.079660,-922.0,si
2016-11-25,-0.178726,-2068.6,si
2016-11-26,-0.186695,-2160.8,si
2016-11-27,0.247513,2864.7,si
2016-11-28,0.394897,4570.6,si
2016-11-29,-0.089454,-1035.3,si
2016-11-30,0.070562,816.7,si
2016-12-01,0.400702,4637.8,si
2016-12-02,0.555089,6424.6,si
2016-12-03,0.203705,2357.7,si
2016-12-04,0.099284,1149.1,si
2016-12-05,-0.028158,-325.9,si
2016-12-06,-0.093458,-1081.7,si
2016-12-07,-0.097827,-1132.3,si
2016-12-08,-0.083660,-968.3,si
2016-12-09,-0.015644,-181.1,si
2016-12-10,-0.041525,-480.6,si
2016-12-11,0.005428,62.8,si
2016-12-12,-0.054441,-630.1,si
2016-12-13,-0.038088,-440.8,si
2016-12-14,-0.036363,-420.9,si
2016-12-15,-0.071343,-825.7,si
2016-12-16,-0.048210,-558.0,si
2016-12-17,0.024379,282.2,si
2016-12-18,-0.069133,-800.2,si
2016-12-19,-0.099305,-1149.4,si
2016-12-20,-0.061619,-713.2,si
2016-12-21,0.347409,4020.9,si
2016-12-22,0.286031,3310.5,si
2016-12-23,-0.013641,-157.9,si
2016-12-24,-0.041835,-484.2,si
2016-12-25,-0.039963,-462.5,si
2016-12-26,0.371282,4297.2,si
2016-12-27,0.046670,540.2,si
2016-12-28,0.030428,352.2,si
2016-12-29,-0.026912,-311.5,si
2016-12-30,0.131861,1526.2,si
2016-12-31,0.030382,351.6,si
2017-01-01,-0.028404,-328.8,si
2017-01-02,-0.042495,-491.8,si
2017-01-03,-0.046683,-540.3,si
2017-01-04,-0.074140,-858.1,si
2017-01-05,0.044380,513.7,si
2017-01-06,-0.083412,-965.4,si
2017-01-07,-0.068256,-790.0,si
2017-01-08,0.003001,34.7,si
2017-01-09,0.595317,6890.2,si
2017-01-10,0.380015,4398.3,si
2017-01-11,0.550006,6365.8,si
2017-01-12,0.102030,1180.9,si
2017-01-13,0.091092,1054.3,si
2017-01-14,0.030662,354.9,si
2017-01-15,0.022075,255.5,si
2017-01-16,0.045554,527.2,si
2017-01-17,0.545855,6317.8,si
2017-01-18,0.514613,5956.2,si
2017-01-19,0.426473,4936.0,si
2017-01-20,1.169584,13536.9,si
2017-01-21,0.404144,4677.6,si
2017-01-22,0.204377,2365.5,si
2017-01-23,0.132505,1533.6,si
2017-01-24,0.123378,1428.0,si
2017-01-25,0.166526,1927.4,si
2017-01-26,0.114385,1323.9,si
2017-01-27,0.016053,185.8,si
2017-01-28,0.024565,284.3,si
2017-01-29,0.016552,191.6,si
2017-01-30,0.023961,277.3,si
2017-01-31,0.047071,544.8,si
2017-02-01,0.069724,807.0,si
2017-02-02,0.052000,601.9,si
2017-02-03,0.015944,184.5,si
2017-02-04,0.019674,227.7,si
2017-02-05,0.059081,683.8,si
2017-02-06,0.066109,765.1,si
2017-02-07,0.017266,199.8,si
2017-02-08,0.069291,802.0,si
2017-02-09,-0.001412,-16.3,si
2017-02-10,0.611867,7081.8,si
2017-02-11,0.153541,1777.1,si
2017-02-12,0.368216,4261.8,si
2017-02-13,0.387456,4484.4,si
2017-02-14,0.153096,1771.9,si
2017-02-15,0.132959,1538.9,si
2017-02-16,0.081835,947.2,si
2017-02-17,0.045164,522.7,si
2017-02-18,0.000392,4.5,si
2017-02-19,-0.009930,-114.9,si
2017-02-20,0.340110,3936.5,si
2017-02-21,0.475004,5497.7,si
2017-02-22,0.124690,1443.2,si
2017-02-23,0.019845,229.7,si
2017-02-24,0.404719,4684.2,si
2017-02-25,0.853449,9877.9,si
2017-02-26,0.283391,3280.0,si
2017-02-27,0.174567,2020.4,si
2017-02-28,0.104653,1211.3,si
2017-03-01,0.143585,1661.9,si
2017-03-02,-0.044218,-511.8,si
2017-03-03,-0.143274,-1658.3,si
2017-03-04,-0.046292,-535.8,si
2017-03-05,-0.046240,-535.2,si
2017-03-06,-0.075419,-872.9,si
2017-03-07,0.446904,5172.5,si
2017-03-08,0.106187,1229.0,si
2017-03-09,-0.116660,-1350.2,si
2017-03-10,-0.042984,-497.5,si
2017-03-11,-0.045119,-522.2,si
2017-03-12,0.303991,3518.4,si
2017-03-13,0.197617,2287.2,si
2017-03-14,0.001742,20.2,si
2017-03-15,0.092327,1068.6,si
2017-03-16,-0.168921,-1955.1,si
2017-03-17,-0.099631,-1153.1,si
2017-03-18,-0.035397,-409.7,si
2017-03-19,-0.091877,-1063.4,si
2017-03-20,-0.147377,-1705.8,si
2017-03-21,-0.123650,-1431.1,si
2017-03-22,0.122505,1417.9,si
2017-03-23,0.163346,1890.6,si
2017-03-24,-0.119202,-1379.7,si
2017-03-25,0.483979,5601.6,si
2017-03-26,1.407382,16289.1,si
2017-03-27,1.276933,14779.3,si
2017-03-28,0.377777,4372.4,si
2017-03-29,0.198390,2296.2,si
2017-03-30,0.276795,3203.7,si
2017-03-31,0.165391,1914.2,si
2017-04-01,0.147314,1705.0,si
2017-04-02,-0.187603,-2171.3,si
2017-04-03,-0.131485,-1521.8,si
2017-04-04,-0.048941,-566.4,si
2017-04-05,-0.117364,-1358.4,si
2017-04-06,-0.175305,-2029.0,si
2017-04-07,-0.144196,-1668.9,si
2017-04-08,-0.090240,-1044.4,si
2017-04-09,0.028005,324.1,si
2017-04-10,0.121154,1402.2,si
2017-04-11,0.044802,518.5,si
2017-04-12,-0.186307,-2156.3,si
2017-04-13,-0.166807,-1930.6,si
2017-04-14,-0.214955,-2487.9,si
2017-04-15,0.030227,349.9,si
2017-04-16,-0.179343,-2075.7,si
2017-04-17,-0.130536,-1510.8,si
2017-04-18,-0.096149,-1112.8,si
2017-04-19,0.425505,4924.8,si
2017-04-20,1.122567,12992.7,si
2017-04-21,0.559589,6476.7,si
2017-04-22,0.279353,3233.3,si
2017-04-23,0.064210,743.2,si
2017-04-24,-0.014012,-162.2,si
2017-04-25,0.105193,1217.5,si
2017-04-26,-0.077258,-894.2,si
2017-04-27,-0.081273,-940.7,si
2017-04-28,-0.134003,-1551.0,si
2017-04-29,0.372198,4307.8,si
2017-04-30,-0.050002,-578.7,si
2017-05-01,-0.081533,-943.7,si
2017-05-02,0.038822,449.3,si
2017-05-03,1.226703,14197.9,si
2017-05-04,0.098347,1138.3,si
2017-05-05,0.303752,3515.7,si
2017-05-06,-0.061856,-715.9,si
2017-05-07,0.639259,7398.8,si
2017-05-08,0.087040,1007.4,si
2017-05-09,0.191183,2212.8,si
2017-05-10,-0.085356,-987.9,si
2017-05-11,0.543612,6291.8,si
2017-05-12,0.075600,875.0,si
2017-05-13,0.090431,1046.7,si
2017-05-14,0.337236,3903.2,si
2017-05-15,1.141379,13210.4,si
2017-05-16,0.319783,3701.2,si
2017-05-17,0.120423,1393.8,si
2017-05-18,-0.029701,-343.8,si
2017-05-19,-0.129080,-1494.0,si
2017-05-20,-0.170257,-1970.6,si
2017-05-21,-0.153947,-1781.8,si
2017-05-22,0.090821,1051.2,si
2017-05-23,-0.206221,-2386.8,si
2017-05-24,-0.162489,-1880.7,si
2017-05-25,-0.205471,-2378.1,si
2017-05-26,-0.267424,-3095.2,si
2017-05-27,-0.173511,-2008.2,si
2017-05-28,-0.151613,-1754.8,si
2017-05-29,-0.116693,-1350.6,si
2017-05-30,-0.297584,-3444.3,si
2017-05-31,-0.366268,-4239.2,si
2017-06-01,-0.363274,-4204.6,si
2017-06-02,-0.419327,-4853.3,si
2017-06-03,-0.303663,-3514.6,si
2017-06-04,0.443239,5130.1,si
2017-06-05,0.137431,1590.6,si
2017-06-06,-0.138511,-1603.1,si
2017-06-07,0.289728,3353.3,si
2017-06-08,0.409439,4738.9,si
2017-06-09,0.356239,4123.1,si
2017-06-10,-0.070179,-812.3,si
2017-06-11,0.757646,8769.1,si
2017-06-12,0.764574,8849.2,si
2017-06-13,0.082055,949.7,si
2017-06-14,0.614036,7106.9,si
2017-06-15,1.948400,22550.9,si
2017-06-16,1.382023,15995.6,si
2017-06-17,0.789553,9138.3,si
2017-06-18,0.288734,3341.8,si
2017-06-19,0.053261,616.4,si
2017-06-20,0.185377,2145.6,si
2017-06-21,-0.055495,-642.3,si
2017-06-22,0.148558,1719.4,si
2017-06-23,-0.188382,-2180.3,si
2017-06-24,-0.245950,-2846.6,si
2017-06-25,-0.166655,-1928.9,si
2017-06-26,0.218390,2527.7,si
2017-06-27,-0.255329,-2955.2,si
2017-06-28,-0.345045,-3993.6,si
2017-06-29,-0.214810,-2486.2,si
2017-06-30,-0.223425,-2585.9,si
2017-07-01,-0.173771,-2011.2,si
2017-07-02,0.564579,6534.5,si
2017-07-03,0.047205,546.4,si
2017-07-04,-0.020586,-238.3,si
2017-07-05,0.098412,1139.0,si
2017-07-06,0.093460,1081.7,si
2017-07-07,-0.116761,-1351.4,si
2017-07-08,-0.056436,-653.2,si
2017-07-09,0.006058,70.1,si
2017-07-10,1.019651,11801.5,si
2017-07-11,0.699954,8101.3,si
2017-07-12,0.636457,7366.4,si
2017-07-13,0.138248,1600.1,si
2017-07-14,-0.091273,-1056.4,si
2017-07-15,-0.160212,-1854.3,si
2017-07-16,-0.232402,-2689.8,si
2017-07-17,-0.249385,-2886.4,si
2017-07-18,0.655110,7582.3,si
2017-07-19,0.138322,1600.9,si
2017-07-20,-0.048099,-556.7,si
2017-07-21,-0.029739,-344.2,si
2017-07-22,0.290536,3362.7,si
2017-07-23,0.045728,529.3,si
2017-07-24,0.171512,1985.1,si
2017-07-25,0.497814,5761.7,si
2017-07-26,0.269906,3123.9,si
2017-07-27,-0.115137,-1332.6,si
2017-07-28,0.131346,1520.2,si
2017-07-29,0.101315,1172.6,si
2017-07-30,0.637669,7380.4,si
2017-07-31,0.048792,564.7,si
2017-08-01,-0.226481,-2621.3,si
2017-08-02,-0.143644,-1662.5,si
2017-08-03,-0.081432,-942.5,si
2017-08-04,-0.260676,-3017.1,si
2017-08-05,-0.315120,-3647.2,si
2017-08-06,0.059353,687.0,si
2017-08-07,-0.036178,-418.7,si
2017-08-08,-0.095809,-1108.9,si
2017-08-09,-0.204237,-2363.9,si
2017-08-10,-0.286767,-3319.1,si
2017-08-11,-0.309178,-3578.4,si
2017-08-12,-0.240599,-2784.7,si
2017-08-13,-0.353597,-4092.6,si
2017-08-14,-0.372545,-4311.9,si
2017-08-15,-0.150019,-1736.3,si
2017-08-16,-0.400510,-4635.5,si
2017-08-17,-0.396290,-4586.7,si
2017-08-18,-0.433916,-5022.2,si
2017-08-19,-0.392577,-4543.7,si
2017-08-20,-0.225580,-2610.9,si
2017-08-21,-0.344903,-3991.9,si
2017-08-22,-0.297403,-3442.2,si
2017-08-23,0.004145,48.0,si
2017-08-24,0.129179,1495.1,si
2017-08-25,-0.088377,-1022.9,si
2017-08-26,-0.178244,-2063.0,si
2017-08-27,-0.246601,-2854.2,si
2017-08-28,-0.111476,-1290.2,si
2017-08-29,0.277923,3216.7,si
2017-08-30,0.066045,764.4,si
2017-08-31,-0.131403,-1520.9,si
2017-09-01,0.186158,2154.6,si
2017-09-02,0.244082,2825.0,si
2017-09-03,0.245684,2843.6,si
2017-09-04,-0.052464,-607.2,si
2017-09-05,-0.113978,-1319.2,si
2017-09-06,-0.094935,-1098.8,si
2017-09-07,0.685920,7938.9,si
2017-09-08,0.267991,3101.7,si
2017-09-09,0.065803,761.6,si
2017-09-10,0.476289,5512.6,si
2017-09-11,0.075307,871.6,si
2017-09-12,0.427549,4948.5,si
2017-09-13,0.031355,362.9,si
2017-09-14,-0.082027,-949.4,si
2017-09-15,-0.060035,-694.8,si
2017-09-16,0.107306,1242.0,si
2017-09-17,-0.033549,-388.3,si
2017-09-18,-0.117758,-1362.9,si
2017-09-19,-0.009633,-111.5,si
2017-09-20,-0.157359,-1821.3,si
2017-09-21,-0.148140,-1714.6,si
2017-09-22,0.644293,7457.1,si
2017-09-23,0.088623,1025.7,si
2017-09-24,0.107078,1239.3,si
2017-09-25,-0.052129,-603.3,si
2017-09-26,-0.094061,-1088.7,si
2017-09-27,-0.063166,-731.1,si
2017-09-28,0.160330,1855.7,si
2017-09-29,-0.081015,-937.7,si
2017-09-30,-0.027262,-315.5,si
2017-10-01,-0.007208,-83.4,si
2017-10-02,-0.160053,-1852.5,si
2017-10-03,-0.098249,-1137.1,si
2017-10-04,-0.054964,-636.2,si
2017-10-05,-0.174072,-2014.7,si
2017-10-06,-0.075342,-872.0,si
2017-10-07,-0.256758,-2971.7,si
2017-10-08,-0.200617,-2322.0,si
2017-10-09,-0.244278,-2827.3,si
2017-10-10,-0.231389,-2678.1,si
2017-10-11,-0.156111,-1806.8,si
2017-10-12,-0.161121,-1864.8,si
2017-10-13,-0.077428,-896.2,si
2017-10-14,-0.000146,-1.7,si
2017-10-15,-0.024077,-278.7,si
2017-10-16,-0.116140,-1344.2,si
2017-10-17,-0.123468,-1429.0,si
2017-10-18,-0.173700,-2010.4,si
2017-10-19,-0.163937,-1897.4,si
2017-10-20,-0.077950,-902.2,si
2017-10-21,-0.185855,-2151.1,si
2017-10-22,-0.205677,-2380.5,si
2017-10-23,-0.120980,-1400.2,si
2017-10-24,-0.102653,-1188.1,si
2017-10-25,-0.168987,-1955.9,si
2017-10-26,0.080697,934.0,si
2017-10-27,0.048412,560.3,si
2017-10-28,0.468257,5419.6,si
2017-10-29,0.380943,4409.1,si
2017-10-30,0.005417,62.7,si
2017-10-31,-0.009070,-105.0,si
2017-11-01,-0.009767,-113.0,si
2017-11-02,0.200109,2316.1,si
2017-11-03,0.330863,3829.4,si
2017-11-04,0.264701,3063.7,si
2017-11-05,0.449840,5206.5,si
2017-11-06,0.439930,5091.8,si
2017-11-07,0.134724,1559.3,si
2017-11-08,0.070707,818.4,si
2017-11-09,0.087910,1017.5,si
2017-11-10,0.410999,4756.9,si
2017-11-11,0.058335,675.2,si
2017-11-12,0.015143,175.3,si
2017-11-13,0.018813,217.7,si
2017-11-14,0.820736,9499.3,si
2017-11-15,0.879723,10182.0,si
2017-11-16,0.734232,8498.1,si
2017-11-17,0.264022,3055.8,si
2017-11-18,0.890792,10310.1,si
2017-11-19,0.291263,3371.1,si
2017-11-20,0.165716,1918.0,si
2017-11-21,0.128219,1484.0,si
2017-11-22,0.028068,324.9,si
2017-11-23,0.093155,1078.2,si
2017-11-24,0.333846,3864.0,si
2017-11-25,0.024141,279.4,si
2017-11-26,0.017689,204.7,si
2017-11-27,-0.052505,-607.7,si
2017-11-28,-0.008238,-95.3,si
2017-11-29,0.020636,238.8,si
2017-11-30,-0.051008,-590.4,si
2017-12-01,-0.035259,-408.1,si
2017-12-02,0.146175,1691.8,si
2017-12-03,0.016322,188.9,si
2017-12-04,0.073593,851.8,si
2017-12-05,0.028813,333.5,si
2017-12-06,0.016727,193.6,si
2017-12-07,-0.016241,-188.0,si
2017-12-08,-0.000732,-8.5,si
2017-12-09,0.019308,223.5,si
2017-12-10,0.627502,7262.8,si
2017-12-11,0.894722,10355.6,si
2017-12-12,0.457962,5300.5,si
2017-12-13,0.261693,3028.9,si
2017-12-14,0.200655,2322.4,si
2017-12-15,0.178331,2064.0,si
2017-12-16,0.106668,1234.6,si
2017-12-17,0.094712,1096.2,si
2017-12-18,0.136701,1582.2,si
2017-12-19,0.037721,436.6,si
2017-12-20,0.002421,28.0,si
2017-12-21,0.025583,296.1,si
2017-12-22,0.040800,472.2,si
2017-12-23,0.017054,197.4,si
2017-12-24,0.033795,391.1,si
2017-12-25,0.153759,1779.6,si
2017-12-26,0.095744,1108.2,si
2017-12-27,0.085756,992.5,si
2017-12-28,0.146312,1693.4,si
2017-12-29,0.265151,3068.9,si
2017-12-30,0.039377,455.8,si
2017-12-31,0.075560,874.5,si
2018-01-01,0.221420,2562.7,si
2018-01-02,0.342343,3962.3,si
2018-01-03,0.083937,971.5,si
2018-01-04,0.036640,424.1,si
2018-01-05,0.014492,167.7,si
2018-01-06,0.025046,289.9,si
2018-01-07,0.044715,517.5,si
2018-01-08,0.081728,945.9,si
2018-01-09,0.053501,619.2,si
2018-01-10,0.409580,4740.5,si
2018-01-11,0.094914,1098.5,si
2018-01-12,0.064902,751.2,si
2018-01-13,0.054827,634.6,si
2018-01-14,0.071505,827.6,si
2018-01-15,0.044355,513.4,si
2018-01-16,0.076556,886.1,si
2018-01-17,0.147055,1702.0,si
2018-01-18,0.135732,1571.0,si
2018-01-19,0.060490,700.1,si
2018-01-20,0.113074,1308.7,si
2018-01-21,0.122870,1422.1,si
2018-01-22,0.019783,229.0,si
2018-01-23,0.006153,71.2,si
2018-01-24,0.033588,388.8,si
2018-01-25,0.057318,663.4,si
2018-01-26,0.076301,883.1,si
2018-01-27,-0.003125,-36.2,si
2018-01-28,0.020569,238.1,si
2018-01-29,0.023943,277.1,si
2018-01-30,0.040059,463.7,si
2018-01-31,0.071280,825.0,si
2018-02-01,0.101020,1169.2,si
2018-02-02,0.091574,1059.9,si
2018-02-03,0.067798,784.7,si
2018-02-04,0.070780,819.2,si
2018-02-05,0.115053,1331.6,si
2018-02-06,0.131277,1519.4,si
2018-02-07,0.080108,927.2,si
2018-02-08,0.138086,1598.2,si
2018-02-09,0.067022,775.7,si
2018-02-10,0.114904,1329.9,si
2018-02-11,0.032353,374.5,si
2018-02-12,-0.004673,-54.1,si
2018-02-13,0.022295,258.0,si
2018-02-14,0.120190,1391.1,si
2018-02-15,0.122860,1422.0,si
2018-02-16,0.084752,980.9,si
2018-02-17,0.197156,2281.9,si
2018-02-18,0.023153,268.0,si
2018-02-19,0.020973,242.7,si
2018-02-20,0.032976,381.7,si
2018-02-21,0.081030,937.9,si
2018-02-22,0.127363,1474.1,si
2018-02-23,0.071326,825.5,si
2018-02-24,0.071561,828.2,si
2018-02-25,0.212608,2460.7,si
2018-02-26,0.304084,3519.5,si
2018-02-27,0.325249,3764.5,si
2018-02-28,0.243349,2816.5,si
2018-03-01,0.092672,1072.6,si
2018-03-02,-0.298977,-3460.4,si
2018-03-03,-0.346331,-4008.5,si
2018-03-04,-0.217854,-2521.5,si
2018-03-05,-0.201277,-2329.6,si
2018-03-06,-0.230488,-2667.7,si
2018-03-07,-0.256750,-2971.6,si
2018-03-08,-0.268131,-3103.4,si
2018-03-09,-0.406284,-4702.4,si
2018-03-10,-0.320221,-3706.3,si
2018-03-11,-0.333587,-3861.0,si
2018-03-12,-0.222809,-2578.8,si
2018-03-13,-0.300124,-3473.7,si
2018-03-14,-0.309916,-3587.0,si
2018-03-15,-0.343547,-3976.2,si
2018-03-16,-0.432814,-5009.4,si
2018-03-17,-0.348367,-4032.0,si
2018-03-18,-0.290053,-3357.1,si
2018-03-19,-0.359139,-4156.7,si
2018-03-20,-0.426184,-4932.7,si
2018-03-21,-0.408050,-4722.8,si
2018-03-22,-0.418780,-4847.0,si
2018-03-23,-0.036229,-419.3,si
2018-03-24,-0.294908,-3413.3,si
2018-03-25,-0.423855,-4905.7,si
2018-03-26,-0.204462,-2366.5,si
2018-03-27,-0.301532,-3489.9,si
2018-03-28,-0.208518,-2413.4,si
2018-03-29,-0.357819,-4141.4,si
2018-03-30,-0.268260,-3104.9,si
2018-03-31,0.759974,8796.0,si
2018-04-01,1.175358,13603.7,si
2018-04-02,0.279469,3234.6,si
2018-04-03,1.063096,12304.3,si
2018-04-04,0.354631,4104.5,si
2018-04-05,1.218329,14101.0,si
2018-04-06,0.703924,8147.3,si
2018-04-07,0.501807,5807.9,si
2018-04-08,1.104581,12784.5,si
2018-04-09,0.198578,2298.4,si
2018-04-10,0.264817,3065.0,si
2018-04-11,-0.048710,-563.8,si
2018-04-12,0.446243,5164.8,si
2018-04-13,0.929341,10756.3,si
2018-04-14,0.111140,1286.3,si
2018-04-15,-0.042966,-497.3,si
2018-04-16,0.345385,3997.5,si
2018-04-17,0.069844,808.4,si
2018-04-18,-0.041612,-481.6,si
2018-04-19,-0.114674,-1327.2,si
2018-04-20,-0.132758,-1536.5,si
2018-04-21,-0.169214,-1958.5,si
2018-04-22,0.378055,4375.6,si
2018-04-23,-0.102953,-1191.6,si
2018-04-24,-0.228357,-2643.0,si
2018-04-25,0.942101,10904.0,si
2018-04-26,0.079443,919.5,si
2018-04-27,0.068833,796.7,si
2018-04-28,0.119138,1378.9,si
2018-04-29,0.068998,798.6,si
2018-04-30,-0.119179,-1379.4,si
2018-05-01,0.895055,10359.4,si
2018-05-02,0.427088,4943.2,si
2018-05-03,0.242457,2806.2,si
2018-05-04,0.029555,342.1,si
2018-05-05,0.103099,1193.3,si
2018-05-06,0.334240,3868.5,si
2018-05-07,0.733419,8488.6,si
2018-05-08,0.256046,2963.5,si
2018-05-09,0.218160,2525.0,si
2018-05-10,0.063029,729.5,si
2018-05-11,-0.044962,-520.4,si
2018-05-12,-0.053304,-616.9,si
2018-05-13,0.113618,1315.0,si
2018-05-14,-0.093955,-1087.4,si
2018-05-15,-0.046681,-540.3,si
2018-05-16,-0.112661,-1303.9,si
2018-05-17,-0.115612,-1338.1,si
2018-05-18,-0.122099,-1413.2,si
2018-05-19,-0.102089,-1181.6,si
2018-05-20,-0.188709,-2184.1,si
2018-05-21,-0.267087,-3091.3,si
2018-05-22,-0.151654,-1755.3,si
2018-05-23,-0.211514,-2448.1,si
2018-05-24,0.011191,129.5,si
2018-05-25,-0.080922,-936.6,si
2018-05-26,-0.171238,-1981.9,si
2018-05-27,0.597083,6910.7,si
2018-05-28,-0.040027,-463.3,si
2018-05-29,-0.112847,-1306.1,si
2018-05-30,-0.121230,-1403.1,si
2018-05-31,-0.187495,-2170.1,si
2018-06-01,-0.148908,-1723.5,si
2018-06-02,-0.374259,-4331.7,si
2018-06-03,-0.179181,-2073.9,si
2018-06-04,0.411943,4767.9,si
2018-06-05,0.393306,4552.2,si
2018-06-06,-0.176800,-2046.3,si
2018-06-07,-0.275239,-3185.6,si
2018-06-08,-0.238790,-2763.8,si
2018-06-09,-0.244379,-2828.5,si
2018-06-10,-0.085428,-988.7,si
2018-06-11,-0.238848,-2764.4,si
2018-06-12,-0.165756,-1918.5,si
2018-06-13,-0.212921,-2464.4,si
2018-06-14,-0.215006,-2488.5,si
2018-06-15,0.020709,239.7,si
2018-06-16,0.764041,8843.1,si
2018-06-17,0.451857,5229.8,si
2018-06-18,0.690763,7994.9,si
2018-06-19,0.854688,9892.2,si
2018-06-20,0.291504,3373.9,si
2018-06-21,0.034003,393.6,si
2018-06-22,0.407452,4715.9,si
2018-06-23,-0.048914,-566.1,si
2018-06-24,0.258649,2993.6,si
2018-06-25,0.228762,2647.7,si
2018-06-26,0.051522,596.3,si
2018-06-27,0.139391,1613.3,si
2018-06-28,-0.116136,-1344.2,si
2018-06-29,-0.270181,-3127.1,si
2018-06-30,-0.054699,-633.1,si
2018-07-01,-0.334501,-3871.5,si
2018-07-02,-0.305560,-3536.6,si
2018-07-03,-0.214119,-2478.2,si
2018-07-04,0.391408,4530.2,si
2018-07-05,-0.118450,-1370.9,si
2018-07-06,-0.250136,-2895.1,si
2018-07-07,-0.318373,-3684.9,si
2018-07-08,0.187099,2165.5,si
2018-07-09,0.346117,4006.0,si
2018-07-10,0.104581,1210.4,si
2018-07-11,0.351593,4069.4,si
2018-07-12,-0.042563,-492.6,si
2018-07-13,0.121674,1408.3,si
2018-07-14,0.072556,839.8,si
2018-07-15,-0.143136,-1656.7,si
2018-07-16,0.164069,1898.9,si
2018-07-17,0.020283,234.8,si
2018-07-18,-0.073072,-845.7,si
2018-07-19,-0.177979,-2059.9,si
2018-07-20,-0.265230,-3069.8,si
2018-07-21,-0.087648,-1014.4,si
2018-07-22,0.786263,9100.3,si
2018-07-23,0.435534,5040.9,si
2018-07-24,0.252272,2919.8,si
2018-07-25,0.083037,961.1,si
2018-07-26,-0.076714,-887.9,si
2018-07-27,0.192660,2229.9,si
2018-07-28,-0.023124,-267.6,si
2018-07-29,-0.284844,-3296.8,si
2018-07-30,-0.183356,-2122.2,si
2018-07-31,-0.105015,-1215.5,si
2018-08-01,0.193399,2238.4,si
2018-08-02,0.028077,325.0,si
2018-08-03,-0.101747,-1177.6,si
2018-08-04,0.224029,2592.9,si
2018-08-05,-0.140063,-1621.1,si
2018-08-06,-0.085195,-986.1,si
2018-08-07,0.146665,1697.5,si
2018-08-08,1.064404,12319.5,si
2018-08-09,0.648120,7501.4,si
2018-08-10,0.291511,3374.0,si
2018-08-11,-0.034685,-401.4,si
2018-08-12,-0.119099,-1378.5,si
2018-08-13,0.516342,5976.2,si
2018-08-14,0.032173,372.4,si
2018-08-15,-0.163808,-1895.9,si
2018-08-16,-0.262602,-3039.4,si
2018-08-17,-0.301858,-3493.7,si
2018-08-18,-0.488263,-5651.2,si
2018-08-19,-0.255138,-2953.0,si
2018-08-20,-0.393207,-4551.0,si
2018-08-21,-0.305599,-3537.0,si
2018-08-22,-0.401849,-4651.0,si
2018-08-23,-0.492359,-5698.6,si
2018-08-24,-0.452740,-5240.0,si
2018-08-25,-0.289607,-3351.9,si
2018-08-26,-0.078436,-907.8,si
2018-08-27,-0.518434,-6000.4,si
2018-08-28,-0.536757,-6212.5,si
2018-08-29,-0.012766,-147.8,si
2018-08-30,-0.460901,-5334.5,si
2018-08-31,-0.511632,-5921.7,si
2018-09-01,-0.572196,-6622.6,si
2018-09-02,-0.444096,-5140.0,si
2018-09-03,-0.215077,-2489.3,si
2018-09-04,-0.416457,-4820.1,si
2018-09-05,-0.488894,-5658.5,si
2018-09-06,-0.452980,-5242.8,si
2018-09-07,-0.118913,-1376.3,si
2018-09-08,-0.478511,-5538.3,si
2018-09-09,-0.501371,-5802.9,si
2018-09-10,-0.532538,-6163.6,si
2018-09-11,-0.450578,-5215.0,si
2018-09-12,-0.524483,-6070.4,si
2018-09-13,-0.411069,-4757.7,si
2018-09-14,-0.272337,-3152.0,si
2018-09-15,-0.427969,-4953.3,si
2018-09-16,-0.484204,-5604.2,si
2018-09-17,-0.490669,-5679.0,si
2018-09-18,-0.561246,-6495.9,si
2018-09-19,-0.368249,-4262.1,si
2018-09-20,-0.487451,-5641.8,si
2018-09-21,-0.238977,-2765.9,si
2018-09-22,-0.392737,-4545.6,si
2018-09-23,-0.336700,-3897.0,si
2018-09-24,-0.316990,-3668.9,si
2018-09-25,-0.384866,-4454.5,si
2018-09-26,0.095545,1105.8,si
2018-09-27,-0.204673,-2368.9,si
2018-09-28,-0.291107,-3369.3,si
2018-09-29,-0.335480,-3882.9,si
2018-09-30,-0.211195,-2444.4,si
2018-10-01,-0.005786,-67.0,si
2018-10-02,0.020660,239.1,si
2018-10-03,-0.308088,-3565.8,si
2018-10-04,-0.315581,-3652.6,si
2018-10-05,-0.256691,-2971.0,si
2018-10-06,-0.169469,-1961.4,si
2018-10-07,-0.330355,-3823.5,si
2018-10-08,-0.162059,-1875.7,si
2018-10-09,0.087048,1007.5,si
2018-10-10,1.451932,16804.8,si
2018-10-11,0.356239,4123.1,si
2018-10-12,0.899157,10406.9,si
2018-10-13,0.911046,10544.5,si
2018-10-14,0.300514,3478.2,si
2018-10-15,-0.006930,-80.2,si
2018-10-16,-0.147324,-1705.1,si
2018-10-17,-0.243299,-2816.0,si
2018-10-18,0.134745,1559.5,si
2018-10-19,0.906497,10491.9,si
2018-10-20,0.258185,2988.2,si
2018-10-21,-0.087352,-1011.0,si
2018-10-22,-0.193137,-2235.4,si
2018-10-23,-0.011041,-127.8,si
2018-10-24,0.441037,5104.6,si
2018-10-25,-0.155968,-1805.2,si
2018-10-26,-0.159363,-1844.5,si
2018-10-27,-0.261804,-3030.1,si
2018-10-28,-0.327771,-3793.6,si
2018-10-29,-0.332014,-3842.8,si
2018-10-30,-0.364613,-4220.1,si
2018-10-31,-0.340220,-3937.7,si
2018-11-01,-0.429382,-4969.7,si
2018-11-02,-0.046010,-532.5,si
2018-11-03,-0.132131,-1529.3,si
2018-11-04,0.135167,1564.4,si
2018-11-05,0.205216,2375.2,si
2018-11-06,0.486983,5636.4,si
2018-11-07,0.004066,47.1,si
2018-11-08,0.388072,4491.6,si
2018-11-09,0.059942,693.8,si
2018-11-10,0.350988,4062.4,si
2018-11-11,0.013629,157.7,si
2018-11-12,-0.041920,-485.2,si
2018-11-13,-0.036539,-422.9,si
2018-11-14,-0.028116,-325.4,si
2018-11-15,-0.052597,-608.8,si
2018-11-16,0.154460,1787.7,si
2018-11-17,0.272891,3158.5,si
2018-11-18,0.126035,1458.7,si
2018-11-19,-0.088194,-1020.8,si
2018-11-20,-0.049855,-577.0,si
2018-11-21,-0.026323,-304.7,si
2018-11-22,-0.065455,-757.6,si
2018-11-23,0.121199,1402.8,si
2018-11-24,0.044405,513.9,si
2018-11-25,-0.093619,-1083.6,si
2018-11-26,-0.038965,-451.0,si
2018-11-27,-0.080388,-930.4,si
2018-11-28,-0.019778,-228.9,si
2018-11-29,0.017368,201.0,si
2018-11-30,-0.042896,-496.5,si
2018-12-01,-0.030374,-351.6,si
2018-12-02,0.054293,628.4,si
2018-12-03,-0.020883,-241.7,si
2018-12-04,0.049390,571.6,si
2018-12-05,0.046733,540.9,si
2018-12-06,0.058892,681.6,si
2018-12-07,0.047055,544.6,si
2018-12-08,0.079896,924.7,si
2018-12-09,0.112916,1306.9,si
2018-12-10,0.126945,1469.3,si
2018-12-11,0.146013,1690.0,si
2018-12-12,0.218323,2526.9,si
2018-12-13,0.159397,1844.9,si
2018-12-14,0.166983,1932.7,si
2018-12-15,0.142997,1655.1,si
2018-12-16,0.109556,1268.0,si
2018-12-17,0.109596,1268.5,si
2018-12-18,0.162220,1877.5,si
2018-12-19,0.072644,840.8,si
2018-12-20,0.046539,538.6,si
2018-12-21,0.076503,885.4,si
2018-12-22,0.097402,1127.3,si
2018-12-23,0.077552,897.6,si
2018-12-24,0.060425,699.4,si
2018-12-25,0.048807,564.9,si
2018-12-26,0.059718,691.2,si
2018-12-27,0.146979,1701.1,si
2018-12-28,0.119389,1381.8,si
2018-12-29,0.119366,1381.5,si
2018-12-30,0.071343,825.7,si
2018-12-31,0.131149,1517.9,si
2019-01-01,0.085923,994.5,si
2019-01-02,-0.043873,-507.8,si
2019-01-03,-0.032293,-373.8,si
2019-01-04,-0.067907,-786.0,si
2019-01-05,-0.090023,-1041.9,si
2019-01-06,-0.070393,-814.7,si
2019-01-07,-0.052736,-610.4,si
2019-01-08,-0.007847,-90.8,si
2019-01-09,0.007737,89.6,si
2019-01-10,0.002263,26.2,si
2019-01-11,-0.014948,-173.0,si
2019-01-12,-0.034074,-394.4,si
2019-01-13,-0.024671,-285.5,si
2019-01-14,-0.047012,-544.1,si
2019-01-15,-0.039951,-462.4,si
2019-01-16,-0.006581,-76.2,si
2019-01-17,-0.009559,-110.6,si
2019-01-18,0.016918,195.8,si
2019-01-19,-0.027256,-315.5,si
2019-01-20,0.048773,564.5,si
2019-01-21,0.046224,535.0,si
2019-01-22,-0.052240,-604.6,si
2019-01-23,-0.063102,-730.3,si
2019-01-24,-0.033761,-390.8,si
2019-01-25,-0.008891,-102.9,si
2019-01-26,0.011199,129.6,si
2019-01-27,-0.066481,-769.5,si
2019-01-28,0.435931,5045.5,si
2019-01-29,-0.003048,-35.3,si
2019-01-30,0.001088,12.6,si
2019-01-31,0.030561,353.7,si
2019-02-01,0.059372,687.2,si
2019-02-02,0.119738,1385.9,si
2019-02-03,0.089248,1033.0,si
2019-02-04,0.097850,1132.5,si
2019-02-05,0.141074,1632.8,si
2019-02-06,0.172019,1991.0,si
2019-02-07,0.104999,1215.3,si
2019-02-08,0.160552,1858.2,si
2019-02-09,0.092797,1074.0,si
2019-02-10,0.139604,1615.8,si
2019-02-11,0.056990,659.6,si
2019-02-12,0.019285,223.2,si
2019-02-13,0.045864,530.8,si
2019-02-14,0.145709,1686.5,si
2019-02-15,0.147437,1706.4,si
2019-02-16,0.109269,1264.7,si
2019-02-17,0.101966,1180.2,si
2019-02-18,0.047235,546.7,si
2019-02-19,0.046013,532.6,si
2019-02-20,0.059030,683.2,si
2019-02-21,0.107572,1245.0,si
2019-02-22,0.114268,1322.5,si
2019-02-23,0.100118,1158.8,si
2019-02-24,0.153320,1774.5,si
2019-02-25,0.018592,215.2,si
2019-02-26,0.069925,809.3,si
2019-02-27,0.093612,1083.5,si
2019-02-28,0.052818,611.3,si
2019-03-01,0.078350,906.8,si
2019-03-02,0.223557,2587.5,si
2019-03-03,-0.091291,-1056.6,si
2019-03-04,0.274279,3174.5,si
2019-03-05,0.017581,203.5,si
2019-03-06,0.015834,183.3,si
2019-03-07,0.070370,814.5,si
2019-03-08,0.072158,835.2,si
2019-03-09,0.014834,171.7,si
2019-03-10,0.195638,2264.3,si
2019-03-11,0.460628,5331.3,si
2019-03-12,0.181083,2095.9,si
2019-03-13,0.102171,1182.5,si
2019-03-14,0.127564,1476.4,si
2019-03-15,0.027573,319.1,si
2019-03-16,0.022360,258.8,si
2019-03-17,0.305429,3535.1,si
2019-03-18,0.037900,438.7,si
2019-03-19,0.692247,8012.1,si
2019-03-20,0.556539,6441.4,si
2019-03-21,0.990674,11466.1,si
2019-03-22,0.142408,1648.2,si
2019-03-23,0.148013,1713.1,si
2019-03-24,0.117342,1358.1,si
2019-03-25,0.049300,570.6,si
2019-03-26,0.166079,1922.2,si
2019-03-27,0.087498,1012.7,si
2019-03-28,0.165237,1912.5,si
2019-03-29,0.052139,603.5,si
2019-03-30,0.147352,1705.5,si
2019-03-31,0.136129,1575.6,si
2019-04-01,0.258787,2995.2,si
2019-04-02,0.742409,8592.7,si
2019-04-03,0.942598,10909.7,si
2019-04-04,0.377317,4367.1,si
2019-04-05,0.114515,1325.4,si
2019-04-06,0.117135,1355.7,si
2019-04-07,0.061755,714.8,si
2019-04-08,0.076093,880.7,si
2019-04-09,0.001399,16.2,si
2019-04-10,-0.055088,-637.6,si
2019-04-11,-0.105986,-1226.7,si
2019-04-12,-0.069370,-802.9,si
2019-04-13,-0.104704,-1211.8,si
2019-04-14,0.269439,3118.5,si
2019-04-15,-0.052273,-605.0,si
2019-04-16,-0.047461,-549.3,si
2019-04-17,0.262003,3032.4,si
2019-04-18,0.298959,3460.2,si
2019-04-19,0.045367,525.1,si
2019-04-20,0.008573,99.2,si
2019-04-21,0.603139,6980.8,si
2019-04-22,0.988333,11439.0,si
2019-04-23,0.840769,9731.1,si
2019-04-24,0.161155,1865.2,si
2019-04-25,0.485487,5619.1,si
2019-04-26,0.149112,1725.8,si
2019-04-27,0.147626,1708.6,si
2019-04-28,0.115786,1340.1,si
2019-04-29,0.107159,1240.3,si
2019-04-30,0.050096,579.8,si
2019-05-01,0.018999,219.9,si
2019-05-02,-0.000442,-5.1,si
2019-05-03,0.025993,300.8,si
2019-05-04,-0.113554,-1314.3,si
2019-05-05,0.015801,182.9,si
2019-05-06,0.003351,38.8,si
2019-05-07,0.830088,9607.5,si
2019-05-08,0.618491,7158.5,si
2019-05-09,0.774726,8966.7,si
2019-05-10,0.150198,1738.4,si
2019-05-11,0.088985,1029.9,si
2019-05-12,0.467476,5410.6,si
2019-05-13,0.223182,2583.1,si
2019-05-14,0.107595,1245.3,si
2019-05-15,-0.060645,-701.9,si
2019-05-16,0.242049,2801.5,si
2019-05-17,0.011380,131.7,si
2019-05-18,-0.005337,-61.8,si
2019-05-19,-0.045685,-528.8,si
2019-05-20,-0.089438,-1035.2,si
2019-05-21,-0.166960,-1932.4,si
2019-05-22,-0.118767,-1374.6,si
2019-05-23,0.855916,9906.4,si
2019-05-24,0.054384,629.5,si
2019-05-25,0.529702,6130.8,si
2019-05-26,0.188509,2181.8,si
2019-05-27,0.081208,939.9,si
2019-05-28,0.041203,476.9,si
2019-05-29,-0.003459,-40.0,si
2019-05-30,0.104852,1213.6,si
2019-05-31,0.638673,7392.0,si
2019-06-01,0.094721,1096.3,si
2019-06-02,-0.192171,-2224.2,si
2019-06-03,-0.288609,-3340.4,si
2019-06-04,0.789973,9143.2,si
2019-06-05,-0.061804,-715.3,si
2019-06-06,0.129453,1498.3,si
2019-06-07,-0.193777,-2242.8,si
2019-06-08,-0.029783,-344.7,si
2019-06-09,-0.100892,-1167.7,si
2019-06-10,0.424779,4916.4,si
2019-06-11,-0.027258,-315.5,si
2019-06-12,-0.158254,-1831.6,si
2019-06-13,0.143836,1664.8,si
2019-06-14,-0.221832,-2567.5,si
2019-06-15,-0.091348,-1057.3,si
2019-06-16,0.101552,1175.4,si
2019-06-17,0.298393,3453.6,si
2019-06-18,-0.009467,-109.6,si
2019-06-19,-0.182738,-2115.0,si
2019-06-20,0.106359,1231.0,si
2019-06-21,0.946298,10952.5,si
2019-06-22,1.103704,12774.4,si
2019-06-23,1.073329,12422.8,si
2019-06-24,0.463013,5358.9,si
2019-06-25,0.118124,1367.2,si
2019-06-26,0.086469,1000.8,si
2019-06-27,0.182388,2111.0,si
2019-06-28,0.017247,199.6,si
2019-06-29,-0.145959,-1689.3,si
2019-06-30,0.813626,9417.0,si
2019-07-01,0.426917,4941.2,si
2019-07-02,-0.036200,-419.0,si
2019-07-03,-0.116054,-1343.2,si
2019-07-04,-0.157392,-1821.7,si
2019-07-05,0.164761,1907.0,si
2019-07-06,0.093228,1079.0,si
2019-07-07,-0.228595,-2645.8,si
2019-07-08,-0.196949,-2279.5,si
2019-07-09,-0.097849,-1132.5,si
2019-07-10,-0.149602,-1731.5,si
2019-07-11,-0.326818,-3782.6,si
2019-07-12,-0.327212,-3787.2,si
2019-07-13,0.079838,924.1,si
2019-07-14,-0.169017,-1956.2,si
2019-07-15,-0.286311,-3313.8,si
2019-07-16,-0.397344,-4598.9,si
2019-07-17,-0.367310,-4251.3,si
2019-07-18,0.195043,2257.4,si
2019-07-19,-0.079234,-917.1,si
2019-07-20,0.219735,2543.2,si
2019-07-21,-0.089317,-1033.8,si
2019-07-22,0.004367,50.5,si
2019-07-23,0.004748,55.0,si
2019-07-24,-0.183715,-2126.3,si
2019-07-25,-0.226975,-2627.0,si
2019-07-26,0.015585,180.4,si
2019-07-27,-0.244885,-2834.3,si
2019-07-28,-0.250162,-2895.4,si
2019-07-29,-0.348846,-4037.6,si
2019-07-30,-0.271074,-3137.4,si
2019-07-31,-0.404797,-4685.1,si
2019-08-01,-0.039947,-462.3,si
2019-08-02,-0.060417,-699.3,si
2019-08-03,0.026716,309.2,si
2019-08-04,-0.221164,-2559.8,si
2019-08-05,-0.310472,-3593.4,si
2019-08-06,-0.240950,-2788.8,si
2019-08-07,-0.311413,-3604.3,si
2019-08-08,-0.093997,-1087.9,si
2019-08-09,-0.256731,-2971.4,si
2019-08-10,-0.057971,-671.0,si
2019-08-11,-0.247409,-2863.5,si
2019-08-12,0.914876,10588.8,si
2019-08-13,0.705532,8165.9,si
2019-08-14,1.100051,12732.1,si
2019-08-15,0.265292,3070.5,si
2019-08-16,0.065533,758.5,si
2019-08-17,-0.145052,-1678.8,si
2019-08-18,-0.234629,-2715.6,si
2019-08-19,0.530635,6141.6,si
2019-08-20,0.993702,11501.2,si
2019-08-21,0.220196,2548.6,si
2019-08-22,0.052359,606.0,si
2019-08-23,-0.113247,-1310.7,si
2019-08-24,0.069832,808.2,si
2019-08-25,-0.109897,-1272.0,si
2019-08-26,0.004699,54.4,si
2019-08-27,1.657582,19185.0,si
2019-08-28,0.521000,6030.1,si
2019-08-29,0.371139,4295.6,si
2019-08-30,0.211146,2443.8,si
2019-08-31,-0.003170,-36.7,si
2019-09-01,-0.012819,-148.4,si
2019-09-02,-0.005502,-63.7,si
2019-09-03,-0.035570,-411.7,si
2019-09-04,-0.028287,-327.4,si
2019-09-05,0.014945,173.0,si
2019-09-06,-0.073780,-853.9,si
2019-09-07,-0.139515,-1614.8,si
2019-09-08,-0.056281,-651.4,si
2019-09-09,-0.162565,-1881.5,si
2019-09-10,-0.216085,-2501.0,si
2019-09-11,-0.135276,-1565.7,si
2019-09-12,0.097693,1130.7,si
2019-09-13,0.013736,159.0,si
2019-09-14,-0.022552,-261.0,si
2019-09-15,0.031628,366.1,si
2019-09-16,-0.052367,-606.1,si
2019-09-17,-0.117335,-1358.0,si
2019-09-18,0.183349,2122.1,si
2019-09-19,-0.032677,-378.2,si
2019-09-20,0.792837,9176.3,si
2019-09-21,0.152606,1766.3,si
2019-09-22,0.104931,1214.5,si
2019-09-23,0.025052,290.0,si
2019-09-24,0.035098,406.2,si
2019-09-25,-0.089423,-1035.0,si
2019-09-26,-0.092524,-1070.9,si
2019-09-27,0.116807,1351.9,si
2019-09-28,-0.088057,-1019.2,si
2019-09-29,0.080546,932.2,si
2019-09-30,-0.081240,-940.3,si
2019-10-01,-0.171549,-1985.5,si
2019-10-02,0.734554,8501.8,si
2019-10-03,0.807262,9343.3,si
2019-10-04,0.167049,1933.4,si
2019-10-05,0.154201,1784.7,si
2019-10-06,0.048242,558.4,si
2019-10-07,0.112666,1304.0,si
2019-10-08,0.346842,4014.4,si
2019-10-09,0.215186,2490.6,si
2019-10-10,-0.026839,-310.6,si
2019-10-11,0.054944,635.9,si
2019-10-12,-0.052516,-607.8,si
2019-10-13,0.323964,3749.6,si
2019-10-14,-0.033674,-389.7,si
2019-10-15,-0.124299,-1438.7,si
2019-10-16,-0.086312,-999.0,si
2019-10-17,-0.039336,-455.3,si
2019-10-18,0.227710,2635.5,si
2019-10-19,-0.077409,-895.9,si
2019-10-20,0.084052,972.8,si
2019-10-21,-0.049641,-574.5,si
2019-10-22,-0.064867,-750.8,si
2019-10-23,0.011120,128.7,si
2019-10-24,0.622026,7199.4,si
2019-10-25,-0.010707,-123.9,si
2019-10-26,-0.011414,-132.1,si
2019-10-27,0.116589,1349.4,si
2019-10-28,-0.073001,-844.9,si
2019-10-29,-0.102538,-1186.8,si
2019-10-30,-0.116621,-1349.8,si
2019-10-31,-0.112567,-1302.9,si
2019-11-01,0.189693,2195.5,si
2019-11-02,0.213789,2474.4,si
2019-11-03,0.012258,141.9,si
2019-11-04,-0.018320,-212.0,si
2019-11-05,-0.064970,-752.0,si
2019-11-06,-0.040309,-466.5,si
2019-11-07,-0.053173,-615.4,si
2019-11-08,-0.052784,-610.9,si
2019-11-09,-0.090301,-1045.1,si
2019-11-10,0.070336,814.1,si
2019-11-11,0.368013,4259.4,si
2019-11-12,0.335892,3887.6,si
2019-11-13,0.230722,2670.4,si
2019-11-14,0.093619,1083.6,si
2019-11-15,-0.032904,-380.8,si
2019-11-16,0.010297,119.2,si
2019-11-17,-0.060598,-701.4,si
2019-11-18,0.001904,22.0,si
2019-11-19,0.206686,2392.2,si
2019-11-20,0.054419,629.8,si
2019-11-21,0.583826,6757.2,si
2019-11-22,0.755167,8740.4,si
2019-11-23,0.360545,4173.0,si
2019-11-24,0.151001,1747.7,si
2019-11-25,0.181396,2099.5,si
2019-11-26,0.141690,1639.9,si
2019-11-27,0.014347,166.1,si
2019-11-28,0.043381,502.1,si
2019-11-29,0.094433,1093.0,si
2019-11-30,-0.025858,-299.3,si
2019-12-01,-0.021997,-254.6,si
2019-12-02,0.150895,1746.5,si
2019-12-03,0.059099,684.0,si
2019-12-04,0.100367,1161.7,si
2019-12-05,0.070926,820.9,si
2019-12-06,0.058470,676.7,si
2019-12-07,0.025326,293.1,si
2019-12-08,0.067837,785.1,si
2019-12-09,0.059726,691.3,si
2019-12-10,0.076485,885.2,si
2019-12-11,0.303264,3510.0,si
2019-12-12,0.327913,3795.3,si
2019-12-13,0.109842,1271.3,si
2019-12-14,1.732989,20057.7,si
2019-12-15,0.463594,5365.7,si
2019-12-16,0.319164,3694.0,si
2019-12-17,0.261607,3027.9,si
2019-12-18,0.278096,3218.7,si
2019-12-19,0.161676,1871.2,si
2019-12-20,0.134523,1557.0,si
2019-12-21,0.188960,2187.0,si
2019-12-22,0.171928,1989.9,si
2019-12-23,0.099397,1150.4,si
2019-12-24,0.084730,980.7,si
2019-12-25,0.070918,820.8,si
2019-12-26,0.104230,1206.4,si
2019-12-27,0.135409,1567.2,si
2019-12-28,0.154409,1787.1,si
2019-12-29,0.175051,2026.1,si
2019-12-30,0.045931,531.6,si
2019-12-31,0.101894,1179.3,si
2020-01-01,0.072638,840.7,si
2020-01-02,0.014195,164.3,si
2020-01-03,0.011248,130.2,si
2020-01-04,-0.015409,-178.3,si
2020-01-05,-0.040271,-466.1,si
2020-01-06,-0.023192,-268.4,si
2020-01-07,-0.006549,-75.8,si
2020-01-08,0.038193,442.0,si
2020-01-09,0.011723,135.7,si
2020-01-10,0.044755,518.0,si
2020-01-11,0.025124,290.8,si
2020-01-12,0.005782,66.9,si
2020-01-13,-0.000855,-9.9,si
2020-01-14,-0.012571,-145.5,si
2020-01-15,0.003619,41.9,si
2020-01-16,0.041083,475.5,si
2020-01-17,0.022009,254.7,si
2020-01-18,0.047142,545.6,si
2020-01-19,0.024176,279.8,si
2020-01-20,0.066571,770.5,si
2020-01-21,0.210026,2430.9,si
2020-01-22,0.065620,759.5,si
2020-01-23,-0.039622,-458.6,si
2020-01-24,0.163573,1893.2,si
2020-01-25,0.017566,203.3,si
2020-01-26,0.276831,3204.1,si
2020-01-27,-0.011707,-135.5,si
2020-01-28,0.002475,28.6,si
2020-01-29,0.089167,1032.0,si
2020-01-30,0.007843,90.8,si
2020-01-31,0.039189,453.6,si
2020-02-01,0.068260,790.0,si
2020-02-02,0.117822,1363.7,si
2020-02-03,0.087554,1013.4,si
2020-02-04,0.097032,1123.1,si
2020-02-05,0.142036,1643.9,si
2020-02-06,0.151719,1756.0,si
2020-02-07,0.105706,1223.5,si
2020-02-08,0.210540,2436.8,si
2020-02-09,0.092140,1066.4,si
2020-02-10,0.139081,1609.7,si
2020-02-11,0.056592,655.0,si
2020-02-12,0.019004,219.9,si
2020-02-13,0.044454,514.5,si
2020-02-14,0.142288,1646.9,si
2020-02-15,0.144700,1674.8,si
2020-02-16,0.109382,1266.0,si
2020-02-17,0.085106,985.0,si
2020-02-18,0.050213,581.2,si
2020-02-19,0.056274,651.3,si
2020-02-20,0.061073,706.9,si
2020-02-21,0.108647,1257.5,si
2020-02-22,0.193495,2239.5,si
2020-02-23,0.595564,6893.1,si
2020-02-24,0.143963,1666.2,si
2020-02-25,0.237106,2744.3,si
2020-02-26,0.136760,1582.9,si
2020-02-27,0.122576,1418.7,si
2020-02-28,0.080590,932.8,si
2020-02-29,0.105188,1217.5,si
2020-03-01,0.112197,1298.6,si
2020-03-02,-0.235520,-2725.9,si
2020-03-03,-0.133487,-1545.0,si
2020-03-04,-0.137603,-1592.6,si
2020-03-05,-0.133214,-1541.8,si
2020-03-06,-0.099053,-1146.4,si
2020-03-07,-0.100166,-1159.3,si
2020-03-08,-0.203724,-2357.9,si
2020-03-09,-0.040262,-466.0,si
2020-03-10,-0.131485,-1521.8,si
2020-03-11,-0.021848,-252.9,si
2020-03-12,0.205916,2383.3,si
2020-03-13,0.388144,4492.4,si
2020-03-14,0.095160,1101.4,si
2020-03-15,0.045229,523.5,si
2020-03-16,-0.029356,-339.8,si
2020-03-17,-0.103116,-1193.5,si
2020-03-18,-0.126910,-1468.9,si
2020-03-19,-0.198163,-2293.6,si
2020-03-20,-0.182228,-2109.1,si
2020-03-21,-0.195033,-2257.3,si
2020-03-22,-0.031486,-364.4,si
2020-03-23,-0.150085,-1737.1,si
2020-03-24,-0.195801,-2266.2,si
2020-03-25,0.065808,761.7,si
2020-03-26,0.954465,11047.0,si
2020-03-27,0.272475,3153.6,si
2020-03-28,0.145717,1686.5,si
2020-03-29,0.126405,1463.0,si
2020-03-30,0.017938,207.6,si
2020-03-31,-0.068590,-793.9,si
2020-04-01,-0.010458,-121.0,si
2020-04-02,0.194434,2250.4,si
2020-04-03,0.209188,2421.2,si
2020-04-04,0.174146,2015.6,si
2020-04-05,0.109941,1272.5,si
2020-04-06,0.226586,2622.5,si
2020-04-07,0.168288,1947.8,si
2020-04-08,0.128477,1487.0,si
2020-04-09,-0.016235,-187.9,si
2020-04-10,0.306959,3552.8,si
2020-04-11,0.060116,695.8,si
2020-04-12,0.029064,336.4,si
2020-04-13,0.348377,4032.1,si
2020-04-14,0.747833,8655.5,si
2020-04-15,0.329846,3817.7,si
2020-04-16,0.270785,3134.1,si
2020-04-17,0.195300,2260.4,si
2020-04-18,0.144870,1676.7,si
2020-04-19,0.157401,1821.8,si
2020-04-20,0.443174,5129.3,si
2020-04-21,0.728268,8429.0,si
2020-04-22,0.486083,5626.0,si
2020-04-23,0.181861,2104.9,si
2020-04-24,0.184004,2129.7,si
2020-04-25,0.175448,2030.6,si
2020-04-26,0.185174,2143.2,si
2020-04-27,0.134194,1553.2,si
2020-04-28,0.202048,2338.5,si
2020-04-29,0.243035,2812.9,si
2020-04-30,0.177451,2053.8,si
2020-05-01,0.199641,2310.7,si
2020-05-02,-0.016338,-189.1,si
2020-05-03,-0.005996,-69.4,si
2020-05-04,0.178128,2061.7,si
2020-05-05,-0.005286,-61.2,si
2020-05-06,-0.032586,-377.1,si
2020-05-07,0.067374,779.8,si
2020-05-08,0.044044,509.8,si
2020-05-09,0.809367,9367.7,si
2020-05-10,0.050997,590.2,si
2020-05-11,-0.051443,-595.4,si
2020-05-12,0.113225,1310.5,si
2020-05-13,0.048773,564.5,si
2020-05-14,-0.076920,-890.3,si
2020-05-15,0.140382,1624.8,si
2020-05-16,0.045952,531.8,si
2020-05-17,0.301307,3487.4,si
2020-05-18,0.014856,171.9,si
2020-05-19,0.037837,437.9,si
2020-05-20,-0.077009,-891.3,si
2020-05-21,0.019430,224.9,si
2020-05-22,-0.027853,-322.4,si
2020-05-23,0.092858,1074.7,si
2020-05-24,0.046792,541.6,si
2020-05-25,0.490866,5681.3,si
2020-05-26,0.136241,1576.9,si
2020-05-27,0.136390,1578.6,si
2020-05-28,0.080492,931.6,si
2020-05-29,0.039264,454.4,si
2020-05-30,0.051684,598.2,si
2020-05-31,0.267997,3101.8,si
2020-06-01,0.139780,1617.8,si
2020-06-02,-0.484691,-5609.9,si
2020-06-03,-0.431327,-4992.2,si
2020-06-04,-0.367663,-4255.4,si
2020-06-05,-0.095443,-1104.7,si
2020-06-06,-0.083734,-969.1,si
2020-06-07,-0.061370,-710.3,si
2020-06-08,-0.374488,-4334.4,si
2020-06-09,-0.416478,-4820.3,si
2020-06-10,1.385504,16035.9,si
2020-06-11,0.152615,1766.4,si
2020-06-12,-0.209266,-2422.1,si
2020-06-13,-0.225379,-2608.6,si
2020-06-14,0.427772,4951.1,si
2020-06-15,-0.116036,-1343.0,si
2020-06-16,0.447774,5182.6,si
2020-06-17,-0.106606,-1233.9,si
2020-06-18,-0.237207,-2745.5,si
2020-06-19,0.374598,4335.6,si
2020-06-20,0.280197,3243.0,si
2020-06-21,0.499888,5785.7,si
2020-06-22,0.169911,1966.6,si
2020-06-23,-0.136318,-1577.8,si
2020-06-24,-0.098967,-1145.5,si
2020-06-25,-0.047320,-547.7,si
2020-06-26,-0.333900,-3864.6,si
2020-06-27,-0.184741,-2138.2,si
2020-06-28,-0.339304,-3927.1,si
2020-06-29,-0.362934,-4200.6,si
2020-06-30,-0.425437,-4924.0,si
2020-07-01,0.158872,1838.8,si
2020-07-02,0.221929,2568.6,si
2020-07-03,0.176905,2047.5,si
2020-07-04,-0.048062,-556.3,si
2020-07-05,-0.053744,-622.0,si
2020-07-06,0.226829,2625.3,si
2020-07-07,0.033698,390.0,si
2020-07-08,0.010130,117.2,si
2020-07-09,-0.042030,-486.5,si
2020-07-10,-0.120373,-1393.2,si
2020-07-11,-0.143055,-1655.7,si
2020-07-12,0.048566,562.1,si
2020-07-13,-0.136540,-1580.3,si
2020-07-14,0.268765,3110.7,si
2020-07-15,-0.008750,-101.3,si
2020-07-16,0.405435,4692.5,si
2020-07-17,0.193443,2238.9,si
2020-07-18,0.123090,1424.7,si
2020-07-19,0.269049,3114.0,si
2020-07-20,0.136869,1584.1,si
2020-07-21,0.225768,2613.1,si
2020-07-22,-0.111770,-1293.6,si
2020-07-23,-0.120635,-1396.2,si
2020-07-24,-0.116296,-1346.0,si
2020-07-25,0.176208,2039.4,si
2020-07-26,0.017385,201.2,si
2020-07-27,-0.142843,-1653.3,si
2020-07-28,-0.149819,-1734.0,si
2020-07-29,0.041263,477.6,si
2020-07-30,0.290115,3357.8,si
2020-07-31,-0.123186,-1425.8,si
2020-08-01,-0.149361,-1728.7,si
2020-08-02,-0.175016,-2025.6,si
2020-08-03,-0.126140,-1460.0,si
2020-08-04,-0.121393,-1405.0,si
2020-08-05,0.218051,2523.7,si
2020-08-06,-0.021835,-252.7,si
2020-08-07,0.031648,366.3,si
2020-08-08,-0.037212,-430.7,si
2020-08-09,-0.127916,-1480.5,si
2020-08-10,-0.037209,-430.7,si
2020-08-11,-0.069520,-804.6,si
2020-08-12,-0.167792,-1942.0,si
2020-08-13,0.124078,1436.1,si
2020-08-14,0.071648,829.3,si
2020-08-15,0.777563,8999.6,si
2020-08-16,0.234411,2713.1,si
2020-08-17,0.012970,150.1,si
2020-08-18,-0.091376,-1057.6,si
2020-08-19,-0.082000,-949.1,si
2020-08-20,-0.098866,-1144.3,si
2020-08-21,0.136048,1574.6,si
2020-08-22,-0.129540,-1499.3,si
2020-08-23,-0.177161,-2050.5,si
2020-08-24,-0.181936,-2105.7,si
2020-08-25,-0.238717,-2762.9,si
2020-08-26,-0.306253,-3544.6,si
2020-08-27,-0.303672,-3514.7,si
2020-08-28,-0.226632,-2623.0,si
2020-08-29,-0.273246,-3162.6,si
2020-08-30,-0.219410,-2539.5,si
2020-08-31,-0.317731,-3677.4,si
2020-09-01,-0.262997,-3043.9,si
2020-09-02,0.467291,5408.5,si
2020-09-03,0.162307,1878.5,si
2020-09-04,0.055999,648.1,si
2020-09-05,0.648487,7505.6,si
2020-09-06,0.185963,2152.4,si
2020-09-07,1.048206,12132.0,si
2020-09-08,0.221232,2560.6,si
2020-09-09,0.280775,3249.7,si
2020-09-10,0.128995,1493.0,si
2020-09-11,0.082101,950.2,si
2020-09-12,0.348461,4033.1,si
2020-09-13,0.061455,711.3,si
2020-09-14,0.141820,1641.4,si
2020-09-15,0.244916,2834.7,si
2020-09-16,0.337753,3909.2,si
2020-09-17,0.003587,41.5,si
2020-09-18,0.070783,819.2,si
2020-09-19,0.195227,2259.6,si
2020-09-20,0.195407,2261.7,si
2020-09-21,0.000429,5.0,si
2020-09-22,0.095859,1109.5,si
2020-09-23,0.079823,923.9,si
2020-09-24,0.145294,1681.6,si
2020-09-25,-0.054280,-628.2,si
2020-09-26,-0.085420,-988.7,si
2020-09-27,-0.075934,-878.9,si
2020-09-28,-0.090907,-1052.2,si
2020-09-29,-0.060423,-699.3,si
2020-09-30,0.020406,236.2,si
2020-10-01,-0.115385,-1335.5,si
2020-10-02,-0.427491,-4947.8,si
2020-10-03,-0.386313,-4471.2,si
2020-10-04,-0.391979,-4536.8,si
2020-10-05,-0.393567,-4555.2,si
2020-10-06,-0.428007,-4953.8,si
2020-10-07,0.242195,2803.2,si
2020-10-08,0.314085,3635.2,si
2020-10-09,0.132651,1535.3,si
2020-10-10,-0.165854,-1919.6,si
2020-10-11,-0.266408,-3083.4,si
2020-10-12,-0.264809,-3064.9,si
2020-10-13,-0.292487,-3385.3,si
2020-10-14,-0.374136,-4330.3,si
2020-10-15,-0.298934,-3459.9,si
2020-10-16,-0.164691,-1906.1,si
2020-10-17,-0.352030,-4074.4,si
2020-10-18,-0.348080,-4028.7,si
2020-10-19,-0.340969,-3946.4,si
2020-10-20,-0.392437,-4542.1,si
2020-10-21,-0.448367,-5189.4,si
2020-10-22,-0.386711,-4475.8,si
2020-10-23,-0.358033,-4143.9,si
2020-10-24,-0.371589,-4300.8,si
2020-10-25,-0.349729,-4047.8,si
2020-10-26,-0.344692,-3989.5,si
2020-10-27,-0.295372,-3418.7,si
2020-10-28,-0.316177,-3659.5,si
2020-10-29,0.102548,1186.9,si
2020-10-30,-0.262872,-3042.5,si
2020-10-31,0.939058,10868.7,si
2020-11-01,0.214880,2487.0,si
2020-11-02,0.115829,1340.6,si
2020-11-03,0.892342,10328.0,si
2020-11-04,0.280181,3242.8,si
2020-11-05,0.043065,498.4,si
2020-11-06,0.240806,2787.1,si
2020-11-07,0.720483,8338.9,si
2020-11-08,0.178959,2071.3,si
2020-11-09,0.063312,732.8,si
2020-11-10,0.660520,7644.9,si
2020-11-11,0.508200,5881.9,si
2020-11-12,0.698011,8078.8,si
2020-11-13,0.185727,2149.6,si
2020-11-14,-0.040256,-465.9,si
2020-11-15,0.155516,1800.0,si
2020-11-16,0.556216,6437.7,si
2020-11-17,1.097282,12700.0,si
2020-11-18,0.468753,5425.4,si
2020-11-19,0.461541,5341.9,si
2020-11-20,0.126128,1459.8,si
2020-11-21,-0.011359,-131.5,si
2020-11-22,0.131854,1526.1,si
2020-11-23,-0.024281,-281.0,si
2020-11-24,-0.132407,-1532.5,si
2020-11-25,-0.152586,-1766.0,si
2020-11-26,-0.224208,-2595.0,si
2020-11-27,-0.194898,-2255.8,si
2020-11-28,-0.194394,-2249.9,si
2020-11-29,-0.264123,-3057.0,si
2020-11-30,-0.285318,-3302.3,si
2020-12-01,-0.261613,-3027.9,si
2020-12-02,0.107745,1247.0,si
2020-12-03,0.149181,1726.6,si
2020-12-04,0.119093,1378.4,si
2020-12-05,0.106626,1234.1,si
2020-12-06,0.073384,849.4,si
2020-12-07,0.088109,1019.8,si
2020-12-08,0.107357,1242.6,si
2020-12-09,0.115291,1334.4,si
2020-12-10,0.132350,1531.8,si
2020-12-11,0.191831,2220.3,si
2020-12-12,0.140391,1624.9,si
2020-12-13,0.148035,1713.4,si
2020-12-14,0.121954,1411.5,si
2020-12-15,0.087442,1012.1,si
2020-12-16,0.087225,1009.6,si
2020-12-17,0.140339,1624.3,si
2020-12-18,0.052596,608.7,si
2020-12-19,0.026144,302.6,si
2020-12-20,0.087966,1018.1,si
2020-12-21,0.091999,1064.8,si
2020-12-22,0.080435,931.0,si
2020-12-23,0.036548,423.0,si
2020-12-24,0.026354,305.0,si
2020-12-25,0.033963,393.1,si
2020-12-26,0.120836,1398.6,si
2020-12-27,0.227043,2627.8,si
2020-12-28,0.093458,1081.7,si
2020-12-29,0.366810,4245.5,si
2020-12-30,0.282128,3265.4,si
2020-12-31,0.182790,2115.6,si
2021-01-01,0.073434,849.9,si
2021-01-02,0.018340,212.3,si
2021-01-03,0.014552,168.4,si
2021-01-04,-0.009095,-105.3,si
2021-01-05,-0.032232,-373.1,si
2021-01-06,0.022020,254.9,si
2021-01-07,0.003803,44.0,si
2021-01-08,0.154088,1783.4,si
2021-01-09,0.083954,971.7,si
2021-01-10,0.066637,771.3,si
2021-01-11,0.062418,722.4,si
2021-01-12,0.022049,255.2,si
2021-01-13,0.073948,855.9,si
2021-01-14,0.043834,507.3,si
2021-01-15,0.007689,89.0,si
2021-01-16,0.042444,491.3,si
2021-01-17,0.038329,443.6,si
2021-01-18,0.064031,741.1,si
2021-01-19,0.004695,54.3,si
2021-01-20,0.085500,989.6,si
2021-01-21,0.093578,1083.1,si
2021-01-22,0.020299,234.9,si
2021-01-23,-0.018877,-218.5,si
2021-01-24,0.010241,118.5,si
2021-01-25,0.036578,423.4,si
2021-01-26,0.055967,647.8,si
2021-01-27,-0.022477,-260.1,si
2021-01-28,0.001782,20.6,si
2021-01-29,0.005651,65.4,si
2021-01-30,0.022453,259.9,si
2021-01-31,0.054369,629.3,si
2021-02-01,0.085015,984.0,si
2021-02-02,-0.138415,-1602.0,si
2021-02-03,-0.166953,-1932.3,si
2021-02-04,-0.155556,-1800.4,si
2021-02-05,-0.109554,-1268.0,si
2021-02-06,-0.097463,-1128.0,si
2021-02-07,-0.142496,-1649.3,si
2021-02-08,0.092384,1069.3,si
2021-02-09,0.162326,1878.8,si
2021-02-10,0.127844,1479.7,si
2021-02-11,-0.173764,-2011.2,si
2021-02-12,-0.135884,-1572.7,si
2021-02-13,-0.189134,-2189.0,si
2021-02-14,-0.062893,-727.9,si
2021-02-15,-0.080597,-932.8,si
2021-02-16,-0.057111,-661.0,si
2021-02-17,-0.072742,-841.9,si
2021-02-18,-0.190971,-2210.3,si
2021-02-19,-0.102383,-1185.0,si
2021-02-20,-0.182541,-2112.7,si
2021-02-21,-0.092087,-1065.8,si
2021-02-22,-0.129031,-1493.4,si
2021-02-23,-0.212102,-2454.9,si
2021-02-24,-0.155088,-1795.0,si
2021-02-25,-0.224841,-2602.3,si
2021-02-26,-0.173549,-2008.7,si
2021-02-27,-0.149901,-1735.0,si
2021-02-28,-0.031490,-364.5,si
2021-03-01,-0.120043,-1389.4,si
2021-03-02,0.002575,29.8,si
2021-03-03,-0.050177,-580.8,si
2021-03-04,-0.076354,-883.7,si
2021-03-05,-0.158710,-1836.9,si
2021-03-06,0.134354,1555.0,si
2021-03-07,0.042420,491.0,si
2021-03-08,-0.113994,-1319.4,si
2021-03-09,-0.085053,-984.4,si
2021-03-10,-0.035769,-414.0,si
2021-03-11,-0.123469,-1429.0,si
2021-03-12,0.025646,296.8,si
2021-03-13,0.365725,4232.9,si
2021-03-14,0.066177,765.9,si
2021-03-15,0.178249,2063.1,si
2021-03-16,-0.170454,-1972.8,si
2021-03-17,0.077447,896.4,si
2021-03-18,0.047448,549.2,si
2021-03-19,0.608663,7044.7,si
2021-03-20,0.121297,1403.9,si
2021-03-21,-0.137904,-1596.1,si
2021-03-22,-0.159683,-1848.2,si
2021-03-23,0.121370,1404.7,si
2021-03-24,-0.121793,-1409.6,si
2021-03-25,-0.143775,-1664.1,si
2021-03-26,0.111216,1287.2,si
2021-03-27,0.039839,461.1,si
2021-03-28,0.076674,887.4,si
2021-03-29,0.179038,2072.2,si
2021-03-30,0.057552,666.1,si
2021-03-31,0.075594,874.9,si
2021-04-01,-0.119674,-1385.1,si
2021-04-02,-0.372583,-4312.3,si
2021-04-03,-0.330080,-3820.4,si
2021-04-04,-0.236299,-2734.9,si
2021-04-05,-0.311228,-3602.2,si
2021-04-06,-0.061063,-706.7,si
2021-04-07,-0.180898,-2093.7,si
2021-04-08,0.058936,682.1,si
2021-04-09,-0.229111,-2651.7,si
2021-04-10,-0.371768,-4302.9,si
2021-04-11,-0.151922,-1758.4,si
2021-04-12,-0.247452,-2864.0,si
2021-04-13,-0.331567,-3837.6,si
2021-04-14,-0.019678,-227.8,si
2021-04-15,-0.212591,-2460.5,si
2021-04-16,0.402539,4659.0,si
2021-04-17,-0.103750,-1200.8,si
2021-04-18,-0.100611,-1164.5,si
2021-04-19,-0.276457,-3199.7,si
2021-04-20,0.224143,2594.2,si
2021-04-21,-0.221028,-2558.2,si
2021-04-22,-0.194775,-2254.3,si
2021-04-23,-0.301042,-3484.3,si
2021-04-24,-0.125760,-1455.6,si
2021-04-25,-0.043495,-503.4,si
2021-04-26,-0.207634,-2403.2,si
2021-04-27,-0.122746,-1420.7,si
2021-04-28,0.236731,2739.9,si
2021-04-29,0.185390,2145.7,si
2021-04-30,1.315572,15226.5,si
2021-05-01,0.784340,9078.0,si
2021-05-02,0.274111,3172.6,si
2021-05-03,0.238864,2764.6,si
2021-05-04,0.266817,3088.2,si
2021-05-05,0.365114,4225.9,si
2021-05-06,0.245930,2846.4,si
2021-05-07,0.108169,1252.0,si
2021-05-08,-0.106727,-1235.3,si
2021-05-09,0.035805,414.4,si
2021-05-10,-0.153412,-1775.6,si
2021-05-11,-0.181260,-2097.9,si
2021-05-12,-0.278598,-3224.5,si
2021-05-13,-0.245299,-2839.1,si
2021-05-14,-0.135444,-1567.6,si
2021-05-15,0.242780,2810.0,si
2021-05-16,0.124748,1443.8,si
2021-05-17,0.072592,840.2,si
2021-05-18,-0.036332,-420.5,si
2021-05-19,-0.154881,-1792.6,si
2021-05-20,-0.182266,-2109.6,si
2021-05-21,-0.342014,-3958.5,si
2021-05-22,-0.166836,-1931.0,si
2021-05-23,-0.182319,-2110.2,si
2021-05-24,0.022769,263.5,si
2021-05-25,0.174398,2018.5,si
2021-05-26,-0.005270,-61.0,si
2021-05-27,0.055871,646.7,si
2021-05-28,0.023160,268.1,si
2021-05-29,-0.108649,-1257.5,si
2021-05-30,-0.164660,-1905.8,si
2021-05-31,0.276849,3204.3,si
2021-06-01,-0.134731,-1559.4,si
2021-06-02,-0.220497,-2552.0,si
2021-06-03,-0.252161,-2918.5,si
2021-06-04,-0.180543,-2089.6,si
2021-06-05,-0.192695,-2230.3,si
2021-06-06,-0.257491,-2980.2,si
2021-06-07,-0.230031,-2662.4,si
2021-06-08,-0.154520,-1788.4,si
2021-06-09,-0.239632,-2773.5,si
2021-06-10,-0.000631,-7.3,si
2021-06-11,-0.181311,-2098.5,si
2021-06-12,-0.043800,-506.9,si
2021-06-13,-0.299149,-3462.4,si
2021-06-14,-0.303612,-3514.0,si
2021-06-15,-0.283660,-3283.1,si
2021-06-16,0.009529,110.3,si
2021-06-17,0.056884,658.4,si
2021-06-18,-0.095846,-1109.3,si
2021-06-19,0.007310,84.6,si
2021-06-20,0.776514,8987.4,si
2021-06-21,0.451054,5220.5,si
2021-06-22,0.101330,1172.8,si
2021-06-23,0.310293,3591.4,si
2021-06-24,-0.050106,-579.9,si
2021-06-25,-0.084369,-976.5,si
2021-06-26,0.046927,543.1,si
2021-06-27,-0.115956,-1342.1,si
2021-06-28,-0.141906,-1642.4,si
2021-06-29,-0.192195,-2224.5,si
2021-06-30,-0.159512,-1846.2,si
2021-07-01,0.390902,4524.3,si
2021-07-02,-0.247710,-2867.0,si
2021-07-03,-0.252069,-2917.5,si
2021-07-04,0.321603,3722.3,si
2021-07-05,0.695337,8047.9,si
2021-07-06,0.187874,2174.5,si
2021-07-07,-0.015525,-179.7,si
2021-07-08,-0.147319,-1705.1,si
2021-07-09,-0.072412,-838.1,si
2021-07-10,0.017522,202.8,si
2021-07-11,0.056153,649.9,si
2021-07-12,0.114774,1328.4,si
2021-07-13,0.036372,421.0,si
2021-07-14,-0.127649,-1477.4,si
2021-07-15,-0.181894,-2105.3,si
2021-07-16,-0.221245,-2560.7,si
2021-07-17,-0.222497,-2575.2,si
2021-07-18,-0.019951,-230.9,si
2021-07-19,-0.060688,-702.4,si
2021-07-20,-0.106647,-1234.3,si
2021-07-21,-0.082581,-955.8,si
2021-07-22,-0.064555,-747.2,si
2021-07-23,0.077535,897.4,si
2021-07-24,0.169889,1966.3,si
2021-07-25,0.227727,2635.7,si
2021-07-26,0.384634,4451.8,si
2021-07-27,0.896417,10375.2,si
2021-07-28,0.889089,10290.4,si
2021-07-29,0.605940,7013.2,si
2021-07-30,0.483793,5599.5,si
2021-07-31,-0.000051,-0.6,si
2021-08-01,0.121146,1402.2,si
2021-08-02,0.204433,2366.1,si
2021-08-03,0.300431,3477.2,si
2021-08-04,0.292210,3382.1,si
2021-08-05,-0.034975,-404.8,si
2021-08-06,-0.037168,-430.2,si
2021-08-07,-0.031147,-360.5,si
2021-08-08,-0.138095,-1598.3,si
2021-08-09,-0.083434,-965.7,si
2021-08-10,0.083832,970.3,si
2021-08-11,1.513399,17516.2,si
2021-08-12,0.536744,6212.3,si
2021-08-13,0.538624,6234.1,si
2021-08-14,0.605175,7004.3,si
2021-08-15,0.306887,3551.9,si
2021-08-16,0.210976,2441.8,si
2021-08-17,0.252431,2921.7,si
2021-08-18,0.021197,245.3,si
2021-08-19,0.710417,8222.4,si
2021-08-20,0.452956,5242.5,si
2021-08-21,0.315631,3653.1,si
2021-08-22,0.323724,3746.8,si
2021-08-23,-0.083703,-968.8,si
2021-08-24,-0.106791,-1236.0,si
2021-08-25,0.058078,672.2,si
2021-08-26,-0.160978,-1863.2,si
2021-08-27,0.142430,1648.5,si
2021-08-28,0.243441,2817.6,si
2021-08-29,0.938407,10861.2,si
2021-08-30,0.143743,1663.7,si
2021-08-31,0.222055,2570.1,si
2021-09-01,-0.030914,-357.8,si
2021-09-02,0.006133,71.0,si
2021-09-03,0.098503,1140.1,si
2021-09-04,-0.028233,-326.8,si
2021-09-05,0.117533,1360.3,si
2021-09-06,-0.027235,-315.2,si
2021-09-07,-0.140340,-1624.3,si
2021-09-08,-0.177792,-2057.8,si
2021-09-09,0.037453,433.5,si
2021-09-10,-0.125112,-1448.1,si
2021-09-11,-0.145136,-1679.8,si
2021-09-12,0.068467,792.4,si
2021-09-13,-0.166989,-1932.7,si
2021-09-14,-0.279147,-3230.9,si
2021-09-15,-0.140537,-1626.6,si
2021-09-16,-0.222487,-2575.1,si
2021-09-17,-0.100786,-1166.5,si
2021-09-18,-0.318691,-3688.5,si
2021-09-19,-0.182166,-2108.4,si
2021-09-20,-0.187470,-2169.8,si
2021-09-21,-0.080270,-929.1,si
2021-09-22,-0.039619,-458.6,si
2021-09-23,-0.214974,-2488.1,si
2021-09-24,0.209840,2428.7,si
2021-09-25,-0.222480,-2575.0,si
2021-09-26,-0.165496,-1915.5,si
2021-09-27,-0.151490,-1753.4,si
2021-09-28,-0.226278,-2619.0,si
2021-09-29,-0.284271,-3290.2,si
2021-09-30,-0.185084,-2142.2,si
2021-10-01,-0.344638,-3988.9,si
2021-10-02,-0.310735,-3596.5,si
2021-10-03,-0.359369,-4159.4,si
2021-10-04,-0.189675,-2195.3,si
2021-10-05,-0.255393,-2955.9,si
2021-10-06,-0.276273,-3197.6,si
2021-10-07,-0.340406,-3939.9,si
2021-10-08,-0.250552,-2899.9,si
2021-10-09,-0.059809,-692.2,si
2021-10-10,-0.105176,-1217.3,si
2021-10-11,-0.221693,-2565.9,si
2021-10-12,-0.312159,-3613.0,si
2021-10-13,-0.292854,-3389.5,si
2021-10-14,-0.307885,-3563.5,si
2021-10-15,-0.380561,-4404.6,si
2021-10-16,0.285295,3302.0,si
2021-10-17,-0.201008,-2326.5,si
2021-10-18,-0.269194,-3115.7,si
2021-10-19,-0.207248,-2398.7,si
2021-10-20,-0.213039,-2465.7,si
2021-10-21,-0.316800,-3666.7,si
2021-10-22,-0.368063,-4260.0,si
2021-10-23,-0.291770,-3377.0,si
2021-10-24,-0.297043,-3438.0,si
2021-10-25,-0.270839,-3134.7,si
2021-10-26,0.102645,1188.0,si
2021-10-27,-0.063488,-734.8,si
2021-10-28,-0.116443,-1347.7,si
2021-10-29,0.322179,3728.9,si
2021-10-30,0.002664,30.8,si
2021-10-31,0.172520,1996.8,si
2021-11-01,1.208027,13981.8,si
2021-11-02,0.528830,6120.7,si
2021-11-03,0.465997,5393.5,si
2021-11-04,0.429506,4971.1,si
2021-11-05,0.256641,2970.4,si
2021-11-06,0.012376,143.2,si
2021-11-07,-0.035871,-415.2,si
2021-11-08,-0.061133,-707.6,si
2021-11-09,-0.118171,-1367.7,si
2021-11-10,-0.138766,-1606.1,si
2021-11-11,-0.146116,-1691.2,si
2021-11-12,-0.151179,-1749.8,si
2021-11-13,-0.092615,-1071.9,si
2021-11-14,-0.098171,-1136.2,si
2021-11-15,0.216198,2502.3,si
2021-11-16,-0.056891,-658.5,si
2021-11-17,-0.077203,-893.5,si
2021-11-18,-0.022584,-261.4,si
2021-11-19,-0.116363,-1346.8,si
2021-11-20,-0.078652,-910.3,si
2021-11-21,-0.021056,-243.7,si
2021-11-22,-0.009540,-110.4,si
2021-11-23,0.269491,3119.1,si
2021-11-24,0.158928,1839.4,si
2021-11-25,-0.016276,-188.4,si
2021-11-26,0.018935,219.2,si
2021-11-27,0.006118,70.8,si
2021-11-28,0.005625,65.1,si
2021-11-29,0.034237,396.3,si
2021-11-30,-0.055850,-646.4,si
2021-12-01,-0.057117,-661.1,si
2021-12-02,0.081461,942.8,si
2021-12-03,0.022560,261.1,si
2021-12-04,0.070817,819.6,si
2021-12-05,0.065273,755.5,si
2021-12-06,0.065440,757.4,si
2021-12-07,0.035031,405.4,si
2021-12-08,0.052293,605.2,si
2021-12-09,0.073797,854.1,si
2021-12-10,0.083716,968.9,si
2021-12-11,0.174837,2023.6,si
2021-12-12,0.162076,1875.9,si
2021-12-13,0.219940,2545.6,si
2021-12-14,0.122873,1422.1,si
2021-12-15,0.099451,1151.0,si
2021-12-16,0.067132,777.0,si
2021-12-17,0.067382,779.9,si
2021-12-18,0.120135,1390.5,si
2021-12-19,0.030606,354.2,si
2021-12-20,0.003291,38.1,si
2021-12-21,0.033240,384.7,si
2021-12-22,0.053173,615.4,si
2021-12-23,0.033241,384.7,si
2021-12-24,0.015765,182.5,si
2021-12-25,0.003799,44.0,si
2021-12-26,0.014154,163.8,si
2021-12-27,0.101989,1180.4,si
2021-12-28,0.074308,860.0,si
2021-12-29,0.073722,853.3,si
2021-12-30,0.025477,294.9,si
2021-12-31,0.085747,992.4,si
2022-01-01,0.040359,467.1,si
2022-01-02,0.040986,474.4,si
2022-01-03,0.040884,473.2,si
2022-01-04,0.016710,193.4,si
2022-01-05,-0.005800,-67.1,si
2022-01-06,0.014623,169.3,si
2022-01-07,0.032500,376.2,si
2022-01-08,0.077801,900.5,si
2022-01-09,0.053401,618.1,si
2022-01-10,0.089550,1036.5,si
2022-01-11,0.072505,839.2,si
2022-01-12,0.070047,810.7,si
2022-01-13,0.051478,595.8,si
2022-01-14,0.041346,478.5,si
2022-01-15,0.049482,572.7,si
2022-01-16,0.085578,990.5,si
2022-01-17,0.083683,968.5,si
2022-01-18,0.110318,1276.8,si
2022-01-19,0.051270,593.4,si
2022-01-20,0.131442,1521.3,si
2022-01-21,0.138835,1606.9,si
2022-01-22,0.039853,461.3,si
2022-01-23,0.026957,312.0,si
2022-01-24,0.250908,2904.0,si
2022-01-25,0.729985,8448.9,si
2022-01-26,0.160757,1860.6,si
2022-01-27,0.063969,740.4,si
2022-01-28,0.085055,984.4,si
2022-01-29,0.088144,1020.2,si
2022-01-30,0.103820,1201.6,si
2022-01-31,0.134550,1557.3,si
2022-02-01,0.163055,1887.2,si
2022-02-02,-0.088773,-1027.5,si
2022-02-03,-0.118854,-1375.6,si
2022-02-04,-0.046074,-533.3,si
2022-02-05,-0.026160,-302.8,si
2022-02-06,-0.056609,-655.2,si
2022-02-07,0.235047,2720.4,si
2022-02-08,-0.028380,-328.5,si
2022-02-09,0.303385,3511.4,si
2022-02-10,0.050598,585.6,si
2022-02-11,0.585051,6771.4,si
2022-02-12,-0.083600,-967.6,si
2022-02-13,-0.080713,-934.2,si
2022-02-14,0.008598,99.5,si
2022-02-15,0.005067,58.6,si
2022-02-16,0.522789,6050.8,si
2022-02-17,-0.011840,-137.0,si
2022-02-18,-0.011124,-128.7,si
2022-02-19,0.092917,1075.4,si
2022-02-20,-0.074264,-859.5,si
2022-02-21,0.018149,210.1,si
2022-02-22,-0.031527,-364.9,si
2022-02-23,-0.119061,-1378.0,si
2022-02-24,-0.047869,-554.0,si
2022-02-25,-0.113516,-1313.8,si
2022-02-26,-0.091388,-1057.7,si
2022-02-27,-0.066853,-773.8,si
2022-02-28,-0.114249,-1322.3,si
2022-03-01,-0.091231,-1055.9,si
2022-03-02,0.142038,1644.0,si
2022-03-03,-0.060380,-698.8,si
2022-03-04,0.012656,146.5,si
2022-03-05,0.099211,1148.3,si
2022-03-06,0.091360,1057.4,si
2022-03-07,0.040879,473.1,si
2022-03-08,0.039039,451.8,si
2022-03-09,-0.010321,-119.5,si
2022-03-10,0.021896,253.4,si
2022-03-11,0.247776,2867.8,si
2022-03-12,0.204103,2362.3,si
2022-03-13,0.087188,1009.1,si
2022-03-14,0.032627,377.6,si
2022-03-15,-0.002788,-32.3,si
2022-03-16,0.070931,821.0,si
2022-03-17,0.220427,2551.2,si
2022-03-18,0.000726,8.4,si
2022-03-19,-0.019386,-224.4,si
2022-03-20,-0.058585,-678.1,si
2022-03-21,-0.071464,-827.1,si
2022-03-22,0.038877,450.0,si
2022-03-23,0.038044,440.3,si
2022-03-24,-0.045761,-529.6,si
2022-03-25,-0.101312,-1172.6,si
2022-03-26,0.026117,302.3,si
2022-03-27,-0.055627,-643.8,si
2022-03-28,-0.075296,-871.5,si
2022-03-29,-0.070440,-815.3,si
2022-03-30,0.036813,426.1,si
2022-03-31,0.030875,357.3,si
2022-04-01,-0.037045,-428.8,si
2022-04-02,-0.283712,-3283.7,si
2022-04-03,-0.138194,-1599.5,si
2022-04-04,-0.097852,-1132.5,si
2022-04-05,-0.150349,-1740.1,si
2022-04-06,-0.152365,-1763.5,si
2022-04-07,-0.152406,-1764.0,si
2022-04-08,-0.120768,-1397.8,si
2022-04-09,-0.189893,-2197.8,si
2022-04-10,-0.299246,-3463.5,si
2022-04-11,-0.267275,-3093.5,si
2022-04-12,-0.233937,-2707.6,si
2022-04-13,-0.257789,-2983.7,si
2022-04-14,-0.246221,-2849.8,si
2022-04-15,-0.227702,-2635.4,si
2022-04-16,-0.197083,-2281.1,si
2022-04-17,-0.089065,-1030.8,si
2022-04-18,0.702579,8131.7,si
2022-04-19,1.494238,17294.4,si
2022-04-20,0.765321,8857.9,si
2022-04-21,0.918175,10627.0,si
2022-04-22,0.528441,6116.2,si
2022-04-23,0.742194,8590.2,si
2022-04-24,1.691259,19574.8,si
2022-04-25,0.454847,5264.4,si
2022-04-26,1.081712,12519.8,si
2022-04-27,0.392532,4543.2,si
2022-04-28,0.363076,4202.3,si
2022-04-29,0.199333,2307.1,si
2022-04-30,0.186421,2157.6,si
2022-05-01,0.156603,1812.5,si
2022-05-02,-0.189492,-2193.2,si
2022-05-03,-0.274438,-3176.4,si
2022-05-04,-0.262831,-3042.0,si
2022-05-05,0.136304,1577.6,si
2022-05-06,0.778445,9009.8,si
2022-05-07,0.450911,5218.9,si
2022-05-08,-0.120620,-1396.1,si
2022-05-09,-0.105721,-1223.6,si
2022-05-10,0.140903,1630.8,si
2022-05-11,-0.125869,-1456.8,si
2022-05-12,-0.103255,-1195.1,si
2022-05-13,0.243418,2817.3,si
2022-05-14,-0.183849,-2127.9,si
2022-05-15,-0.281546,-3258.6,si
2022-05-16,0.820354,9494.8,si
2022-05-17,-0.018656,-215.9,si
2022-05-18,-0.005410,-62.6,si
2022-05-19,-0.156005,-1805.6,si
2022-05-20,-0.119868,-1387.4,si
2022-05-21,0.014369,166.3,si
2022-05-22,-0.285120,-3300.0,si
2022-05-23,-0.187778,-2173.4,si
2022-05-24,-0.258785,-2995.2,si
2022-05-25,0.012908,149.4,si
2022-05-26,0.022283,257.9,si
2022-05-27,0.163052,1887.2,si
2022-05-28,-0.190270,-2202.2,si
2022-05-29,-0.175873,-2035.6,si
2022-05-30,-0.248356,-2874.5,si
2022-05-31,-0.187759,-2173.1,si
2022-06-01,-0.330160,-3821.3,si
2022-06-02,-0.353877,-4095.8,si
2022-06-03,-0.185989,-2152.7,si
2022-06-04,-0.096679,-1119.0,si
2022-06-05,-0.313171,-3624.7,si
2022-06-06,-0.276109,-3195.7,si
2022-06-07,-0.290860,-3366.4,si
2022-06-08,-0.318423,-3685.4,si
2022-06-09,-0.308936,-3575.6,si
2022-06-10,-0.363487,-4207.0,si
2022-06-11,0.408533,4728.4,si
2022-06-12,-0.163364,-1890.8,si
2022-06-13,-0.182873,-2116.6,si
2022-06-14,-0.336485,-3894.5,si
2022-06-15,-0.095329,-1103.3,si
2022-06-16,-0.028383,-328.5,si
2022-06-17,0.101452,1174.2,si
2022-06-18,0.005676,65.7,si
2022-06-19,-0.156617,-1812.7,si
2022-06-20,-0.262957,-3043.5,si
2022-06-21,-0.269673,-3121.2,si
2022-06-22,-0.205373,-2377.0,si
2022-06-23,-0.138706,-1605.4,si
2022-06-24,-0.348781,-4036.8,si
2022-06-25,0.257316,2978.2,si
2022-06-26,-0.050921,-589.4,si
2022-06-27,-0.304061,-3519.2,si
2022-06-28,0.187125,2165.8,si
2022-06-29,-0.253688,-2936.2,si
2022-06-30,-0.235456,-2725.2,si
2022-07-01,-0.187769,-2173.3,si
2022-07-02,0.004435,51.3,si
2022-07-03,-0.089551,-1036.5,si
2022-07-04,0.225614,2611.3,si
2022-07-05,-0.090837,-1051.4,si
2022-07-06,-0.120422,-1393.8,si
2022-07-07,-0.151330,-1751.5,si
2022-07-08,-0.184136,-2131.2,si
2022-07-09,-0.061022,-706.3,si
2022-07-10,0.001428,16.5,si
2022-07-11,0.333808,3863.5,si
2022-07-12,-0.111084,-1285.7,si
2022-07-13,-0.066478,-769.4,si
2022-07-14,-0.180841,-2093.1,si
2022-07-15,-0.167859,-1942.8,si
2022-07-16,-0.128642,-1488.9,si
2022-07-17,1.834957,21237.9,si
2022-07-18,0.506412,5861.2,si
2022-07-19,0.625223,7236.4,si
2022-07-20,0.176348,2041.1,si
2022-07-21,0.106943,1237.8,si
2022-07-22,0.066152,765.7,si
2022-07-23,0.073513,850.8,si
2022-07-24,-0.073792,-854.1,si
2022-07-25,-0.082340,-953.0,si
2022-07-26,0.028049,324.6,si
2022-07-27,-0.071646,-829.2,si
2022-07-28,0.001512,17.5,si
2022-07-29,-0.062281,-720.8,si
2022-07-30,-0.058631,-678.6,si
2022-07-31,-0.048162,-557.4,si
2022-08-01,-0.071930,-832.5,si
2022-08-02,0.064128,742.2,si
2022-08-03,-0.087365,-1011.2,si
2022-08-04,-0.187440,-2169.4,si
2022-08-05,0.858733,9939.0,si
2022-08-06,0.062010,717.7,si
2022-08-07,0.029489,341.3,si
2022-08-08,0.017357,200.9,si
2022-08-09,0.686492,7945.5,si
2022-08-10,0.109040,1262.0,si
2022-08-11,0.026999,312.5,si
2022-08-12,-0.014154,-163.8,si
2022-08-13,0.191591,2217.5,si
2022-08-14,0.109057,1262.2,si
2022-08-15,0.152304,1762.8,si
2022-08-16,0.054984,636.4,si
2022-08-17,-0.198780,-2300.7,si
2022-08-18,-0.189489,-2193.2,si
2022-08-19,0.073755,853.6,si
2022-08-20,-0.006109,-70.7,si
2022-08-21,0.142518,1649.5,si
2022-08-22,0.120990,1400.3,si
2022-08-23,-0.099385,-1150.3,si
2022-08-24,0.460669,5331.8,si
2022-08-25,0.022020,254.9,si
2022-08-26,-0.045899,-531.2,si
2022-08-27,-0.070032,-810.6,si
2022-08-28,-0.098780,-1143.3,si
2022-08-29,0.039164,453.3,si
2022-08-30,-0.113783,-1316.9,si
2022-08-31,-0.017597,-203.7,si
2022-09-01,-0.091439,-1058.3,si
2022-09-02,-0.171955,-1990.2,si
2022-09-03,-0.054690,-633.0,si
2022-09-04,0.028938,334.9,si
2022-09-05,-0.188975,-2187.2,si
2022-09-06,-0.127191,-1472.1,si
2022-09-07,0.937779,10853.9,si
2022-09-08,0.360282,4169.9,si
2022-09-09,0.045486,526.5,si
2022-09-10,-0.052389,-606.3,si
2022-09-11,0.096534,1117.3,si
2022-09-12,-0.000454,-5.3,si
2022-09-13,-0.110717,-1281.4,si
2022-09-14,-0.140600,-1627.3,si
2022-09-15,-0.010923,-126.4,si
2022-09-16,0.768065,8889.6,si
2022-09-17,0.203996,2361.1,si
2022-09-18,-0.044915,-519.8,si
2022-09-19,-0.014185,-164.2,si
2022-09-20,-0.059492,-688.6,si
2022-09-21,0.313316,3626.3,si
2022-09-22,0.143765,1664.0,si
2022-09-23,-0.048697,-563.6,si
2022-09-24,-0.082724,-957.5,si
2022-09-25,-0.116692,-1350.6,si
2022-09-26,0.497190,5754.5,si
2022-09-27,-0.057261,-662.7,si
2022-09-28,0.175313,2029.1,si
2022-09-29,0.140481,1625.9,si
2022-09-30,0.279749,3237.8,si
2022-10-01,-0.044479,-514.8,si
2022-10-02,-0.233399,-2701.4,si
2022-10-03,-0.291917,-3378.7,si
2022-10-04,-0.227357,-2631.5,si
2022-10-05,0.109644,1269.0,si
2022-10-06,0.043285,501.0,si
2022-10-07,0.012038,139.3,si
2022-10-08,0.007952,92.0,si
2022-10-09,-0.258200,-2988.4,si
2022-10-10,-0.255044,-2951.9,si
2022-10-11,-0.203800,-2358.8,si
2022-10-12,-0.270614,-3132.1,si
2022-10-13,0.177919,2059.2,si
2022-10-14,0.123058,1424.3,si
2022-10-15,0.350868,4061.0,si
2022-10-16,0.231694,2681.6,si
2022-10-17,1.031851,11942.7,si
2022-10-18,0.979141,11332.6,si
2022-10-19,1.031518,11938.9,si
2022-10-20,0.288758,3342.1,si
2022-10-21,0.797926,9235.3,si
2022-10-22,0.134147,1552.6,si
2022-10-23,0.200573,2321.4,si
2022-10-24,0.123712,1431.9,si
2022-10-25,-0.022922,-265.3,si
2022-10-26,0.727855,8424.3,si
2022-10-27,0.320803,3713.0,si
2022-10-28,0.571108,6610.1,si
2022-10-29,0.039830,461.0,si
2022-10-30,-0.045380,-525.2,si
2022-10-31,0.101737,1177.5,si
2022-11-01,-0.039293,-454.8,si
2022-11-02,0.429616,4972.4,si
2022-11-03,-0.074361,-860.7,si
2022-11-04,-0.155704,-1802.1,si
2022-11-05,-0.224884,-2602.8,si
2022-11-06,0.427857,4952.1,si
2022-11-07,0.328529,3802.4,si
2022-11-08,0.544618,6303.5,si
2022-11-09,0.664892,7695.5,si
2022-11-10,0.498003,5763.9,si
2022-11-11,0.244535,2830.3,si
2022-11-12,0.764064,8843.3,si
2022-11-13,0.710120,8219.0,si
2022-11-14,1.181695,13677.0,si
2022-11-15,0.936623,10840.5,si
2022-11-16,0.409057,4734.5,si
2022-11-17,0.092664,1072.5,si
2022-11-18,0.101836,1178.7,si
2022-11-19,-0.099541,-1152.1,si
2022-11-20,-0.147677,-1709.2,si
2022-11-21,1.081766,12520.4,si
2022-11-22,1.315183,15222.0,si
2022-11-23,1.630310,18869.3,si
2022-11-24,0.954210,11044.1,si
2022-11-25,0.457927,5300.1,si
2022-11-26,0.518334,5999.2,si
2022-11-27,0.098899,1144.7,si
2022-11-28,1.704176,19724.3,si
2022-11-29,1.063841,12313.0,si
2022-11-30,0.528280,6114.4,si
2022-12-01,0.332457,3847.9,si
2022-12-02,0.256769,2971.9,si
2022-12-03,0.142603,1650.5,si
2022-12-04,0.354981,4108.6,si
2022-12-05,0.228530,2645.0,si
2022-12-06,0.678094,7848.3,si
2022-12-07,0.119097,1378.4,si
2022-12-08,0.052407,606.6,si
2022-12-09,0.022556,261.1,si
2022-12-10,0.029032,336.0,si
2022-12-11,0.085980,995.1,si
2022-12-12,0.029096,336.8,si
2022-12-13,-0.037720,-436.6,si
2022-12-14,0.014909,172.6,si
2022-12-15,-0.078380,-907.2,si
2022-12-16,-0.121405,-1405.2,si
2022-12-17,-0.129256,-1496.0,si
2022-12-18,-0.083039,-961.1,si
2022-12-19,-0.179240,-2074.5,si
2022-12-20,-0.212038,-2454.1,si
2022-12-21,-0.186543,-2159.1,si
2022-12-22,-0.170624,-1974.8,si
2022-12-23,-0.194426,-2250.3,si
2022-12-24,-0.215386,-2492.9,si
2022-12-25,-0.230005,-2662.1,si
2022-12-26,-0.222347,-2573.5,si
2022-12-27,0.009284,107.5,si
2022-12-28,0.027182,314.6,si
2022-12-29,0.045842,530.6,si
2022-12-30,-0.203076,-2350.4,si
2022-12-31,-0.143337,-1659.0,si
2023-01-01,-0.058202,-673.6,si
2023-01-02,-0.076871,-889.7,si
2023-01-03,0.556934,6446.0,si
2023-01-04,0.209774,2427.9,si
2023-01-05,0.048757,564.3,si
2023-01-06,0.348716,4036.1,si
2023-01-07,0.341584,3953.5,si
2023-01-08,0.130979,1516.0,si
2023-01-09,0.090570,1048.3,si
2023-01-10,0.024228,280.4,si
2023-01-11,-0.051460,-595.6,si
2023-01-12,-0.085543,-990.1,si
2023-01-13,-0.104362,-1207.9,si
2023-01-14,0.338808,3921.4,si
2023-01-15,0.033786,391.0,si
2023-01-16,-0.048700,-563.7,si
2023-01-17,0.021020,243.3,si
2023-01-18,0.088493,1024.2,si
2023-01-19,0.140724,1628.8,si
2023-01-20,0.182760,2115.3,si
2023-01-21,0.073496,850.6,si
2023-01-22,-0.135987,-1573.9,si
2023-01-23,-0.158231,-1831.4,si
2023-01-24,-0.136700,-1582.2,si
2023-01-25,-0.118104,-1366.9,si
2023-01-26,-0.104812,-1213.1,si
2023-01-27,-0.190130,-2200.6,si
2023-01-28,-0.170662,-1975.3,si
2023-01-29,-0.171437,-1984.2,si
2023-01-30,-0.158091,-1829.8,si
2023-01-31,-0.129137,-1494.6,si
2023-02-01,-0.102226,-1183.2,si
2023-02-02,0.099624,1153.1,si
2023-02-03,0.066726,772.3,si
2023-02-04,0.073677,852.7,si
2023-02-05,0.115919,1341.7,si
2023-02-06,0.123987,1435.0,si
2023-02-07,0.075694,876.1,si
2023-02-08,0.129176,1495.1,si
2023-02-09,0.059526,689.0,si
2023-02-10,0.106308,1230.4,si
2023-02-11,0.021437,248.1,si
2023-02-12,-0.010621,-122.9,si
2023-02-13,0.007969,92.2,si
2023-02-14,0.106864,1236.9,si
2023-02-15,0.107751,1247.1,si
2023-02-16,0.068809,796.4,si
2023-02-17,0.151981,1759.0,si
2023-02-18,0.035255,408.0,si
2023-02-19,0.018869,218.4,si
2023-02-20,0.034673,401.3,si
2023-02-21,0.074287,859.8,si
2023-02-22,0.066588,770.7,si
2023-02-23,0.974562,11279.7,si
2023-02-24,0.184006,2129.7,si
2023-02-25,0.078869,912.8,si
2023-02-26,0.115471,1336.5,si
2023-02-27,0.130750,1513.3,si
2023-02-28,0.139258,1611.8,si
2023-03-01,0.434844,5032.9,si
2023-03-02,-0.047108,-545.2,si
2023-03-03,-0.089389,-1034.6,si
2023-03-04,0.337400,3905.1,si
2023-03-05,0.140232,1623.1,si
2023-03-06,0.285139,3300.2,si
2023-03-07,0.454404,5259.3,si
2023-03-08,0.148145,1714.6,si
2023-03-09,0.161918,1874.1,si
2023-03-10,0.095208,1101.9,si
2023-03-11,0.125660,1454.4,si
2023-03-12,0.082727,957.5,si
2023-03-13,-0.011251,-130.2,si
2023-03-14,0.234098,2709.5,si
2023-03-15,0.494803,5726.9,si
2023-03-16,0.147893,1711.7,si
2023-03-17,0.208829,2417.0,si
2023-03-18,0.266486,3084.3,si
2023-03-19,0.000698,8.1,si
2023-03-20,-0.098339,-1138.2,si
2023-03-21,-0.007391,-85.5,si
2023-03-22,0.074536,862.7,si
2023-03-23,-0.076821,-889.1,si
2023-03-24,0.088075,1019.4,si
2023-03-25,-0.159338,-1844.2,si
2023-03-26,-0.038304,-443.3,si
2023-03-27,0.109104,1262.8,si
2023-03-28,-0.138807,-1606.6,si
2023-03-29,0.192814,2231.6,si
2023-03-30,-0.008436,-97.6,si
2023-03-31,-0.027296,-315.9,si
2023-04-01,-0.103532,-1198.3,si
2023-04-02,-0.256743,-2971.6,si
2023-04-03,-0.024159,-279.6,si
2023-04-04,0.430934,4987.7,si
2023-04-05,0.621645,7195.0,si
2023-04-06,-0.003043,-35.2,si
2023-04-07,-0.035999,-416.7,si
2023-04-08,-0.026416,-305.7,si
2023-04-09,-0.111329,-1288.5,si
2023-04-10,0.210990,2442.0,si
2023-04-11,0.024348,281.8,si
2023-04-12,0.089342,1034.0,si
2023-04-13,-0.167105,-1934.1,si
2023-04-14,-0.172165,-1992.6,si
2023-04-15,0.115817,1340.5,si
2023-04-16,-0.050167,-580.6,si
2023-04-17,0.637187,7374.8,si
2023-04-18,0.135521,1568.5,si
2023-04-19,0.151869,1757.7,si
2023-04-20,0.168502,1950.3,si
2023-04-21,-0.029975,-346.9,si
2023-04-22,0.043297,501.1,si
2023-04-23,-0.046449,-537.6,si
2023-04-24,0.051018,590.5,si
2023-04-25,-0.043860,-507.6,si
2023-04-26,0.040380,467.4,si
2023-04-27,0.159460,1845.6,si
2023-04-28,0.599175,6934.9,si
2023-04-29,0.515006,5960.7,si
2023-04-30,0.176911,2047.6,si
2023-05-01,-0.015264,-176.7,si
2023-05-02,-0.193050,-2234.4,si
2023-05-03,-0.276296,-3197.9,si
2023-05-04,-0.051278,-593.5,si
2023-05-05,0.022155,256.4,si
2023-05-06,-0.252884,-2926.9,si
2023-05-07,-0.277060,-3206.7,si
2023-05-08,-0.220967,-2557.5,si
2023-05-09,0.181009,2095.0,si
2023-05-10,-0.025339,-293.3,si
2023-05-11,-0.121398,-1405.1,si
2023-05-12,-0.323871,-3748.5,si
2023-05-13,-0.304100,-3519.7,si
2023-05-14,-0.294197,-3405.1,si
2023-05-15,-0.370707,-4290.6,si
2023-05-16,-0.055483,-642.2,si
2023-05-17,-0.259906,-3008.2,si
2023-05-18,-0.246002,-2847.2,si
2023-05-19,-0.290014,-3356.6,si
2023-05-20,-0.333185,-3856.3,si
2023-05-21,-0.275220,-3185.4,si
2023-05-22,0.623148,7212.4,si
2023-05-23,0.121567,1407.0,si
2023-05-24,1.003721,11617.1,si
2023-05-25,1.159504,13420.2,si
2023-05-26,0.930983,10775.3,si
2023-05-27,0.349731,4047.8,si
2023-05-28,0.348067,4028.6,si
2023-05-29,0.496573,5747.4,si
2023-05-30,0.411185,4759.1,si
2023-05-31,0.403198,4666.6,si
2023-06-01,0.776076,8982.4,si
2023-06-02,0.447847,5183.4,si
2023-06-03,1.358890,15727.9,si
2023-06-04,2.522372,29194.1,si
2023-06-05,1.961359,22700.9,si
2023-06-06,0.885925,10253.8,si
2023-06-07,0.973791,11270.7,si
2023-06-08,0.525447,6081.6,si
2023-06-09,1.078562,12483.4,si
2023-06-10,0.580779,6722.0,si
2023-06-11,0.358401,4148.2,si
2023-06-12,-0.007618,-88.2,si
2023-06-13,0.257594,2981.4,si
2023-06-14,0.461455,5340.9,si
2023-06-15,0.046108,533.7,si
2023-06-16,0.074614,863.6,si
2023-06-17,-0.138117,-1598.6,si
2023-06-18,-0.166380,-1925.7,si
2023-06-19,-0.264301,-3059.0,si
2023-06-20,-0.018338,-212.2,si
2023-06-21,-0.121601,-1407.4,si
2023-06-22,-0.233567,-2703.3,si
2023-06-23,0.289581,3351.6,si
2023-06-24,0.502934,5821.0,si
2023-06-25,0.326025,3773.4,si
2023-06-26,1.027176,11888.6,si
2023-06-27,0.174313,2017.5,si
2023-06-28,0.254338,2943.7,si
2023-06-29,0.561966,6504.2,si
2023-06-30,0.508908,5890.1,si
2023-07-01,0.161497,1869.2,si
2023-07-02,0.052015,602.0,si
2023-07-03,0.173400,2006.9,si
2023-07-04,0.214418,2481.7,si
2023-07-05,0.085036,984.2,si
2023-07-06,0.649532,7517.7,si
2023-07-07,0.027721,320.8,si
2023-07-08,0.219616,2541.8,si
2023-07-09,-0.008659,-100.2,si
2023-07-10,0.174091,2014.9,si
2023-07-11,0.167186,1935.0,si
2023-07-12,-0.147895,-1711.8,si
2023-07-13,0.906845,10495.9,si
2023-07-14,0.444121,5140.3,si
2023-07-15,0.295845,3424.1,si
2023-07-16,0.406158,4700.9,si
2023-07-17,0.267936,3101.1,si
2023-07-18,0.934437,10815.2,si
2023-07-19,0.420656,4868.7,si
2023-07-20,0.411683,4764.9,si
2023-07-21,-0.010208,-118.1,si
2023-07-22,-0.303117,-3508.3,si
2023-07-23,0.766755,8874.5,si
2023-07-24,0.001876,21.7,si
2023-07-25,-0.242137,-2802.5,si
2023-07-26,0.106997,1238.4,si
2023-07-27,-0.387186,-4481.3,si
2023-07-28,-0.433274,-5014.7,si
2023-07-29,-0.525227,-6079.0,si
2023-07-30,-0.566655,-6558.5,si
2023-07-31,0.137756,1594.4,si
2023-08-01,-0.284295,-3290.5,si
2023-08-02,1.169172,13532.1,si
2023-08-03,0.503002,5821.8,si
2023-08-04,-0.035750,-413.8,si
2023-08-05,-0.045068,-521.6,si
2023-08-06,-0.088730,-1027.0,si
2023-08-07,-0.236259,-2734.5,si
2023-08-08,-0.395906,-4582.2,si
2023-08-09,-0.474174,-5488.1,si
2023-08-10,-0.391142,-4527.1,si
2023-08-11,0.160564,1858.4,si
2023-08-12,-0.346533,-4010.8,si
2023-08-13,-0.338759,-3920.8,si
2023-08-14,-0.337948,-3911.4,si
2023-08-15,-0.492376,-5698.8,si
2023-08-16,-0.270279,-3128.2,si
2023-08-17,-0.263495,-3049.7,si
2023-08-18,-0.581057,-6725.2,si
2023-08-19,-0.553050,-6401.0,si
2023-08-20,-0.155894,-1804.3,si
2023-08-21,1.154102,13357.7,si
2023-08-22,0.465697,5390.0,si
2023-08-23,-0.003235,-37.4,si
2023-08-24,-0.262190,-3034.6,si
2023-08-25,-0.354165,-4099.1,si
2023-08-26,-0.460593,-5330.9,si
2023-08-27,-0.563053,-6516.8,si
2023-08-28,-0.386038,-4468.0,si
2023-08-29,-0.458535,-5307.1,si
2023-08-30,-0.581052,-6725.1,si
2023-08-31,-0.622659,-7206.7,si
2023-09-01,-0.682918,-7904.1,si
2023-09-02,-0.496301,-5744.2,si
2023-09-03,-0.462638,-5354.6,si
2023-09-04,-0.316703,-3665.5,si
2023-09-05,-0.362817,-4199.3,si
2023-09-06,-0.535046,-6192.7,si
2023-09-07,-0.609326,-7052.4,si
2023-09-08,-0.739670,-8561.0,si
2023-09-09,-0.177532,-2054.8,si
2023-09-10,-0.384177,-4446.5,si
2023-09-11,-0.578840,-6699.5,si
2023-09-12,-0.442324,-5119.5,si
2023-09-13,-0.664755,-7693.9,si
2023-09-14,-0.708580,-8201.2,si
2023-09-15,-0.642437,-7435.6,si
2023-09-16,-0.427826,-4951.7,si
2023-09-17,-0.377023,-4363.7,si
2023-09-18,-0.379426,-4391.5,si
2023-09-19,-0.422953,-4895.3,si
2023-09-20,-0.459727,-5320.9,si
2023-09-21,-0.407448,-4715.8,si
2023-09-22,-0.237919,-2753.7,si
2023-09-23,-0.197007,-2280.2,si
2023-09-24,-0.287634,-3329.1,si
2023-09-25,-0.394136,-4561.8,si
2023-09-26,-0.174676,-2021.7,si
2023-09-27,0.158559,1835.2,si
2023-09-28,-0.176812,-2046.4,si
2023-09-29,-0.217083,-2512.5,si
2023-09-30,-0.108055,-1250.6,si
2023-10-01,-0.226130,-2617.2,si
2023-10-02,-0.339784,-3932.7,si
2023-10-03,-0.386686,-4475.5,si
2023-10-04,-0.221906,-2568.4,si
2023-10-05,-0.307323,-3557.0,si
2023-10-06,-0.311345,-3603.5,si
2023-10-07,-0.349271,-4042.5,si
2023-10-08,0.029745,344.3,si
2023-10-09,-0.314674,-3642.1,si
2023-10-10,-0.226837,-2625.4,si
2023-10-11,-0.220905,-2556.8,si
2023-10-12,-0.268158,-3103.7,si
2023-10-13,-0.231867,-2683.7,si
2023-10-14,-0.281992,-3263.8,si
2023-10-15,-0.353361,-4089.8,si
2023-10-16,-0.266470,-3084.1,si
2023-10-17,-0.261089,-3021.9,si
2023-10-18,-0.280445,-3245.9,si
2023-10-19,-0.244522,-2830.1,si
2023-10-20,-0.231154,-2675.4,si
2023-10-21,-0.277996,-3217.5,si
2023-10-22,-0.284751,-3295.7,si
2023-10-23,-0.239983,-2777.6,si
2023-10-24,-0.224021,-2592.8,si
2023-10-25,0.069373,802.9,si
2023-10-26,-0.116530,-1348.7,si
2023-10-27,-0.147440,-1706.5,si
2023-10-28,1.058080,12246.3,si
2023-10-29,2.396982,27742.8,si
2023-10-30,1.276014,14768.7,si
2023-10-31,1.299226,15037.3,si
2023-11-01,0.757888,8771.9,si
2023-11-02,0.655261,7584.0,si
2023-11-03,0.282282,3267.2,si
2023-11-04,0.288589,3340.1,si
2023-11-05,0.255481,2957.0,si
2023-11-06,0.187550,2170.7,si
2023-11-07,0.012039,139.3,si
2023-11-08,-0.010586,-122.5,si
2023-11-09,0.067716,783.8,si
2023-11-10,-0.084615,-979.3,si
2023-11-11,-0.090844,-1051.4,si
2023-11-12,-0.115568,-1337.6,si
2023-11-13,-0.110887,-1283.4,si
2023-11-14,-0.110966,-1284.3,si
2023-11-15,-0.156840,-1815.3,si
2023-11-16,-0.035903,-415.5,si
2023-11-17,0.208348,2411.4,si
2023-11-18,-0.048019,-555.8,si
2023-11-19,0.005693,65.9,si
2023-11-20,-0.017031,-197.1,si
2023-11-21,-0.018668,-216.1,si
2023-11-22,-0.135214,-1565.0,si
2023-11-23,-0.086355,-999.5,si
2023-11-24,-0.096148,-1112.8,si
2023-11-25,-0.084081,-973.2,si
2023-11-26,0.046155,534.2,si
2023-11-27,0.041056,475.2,si
2023-11-28,-0.102669,-1188.3,si
2023-11-29,-0.094455,-1093.2,si
2023-11-30,-0.167978,-1944.2,si
2023-12-01,-0.171230,-1981.8,si
2023-12-02,0.063681,737.0,si
2023-12-03,-0.013468,-155.9,si
2023-12-04,0.032327,374.2,si
2023-12-05,0.007300,84.5,si
2023-12-06,0.020058,232.1,si
2023-12-07,0.010853,125.6,si
2023-12-08,0.046815,541.8,si
2023-12-09,0.124488,1440.8,si
2023-12-10,0.162004,1875.0,si
2023-12-11,0.111788,1293.8,si
2023-12-12,0.171667,1986.9,si
2023-12-13,0.121072,1401.3,si
2023-12-14,0.129894,1503.4,si
2023-12-15,0.104640,1211.1,si
2023-12-16,0.090830,1051.3,si
2023-12-17,0.081887,947.8,si
2023-12-18,0.160071,1852.7,si
2023-12-19,0.115345,1335.0,si
2023-12-20,0.021687,251.0,si
2023-12-21,0.051711,598.5,si
2023-12-22,0.071645,829.2,si
2023-12-23,0.092856,1074.7,si
2023-12-24,0.033693,390.0,si
2023-12-25,0.045579,527.5,si
2023-12-26,0.043465,503.1,si
2023-12-27,0.121440,1405.6,si
2023-12-28,0.094392,1092.5,si
2023-12-29,0.094681,1095.9,si
2023-12-30,0.047355,548.1,si
2023-12-31,0.117090,1355.2,si
2024-01-01,0.063987,740.6,si
2024-01-02,0.180732,2091.8,si
2024-01-03,0.181274,2098.1,si
2024-01-04,0.157192,1819.4,si
2024-01-05,0.135308,1566.1,si
2024-01-06,0.154881,1792.6,si
2024-01-07,0.173228,2005.0,si
2024-01-08,0.218110,2524.4,si
2024-01-09,0.192757,2231.0,si
2024-01-10,0.227968,2638.5,si
2024-01-11,0.209283,2422.3,si
2024-01-12,0.190730,2207.5,si
2024-01-13,0.184728,2138.1,si
2024-01-14,0.172749,1999.4,si
2024-01-15,0.178981,2071.5,si
2024-01-16,0.269997,3125.0,si
2024-01-17,0.304184,3520.6,si
2024-01-18,0.235177,2722.0,si
2024-01-19,0.175952,2036.5,si
2024-01-20,0.256552,2969.3,si
2024-01-21,0.265003,3067.2,si
2024-01-22,0.166665,1929.0,si
2024-01-23,0.154429,1787.4,si
2024-01-24,0.183948,2129.0,si
2024-01-25,0.209682,2426.9,si
2024-01-26,0.229913,2661.0,si
2024-01-27,0.152866,1769.3,si
2024-01-28,0.178700,2068.3,si
2024-01-29,0.184400,2134.3,si
2024-01-30,0.203106,2350.8,si
2024-01-31,0.236233,2734.2,si
2024-02-01,0.413710,4788.3,si
2024-02-02,0.152733,1767.7,si
2024-02-03,0.341931,3957.5,si
2024-02-04,0.153171,1772.8,si
2024-02-05,0.182530,2112.6,si
2024-02-06,0.193289,2237.1,si
2024-02-07,0.148707,1721.1,si
2024-02-08,0.294027,3403.1,si
2024-02-09,0.307993,3564.7,si
2024-02-10,0.225264,2607.2,si
2024-02-11,0.104537,1209.9,si
2024-02-12,0.067286,778.8,si
2024-02-13,0.093877,1086.5,si
2024-02-14,0.191914,2221.2,si
2024-02-15,0.193857,2243.7,si
2024-02-16,0.156036,1806.0,si
2024-02-17,0.130786,1513.7,si
2024-02-18,0.097465,1128.1,si
2024-02-19,0.096999,1122.7,si
2024-02-20,0.110590,1280.0,si
2024-02-21,0.159225,1842.9,si
2024-02-22,0.166961,1932.4,si
2024-02-23,0.084235,974.9,si
2024-02-24,0.127660,1477.5,si
2024-02-25,0.082939,959.9,si
2024-02-26,0.123379,1428.0,si
2024-02-27,0.147197,1703.7,si
2024-02-28,0.119788,1386.4,si
2024-02-29,0.132223,1530.4,si
2024-03-01,0.138800,1606.5,si
2024-03-02,-0.008036,-93.0,si
2024-03-03,0.111073,1285.6,si
2024-03-04,0.087716,1015.2,si
2024-03-05,0.092105,1066.0,si
2024-03-06,0.185556,2147.6,si
2024-03-07,0.162373,1879.3,si
2024-03-08,0.042811,495.5,si
2024-03-09,0.114549,1325.8,si
2024-03-10,0.113415,1312.7,si
2024-03-11,0.210937,2441.4,si
2024-03-12,0.133085,1540.3,si
2024-03-13,0.262748,3041.1,si
2024-03-14,0.091336,1057.1,si
2024-03-15,0.002472,28.6,si
2024-03-16,0.087933,1017.7,si
2024-03-17,0.094494,1093.7,si
2024-03-18,0.254094,2940.9,si
2024-03-19,0.050217,581.2,si
2024-03-20,0.032845,380.1,si
2024-03-21,0.023461,271.5,si
2024-03-22,0.075284,871.3,si
2024-03-23,0.064695,748.8,si
2024-03-24,0.021125,244.5,si
2024-03-25,0.138064,1598.0,si
2024-03-26,0.057240,662.5,si
2024-03-27,0.132874,1537.9,si
2024-03-28,0.043840,507.4,si
2024-03-29,0.151503,1753.5,si
2024-03-30,0.146117,1691.2,si
2024-03-31,0.079683,922.3,si
2024-04-01,0.145413,1683.0,si
2024-04-02,-0.229966,-2661.6,si
2024-04-03,-0.106492,-1232.5,si
2024-04-04,-0.068672,-794.8,si
2024-04-05,-0.044993,-520.8,si
2024-04-06,-0.252369,-2920.9,si
2024-04-07,-0.223612,-2588.1,si
2024-04-08,-0.266862,-3088.7,si
2024-04-09,-0.401578,-4647.9,si
2024-04-10,-0.369379,-4275.2,si
2024-04-11,-0.334746,-3874.4,si
2024-04-12,-0.357192,-4134.2,si
2024-04-13,-0.344768,-3990.4,si
2024-04-14,-0.271593,-3143.4,si
2024-04-15,-0.229750,-2659.1,si
2024-04-16,-0.216200,-2502.3,si
2024-04-17,-0.028768,-333.0,si
2024-04-18,0.003302,38.2,si
2024-04-19,-0.070828,-819.8,si
2024-04-20,-0.004384,-50.7,si
2024-04-21,0.332100,3843.8,si
2024-04-22,-0.225885,-2614.4,si
2024-04-23,-0.254856,-2949.7,si
2024-04-24,-0.026490,-306.6,si
2024-04-25,-0.130332,-1508.5,si
2024-04-26,0.404513,4681.9,si
2024-04-27,-0.058991,-682.8,si
2024-04-28,1.630257,18868.7,si
2024-04-29,0.251385,2909.5,si
2024-04-30,0.030078,348.1,si
2024-05-01,-0.068160,-788.9,si
2024-05-02,-0.345302,-3996.5,si
2024-05-03,-0.332450,-3847.8,si
2024-05-04,0.845704,9788.2,si
2024-05-05,-0.151214,-1750.2,si
2024-05-06,-0.246355,-2851.3,si
2024-05-07,-0.327344,-3788.7,si
2024-05-08,0.355118,4110.2,si
2024-05-09,-0.191020,-2210.9,si
2024-05-10,0.457418,5294.2,si
2024-05-11,-0.239800,-2775.5,si
2024-05-12,0.239472,2771.7,si
2024-05-13,-0.216542,-2506.3,si
2024-05-14,-0.268482,-3107.4,si
2024-05-15,-0.256825,-2972.5,si
2024-05-16,0.103832,1201.8,si
2024-05-17,-0.096630,-1118.4,si
2024-05-18,-0.291271,-3371.2,si
2024-05-19,-0.312471,-3616.6,si
2024-05-20,-0.421005,-4872.7,si
2024-05-21,-0.404342,-4679.9,si
2024-05-22,-0.331715,-3839.3,si
2024-05-23,0.662700,7670.1,si
2024-05-24,-0.164895,-1908.5,si
2024-05-25,-0.269591,-3120.3,si
2024-05-26,-0.235645,-2727.4,si
2024-05-27,-0.281404,-3257.0,si
2024-05-28,1.301866,15067.9,si
2024-05-29,0.009426,109.1,si
2024-05-30,0.025981,300.7,si
2024-05-31,-0.224482,-2598.2,si
2024-06-01,-0.273906,-3170.2,si
2024-06-02,0.001957,22.7,si
2024-06-03,1.876643,21720.4,si
2024-06-04,1.962473,22713.8,si
2024-06-05,0.494043,5718.1,si
2024-06-06,0.271017,3136.8,si
2024-06-07,0.000124,1.4,si
2024-06-08,-0.113244,-1310.7,si
2024-06-09,-0.135344,-1566.5,si
2024-06-10,-0.057669,-667.5,si
2024-06-11,-0.186867,-2162.8,si
2024-06-12,-0.327972,-3796.0,si
2024-06-13,-0.347708,-4024.4,si
2024-06-14,-0.337535,-3906.7,si
2024-06-15,-0.379384,-4391.0,si
2024-06-16,0.443469,5132.7,si
2024-06-17,-0.041947,-485.5,si
2024-06-18,-0.255620,-2958.6,si
2024-06-19,0.038027,440.1,si
2024-06-20,-0.096086,-1112.1,si
2024-06-21,-0.306930,-3552.4,si
2024-06-22,1.242402,14379.7,si
2024-06-23,0.103682,1200.0,si
2024-06-24,0.019241,222.7,si
2024-06-25,0.944243,10928.7,si
2024-06-26,0.296665,3433.6,si
2024-06-27,-0.047728,-552.4,si
2024-06-28,-0.177180,-2050.7,si
2024-06-29,-0.146993,-1701.3,si
2024-06-30,0.425569,4925.6,si
2024-07-01,0.093918,1087.0,si
2024-07-02,-0.018163,-210.2,si
2024-07-03,-0.051438,-595.3,si
2024-07-04,1.383331,16010.8,si
2024-07-05,0.236413,2736.3,si
2024-07-06,0.059176,684.9,si
2024-07-07,-0.049104,-568.3,si
2024-07-08,-0.059354,-687.0,si
2024-07-09,-0.113894,-1318.2,si
2024-07-10,-0.153019,-1771.1,si
2024-07-11,-0.174149,-2015.6,si
2024-07-12,-0.016377,-189.5,si
2024-07-13,-0.249911,-2892.5,si
2024-07-14,-0.069728,-807.0,si
2024-07-15,-0.274661,-3178.9,si
2024-07-16,-0.278106,-3218.8,si
2024-07-17,-0.226571,-2622.3,si
2024-07-18,-0.263192,-3046.2,si
2024-07-19,-0.251385,-2909.6,si
2024-07-20,-0.254053,-2940.4,si
2024-07-21,-0.336077,-3889.8,si
2024-07-22,-0.322347,-3730.9,si
2024-07-23,-0.133662,-1547.0,si
2024-07-24,-0.144941,-1677.6,si
2024-07-25,-0.267388,-3094.8,si
2024-07-26,-0.323675,-3746.2,si
2024-07-27,-0.256592,-2969.8,si
2024-07-28,-0.341111,-3948.0,si
2024-07-29,-0.313130,-3624.2,si
2024-07-30,0.565938,6550.2,si
2024-07-31,0.810985,9386.4,si
2024-08-01,0.009244,107.0,si
2024-08-02,0.182027,2106.8,si
2024-08-03,0.094224,1090.6,si
2024-08-04,0.065171,754.3,si
2024-08-05,0.170706,1975.8,si
2024-08-06,0.038876,449.9,si
2024-08-07,0.016147,186.9,si
2024-08-08,0.324365,3754.2,si
2024-08-09,0.103068,1192.9,si
2024-08-10,0.062620,724.8,si
2024-08-11,0.039704,459.5,si
2024-08-12,0.030926,357.9,si
2024-08-13,0.039074,452.2,si
2024-08-14,0.088985,1029.9,si
2024-08-15,-0.017470,-202.2,si
2024-08-16,-0.129802,-1502.3,si
2024-08-17,-0.113207,-1310.3,si
2024-08-18,-0.053257,-616.4,si
2024-08-19,-0.046874,-542.5,si
2024-08-20,0.225514,2610.1,si
2024-08-21,0.042122,487.5,si
2024-08-22,-0.083392,-965.2,si
2024-08-23,-0.011715,-135.6,si
2024-08-24,0.017168,198.7,si
2024-08-25,0.423043,4896.3,si
2024-08-26,-0.030373,-351.5,si
2024-08-27,-0.050601,-585.7,si
2024-08-28,0.257509,2980.4,si
2024-08-29,-0.006754,-78.2,si
2024-08-30,-0.024389,-282.3,si
2024-08-31,-0.024780,-286.8,si
2024-09-01,-0.047996,-555.5,si
2024-09-02,0.071568,828.3,si
2024-09-03,-0.113219,-1310.4,si
2024-09-04,-0.143357,-1659.2,si
2024-09-05,-0.101074,-1169.8,si
2024-09-06,-0.151892,-1758.0,si
2024-09-07,-0.195266,-2260.0,si
2024-09-08,-0.168094,-1945.5,si
2024-09-09,-0.205121,-2374.1,si
2024-09-10,-0.124419,-1440.0,si
2024-09-11,-0.101555,-1175.4,si
2024-09-12,-0.189790,-2196.6,si
2024-09-13,-0.187289,-2167.7,si
2024-09-14,-0.126590,-1465.2,si
2024-09-15,-0.101074,-1169.8,si
2024-09-16,-0.098453,-1139.5,si
2024-09-17,0.060562,701.0,si
2024-09-18,0.158333,1832.6,si
2024-09-19,-0.143676,-1662.9,si
2024-09-20,-0.093887,-1086.7,si
2024-09-21,-0.101419,-1173.8,si
2024-09-22,-0.137018,-1585.9,si
2024-09-23,-0.125571,-1453.4,si
2024-09-24,-0.144471,-1672.1,si
2024-09-25,-0.132528,-1533.9,si
2024-09-26,-0.159799,-1849.5,si
2024-09-27,0.015092,174.7,si
2024-09-28,0.711294,8232.6,si
2024-09-29,1.500700,17369.2,si
2024-09-30,0.174352,2018.0,si
2024-10-01,,,no
2024-10-02,,,no
2024-10-03,,,no
2024-10-04,,,no
2024-10-05,,,no
2024-10-06,,,no
2024-10-07,,,no
2024-10-08,,,no
2024-10-09,,,no
2024-10-10,,,no
2024-10-11,,,no
2024-10-12,,,no
2024-10-13,,,no
2024-10-14,,,no
2024-10-15,,,no
2024-10-16,,,no
2024-10-17,,,no
2024-10-18,,,no
2024-10-19,,,no
2024-10-20,,,no
2024-10-21,,,no
2024-10-22,,,no
2024-10-23,,,no
2024-10-24,,,no
2024-10-25,,,no
2024-10-26,,,no
2024-10-27,,,no
2024-10-28,,,no
2024-10-29,,,no
2024-10-30,,,no
2024-10-31,-0.153402,-1775.5,si
2024-11-01,0.272826,3157.7,si
2024-11-02,0.835848,9674.2,si
2024-11-03,0.545738,6316.4,si
2024-11-04,-0.128792,-1490.7,si
2024-11-05,0.164585,1904.9,si
2024-11-06,1.367256,15824.7,si
2024-11-07,1.795211,20777.9,si
2024-11-08,0.968449,11208.9,si
2024-11-09,1.509519,17471.3,si
2024-11-10,1.658369,19194.1,si
2024-11-11,0.623230,7213.3,si
2024-11-12,0.271271,3139.7,si
2024-11-13,0.084000,972.2,si
2024-11-14,-0.043534,-503.9,si
2024-11-15,-0.096204,-1113.5,si
2024-11-16,-0.154958,-1793.5,si
2024-11-17,-0.041071,-475.4,si
2024-11-18,-0.244788,-2833.2,si
2024-11-19,-0.169298,-1959.5,si
2024-11-20,-0.196572,-2275.1,si
2024-11-21,-0.083682,-968.5,si
2024-11-22,0.291497,3373.8,si
2024-11-23,-0.083318,-964.3,si
2024-11-24,-0.230112,-2663.3,si
2024-11-25,-0.182627,-2113.7,si
2024-11-26,-0.244339,-2828.0,si
2024-11-27,-0.186436,-2157.8,si
2024-11-28,-0.152994,-1770.8,si
2024-11-29,-0.278789,-3226.7,si
2024-11-30,-0.236030,-2731.8,si
2024-12-01,-0.273035,-3160.1,si
2024-12-02,-0.203299,-2353.0,si
2024-12-03,-0.161127,-1864.9,si
2024-12-04,-0.189266,-2190.6,si
2024-12-05,-0.200170,-2316.8,si
2024-12-06,-0.176586,-2043.8,si
2024-12-07,-0.216171,-2502.0,si
2024-12-08,-0.152038,-1759.7,si
2024-12-09,-0.187532,-2170.5,si
2024-12-10,-0.170440,-1972.7,si
2024-12-11,-0.112214,-1298.8,si
2024-12-12,-0.162248,-1877.9,si
2024-12-13,-0.153709,-1779.0,si
2024-12-14,-0.178643,-2067.6,si
2024-12-15,-0.211970,-2453.4,si
2024-12-16,-0.212347,-2457.7,si
2024-12-17,-0.160452,-1857.1,si
2024-12-18,-0.249827,-2891.5,si
2024-12-19,-0.277371,-3210.3,si
2024-12-20,-0.164773,-1907.1,si
2024-12-21,-0.227614,-2634.4,si
2024-12-22,-0.246949,-2858.2,si
2024-12-23,-0.264534,-3061.7,si
2024-12-24,-0.276677,-3202.3,si
2024-12-25,-0.239037,-2766.6,si
2024-12-26,-0.063725,-737.6,si
2024-12-27,-0.207301,-2399.3,si
2024-12-28,-0.191503,-2216.5,si
2024-12-29,-0.244186,-2826.2,si
2024-12-30,-0.194605,-2252.4,si
2024-12-31,-0.195548,-2263.3,si
